tipo;ruta;detalle
vacio;00_CONTROL\.ig-profile\Crashpad\metadata;0 bytes
vacio;00_CONTROL\.ig-profile\Default\Account Web Data-journal;0 bytes
vacio;00_CONTROL\.ig-profile\Default\AdBlock Custom Resources\000003.log;0 bytes
vacio;00_CONTROL\.ig-profile\Default\AdBlock Custom Resources\LOCK;0 bytes
vacio;00_CONTROL\.ig-profile\Default\Affiliation Database-journal;0 bytes
vacio;00_CONTROL\.ig-profile\Default\AutofillStrikeDatabase\LOCK;0 bytes
vacio;00_CONTROL\.ig-profile\Default\AutofillStrikeDatabase\LOG;0 bytes
vacio;00_CONTROL\.ig-profile\Default\AutofillStrikeDatabase\LOG.old;0 bytes
vacio;00_CONTROL\.ig-profile\Default\BraveWallet\Brave Wallet Storage\000003.log;0 bytes
vacio;00_CONTROL\.ig-profile\Default\BraveWallet\Brave Wallet Storage\LOCK;0 bytes
vacio;00_CONTROL\.ig-profile\Default\BudgetDatabase\LOCK;0 bytes
vacio;00_CONTROL\.ig-profile\Default\BudgetDatabase\LOG;0 bytes
vacio;00_CONTROL\.ig-profile\Default\BudgetDatabase\LOG.old;0 bytes
vacio;00_CONTROL\.ig-profile\Default\ClientCertificates\LOCK;0 bytes
vacio;00_CONTROL\.ig-profile\Default\ClientCertificates\LOG;0 bytes
vacio;00_CONTROL\.ig-profile\Default\ClientCertificates\LOG.old;0 bytes
vacio;00_CONTROL\.ig-profile\Default\Download Service\EntryDB\LOCK;0 bytes
vacio;00_CONTROL\.ig-profile\Default\Download Service\EntryDB\LOG;0 bytes
vacio;00_CONTROL\.ig-profile\Default\Download Service\EntryDB\LOG.old;0 bytes
vacio;00_CONTROL\.ig-profile\Default\Extension Cookies-journal;0 bytes
vacio;00_CONTROL\.ig-profile\Default\Extension Rules\LOCK;0 bytes
vacio;00_CONTROL\.ig-profile\Default\Extension Scripts\LOCK;0 bytes
vacio;00_CONTROL\.ig-profile\Default\Extension State\LOCK;0 bytes
vacio;00_CONTROL\.ig-profile\Default\Favicons-journal;0 bytes
vacio;00_CONTROL\.ig-profile\Default\Feature Engagement Tracker\AvailabilityDB\LOCK;0 bytes
vacio;00_CONTROL\.ig-profile\Default\Feature Engagement Tracker\AvailabilityDB\LOG;0 bytes
vacio;00_CONTROL\.ig-profile\Default\Feature Engagement Tracker\AvailabilityDB\LOG.old;0 bytes
vacio;00_CONTROL\.ig-profile\Default\Feature Engagement Tracker\EventDB\LOCK;0 bytes
vacio;00_CONTROL\.ig-profile\Default\Feature Engagement Tracker\EventDB\LOG;0 bytes
vacio;00_CONTROL\.ig-profile\Default\Feature Engagement Tracker\EventDB\LOG.old;0 bytes
vacio;00_CONTROL\.ig-profile\Default\GCM Store\Encryption\000003.log;0 bytes
vacio;00_CONTROL\.ig-profile\Default\GCM Store\Encryption\LOCK;0 bytes
vacio;00_CONTROL\.ig-profile\Default\History-journal;0 bytes
vacio;00_CONTROL\.ig-profile\Default\IndexedDB\https_mail.google.com_0.indexeddb.leveldb\000004.log;0 bytes
vacio;00_CONTROL\.ig-profile\Default\IndexedDB\https_mail.google.com_0.indexeddb.leveldb\LOCK;0 bytes
vacio;00_CONTROL\.ig-profile\Default\IndexedDB\https_meet.google.com_0.indexeddb.leveldb\LOCK;0 bytes
vacio;00_CONTROL\.ig-profile\Default\IndexedDB\https_www.milanuncios.com_0.indexeddb.leveldb\LOCK;0 bytes
vacio;00_CONTROL\.ig-profile\Default\LOCK;0 bytes
vacio;00_CONTROL\.ig-profile\Default\LOG;0 bytes
vacio;00_CONTROL\.ig-profile\Default\LOG.old;0 bytes
vacio;00_CONTROL\.ig-profile\Default\Local Storage\leveldb\LOCK;0 bytes
vacio;00_CONTROL\.ig-profile\Default\Login Data For Account-journal;0 bytes
vacio;00_CONTROL\.ig-profile\Default\Login Data-journal;0 bytes
vacio;00_CONTROL\.ig-profile\Default\MediaDeviceSalts-journal;0 bytes
vacio;00_CONTROL\.ig-profile\Default\Network Action Predictor-journal;0 bytes
vacio;00_CONTROL\.ig-profile\Default\Network\Cookies-journal;0 bytes
vacio;00_CONTROL\.ig-profile\Default\Network\Device Bound Sessions-journal;0 bytes
vacio;00_CONTROL\.ig-profile\Default\Network\NetworkDataMigrated;0 bytes
vacio;00_CONTROL\.ig-profile\Default\Network\Reporting and NEL-journal;0 bytes
vacio;00_CONTROL\.ig-profile\Default\Network\Trust Tokens-journal;0 bytes
vacio;00_CONTROL\.ig-profile\Default\PersistentOriginTrials\LOCK;0 bytes
vacio;00_CONTROL\.ig-profile\Default\PersistentOriginTrials\LOG;0 bytes
vacio;00_CONTROL\.ig-profile\Default\PersistentOriginTrials\LOG.old;0 bytes
vacio;00_CONTROL\.ig-profile\Default\Safe Browsing Network\NetworkDataMigrated;0 bytes
vacio;00_CONTROL\.ig-profile\Default\ServerCertificate-journal;0 bytes
vacio;00_CONTROL\.ig-profile\Default\Service Worker\Database\LOCK;0 bytes
vacio;00_CONTROL\.ig-profile\Default\Session Storage\LOCK;0 bytes
vacio;00_CONTROL\.ig-profile\Default\Shared Dictionary\db-journal;0 bytes
vacio;00_CONTROL\.ig-profile\Default\Shortcuts-journal;0 bytes
vacio;00_CONTROL\.ig-profile\Default\Site Characteristics Database\LOCK;0 bytes
vacio;00_CONTROL\.ig-profile\Default\Sync Data\LevelDB\LOCK;0 bytes
vacio;00_CONTROL\.ig-profile\Default\Top Sites-journal;0 bytes
vacio;00_CONTROL\.ig-profile\Default\VideoDecodeStats\LOCK;0 bytes
vacio;00_CONTROL\.ig-profile\Default\VideoDecodeStats\LOG;0 bytes
vacio;00_CONTROL\.ig-profile\Default\VideoDecodeStats\LOG.old;0 bytes
vacio;00_CONTROL\.ig-profile\Default\Web Data-journal;0 bytes
vacio;00_CONTROL\.ig-profile\Default\WebStorage\QuotaManager-journal;0 bytes
vacio;00_CONTROL\.ig-profile\Default\WebrtcVideoStats\LOCK;0 bytes
vacio;00_CONTROL\.ig-profile\Default\WebrtcVideoStats\LOG;0 bytes
vacio;00_CONTROL\.ig-profile\Default\ads_service\database.sqlite-journal;0 bytes
vacio;00_CONTROL\.ig-profile\Default\chrome_cart_db\LOCK;0 bytes
vacio;00_CONTROL\.ig-profile\Default\chrome_cart_db\LOG;0 bytes
vacio;00_CONTROL\.ig-profile\Default\chrome_cart_db\LOG.old;0 bytes
vacio;00_CONTROL\.ig-profile\Default\commerce_subscription_db\LOCK;0 bytes
vacio;00_CONTROL\.ig-profile\Default\commerce_subscription_db\LOG;0 bytes
vacio;00_CONTROL\.ig-profile\Default\commerce_subscription_db\LOG.old;0 bytes
vacio;00_CONTROL\.ig-profile\Default\declarative_performance_observer.db-journal;0 bytes
vacio;00_CONTROL\.ig-profile\Default\discount_infos_db\LOCK;0 bytes
vacio;00_CONTROL\.ig-profile\Default\discount_infos_db\LOG;0 bytes
vacio;00_CONTROL\.ig-profile\Default\discount_infos_db\LOG.old;0 bytes
vacio;00_CONTROL\.ig-profile\Default\discounts_db\LOCK;0 bytes
vacio;00_CONTROL\.ig-profile\Default\discounts_db\LOG;0 bytes
vacio;00_CONTROL\.ig-profile\Default\discounts_db\LOG.old;0 bytes
vacio;00_CONTROL\.ig-profile\Default\heavy_ad_intervention_opt_out.db-journal;0 bytes
vacio;00_CONTROL\.ig-profile\Default\parcel_tracking_db\LOCK;0 bytes
vacio;00_CONTROL\.ig-profile\Default\parcel_tracking_db\LOG;0 bytes
vacio;00_CONTROL\.ig-profile\Default\parcel_tracking_db\LOG.old;0 bytes
vacio;00_CONTROL\.ig-profile\Default\shared_proto_db\LOCK;0 bytes
vacio;00_CONTROL\.ig-profile\Default\shared_proto_db\metadata\LOCK;0 bytes
vacio;00_CONTROL\.ig-profile\First Run;0 bytes
vacio;00_CONTROL\.ig-profile\GPUPersistentCache\DawnGraphiteCache\3VTFBHJDFNU2V4IGSN4IATDSGV2NT3ME\cache.db;0 bytes
vacio;00_CONTROL\.ig-profile\GPUPersistentCache\DawnGraphiteCache\3VTFBHJDFNU2V4IGSN4IATDSGV2NT3ME\cache.db-wal;0 bytes
vacio;00_CONTROL\.ig-profile\GPUPersistentCache\DawnGraphiteCache\3VTFBHJDFNU2V4IGSN4IATDSGV2NT3ME\cache.journal;0 bytes
vacio;AUDITORIA_GLOBAL\OTROS DOCUMENTOS POR ORDENAR\MARC_IMAGENES;0 bytes
vacio;MARC\01_Contexto_Alineacion\Plan_Marc_Operativo_Final.md;0 bytes
nombre;00_CONTROL\.ig-profile\Default\Service Worker\CacheStorage\2348e52d6de9218df880d9a88ad6a5d8c2c9555c\a8cbccc6-0d68-4f67-b14f-393c3644e9ce\8f115e7edf3edaea_0;ruta-larga
nombre;00_CONTROL\.ig-profile\Default\Service Worker\CacheStorage\2348e52d6de9218df880d9a88ad6a5d8c2c9555c\a8cbccc6-0d68-4f67-b14f-393c3644e9ce\index-dir\the-real-index;ruta-larga
nombre;00_CONTROL\.ig-profile\Default\Service Worker\CacheStorage\2348e52d6de9218df880d9a88ad6a5d8c2c9555c\aae15319-fb8f-4c94-9164-2f43e46029f3\b23c6762cf5da770_0;ruta-larga
nombre;00_CONTROL\.ig-profile\Default\Service Worker\CacheStorage\2348e52d6de9218df880d9a88ad6a5d8c2c9555c\aae15319-fb8f-4c94-9164-2f43e46029f3\index-dir\the-real-index;ruta-larga
nombre;00_CONTROL\.ig-profile\Default\Service Worker\CacheStorage\579544fd7d0441717f082c9eb123588966aa57ac\376dad3c-7575-4414-bf91-0951222264d0\29213d2ab33b53bc_0;ruta-larga
nombre;00_CONTROL\.ig-profile\Default\Service Worker\CacheStorage\579544fd7d0441717f082c9eb123588966aa57ac\376dad3c-7575-4414-bf91-0951222264d0\index-dir\the-real-index;ruta-larga
nombre;00_CONTROL\.ig-profile\Default\Service Worker\CacheStorage\579544fd7d0441717f082c9eb123588966aa57ac\6febcb6a-5b68-4d58-844e-556b6415f673\00f5cbda99cc119e_0;ruta-larga
nombre;00_CONTROL\.ig-profile\Default\Service Worker\CacheStorage\579544fd7d0441717f082c9eb123588966aa57ac\6febcb6a-5b68-4d58-844e-556b6415f673\6cb5fa5961ca7c46_0;ruta-larga
nombre;00_CONTROL\.ig-profile\Default\Service Worker\CacheStorage\579544fd7d0441717f082c9eb123588966aa57ac\6febcb6a-5b68-4d58-844e-556b6415f673\b18fe35c2fd5b129_0;ruta-larga
nombre;00_CONTROL\.ig-profile\Default\Service Worker\CacheStorage\579544fd7d0441717f082c9eb123588966aa57ac\6febcb6a-5b68-4d58-844e-556b6415f673\fdd71d9ec13123e0_0;ruta-larga
nombre;00_CONTROL\.ig-profile\Default\Service Worker\CacheStorage\579544fd7d0441717f082c9eb123588966aa57ac\6febcb6a-5b68-4d58-844e-556b6415f673\index-dir\the-real-index;ruta-larga
nombre;00_CONTROL\.ig-profile\Default\Service Worker\CacheStorage\579544fd7d0441717f082c9eb123588966aa57ac\70b31a3c-9c62-42ae-936f-bbc365817254\010090a4715f7982_0;ruta-larga
nombre;00_CONTROL\.ig-profile\Default\Service Worker\CacheStorage\579544fd7d0441717f082c9eb123588966aa57ac\70b31a3c-9c62-42ae-936f-bbc365817254\0178ed80ba166694_0;ruta-larga
nombre;00_CONTROL\.ig-profile\Default\Service Worker\CacheStorage\579544fd7d0441717f082c9eb123588966aa57ac\70b31a3c-9c62-42ae-936f-bbc365817254\01d1bd9d3481613b_0;ruta-larga
nombre;00_CONTROL\.ig-profile\Default\Service Worker\CacheStorage\579544fd7d0441717f082c9eb123588966aa57ac\70b31a3c-9c62-42ae-936f-bbc365817254\028a34c713cffa8e_0;ruta-larga
nombre;00_CONTROL\.ig-profile\Default\Service Worker\CacheStorage\579544fd7d0441717f082c9eb123588966aa57ac\70b31a3c-9c62-42ae-936f-bbc365817254\029acfe340af5384_0;ruta-larga
nombre;00_CONTROL\.ig-profile\Default\Service Worker\CacheStorage\579544fd7d0441717f082c9eb123588966aa57ac\70b31a3c-9c62-42ae-936f-bbc365817254\0325bbbffc847ef9_0;ruta-larga
nombre;00_CONTROL\.ig-profile\Default\Service Worker\CacheStorage\579544fd7d0441717f082c9eb123588966aa57ac\70b31a3c-9c62-42ae-936f-bbc365817254\03bc795eaff9b5cd_0;ruta-larga
nombre;00_CONTROL\.ig-profile\Default\Service Worker\CacheStorage\579544fd7d0441717f082c9eb123588966aa57ac\70b31a3c-9c62-42ae-936f-bbc365817254\03de6d80e67b0c21_0;ruta-larga
nombre;00_CONTROL\.ig-profile\Default\Service Worker\CacheStorage\579544fd7d0441717f082c9eb123588966aa57ac\70b31a3c-9c62-42ae-936f-bbc365817254\03e814ec520f66f0_0;ruta-larga
nombre;00_CONTROL\.ig-profile\Default\Service Worker\CacheStorage\579544fd7d0441717f082c9eb123588966aa57ac\70b31a3c-9c62-42ae-936f-bbc365817254\0566c36e9d66c629_0;ruta-larga
nombre;00_CONTROL\.ig-profile\Default\Service Worker\CacheStorage\579544fd7d0441717f082c9eb123588966aa57ac\70b31a3c-9c62-42ae-936f-bbc365817254\05adfe7bf452189e_0;ruta-larga
nombre;00_CONTROL\.ig-profile\Default\Service Worker\CacheStorage\579544fd7d0441717f082c9eb123588966aa57ac\70b31a3c-9c62-42ae-936f-bbc365817254\06693067e337341a_0;ruta-larga
nombre;00_CONTROL\.ig-profile\Default\Service Worker\CacheStorage\579544fd7d0441717f082c9eb123588966aa57ac\70b31a3c-9c62-42ae-936f-bbc365817254\06b37557aa4cd1fd_0;ruta-larga
nombre;00_CONTROL\.ig-profile\Default\Service Worker\CacheStorage\579544fd7d0441717f082c9eb123588966aa57ac\70b31a3c-9c62-42ae-936f-bbc365817254\07274db1f47b1bb4_0;ruta-larga
nombre;00_CONTROL\.ig-profile\Default\Service Worker\CacheStorage\579544fd7d0441717f082c9eb123588966aa57ac\70b31a3c-9c62-42ae-936f-bbc365817254\077a9cbf6788c7d1_0;ruta-larga
nombre;00_CONTROL\.ig-profile\Default\Service Worker\CacheStorage\579544fd7d0441717f082c9eb123588966aa57ac\70b31a3c-9c62-42ae-936f-bbc365817254\07df800e6fd2e4b5_0;ruta-larga
nombre;00_CONTROL\.ig-profile\Default\Service Worker\CacheStorage\579544fd7d0441717f082c9eb123588966aa57ac\70b31a3c-9c62-42ae-936f-bbc365817254\0809a6f55fed9f3d_0;ruta-larga
nombre;00_CONTROL\.ig-profile\Default\Service Worker\CacheStorage\579544fd7d0441717f082c9eb123588966aa57ac\70b31a3c-9c62-42ae-936f-bbc365817254\08621f8de27fc09d_0;ruta-larga
nombre;00_CONTROL\.ig-profile\Default\Service Worker\CacheStorage\579544fd7d0441717f082c9eb123588966aa57ac\70b31a3c-9c62-42ae-936f-bbc365817254\08c00414b0740128_0;ruta-larga
nombre;00_CONTROL\.ig-profile\Default\Service Worker\CacheStorage\579544fd7d0441717f082c9eb123588966aa57ac\70b31a3c-9c62-42ae-936f-bbc365817254\08ff00bec6ec0013_0;ruta-larga
nombre;00_CONTROL\.ig-profile\Default\Service Worker\CacheStorage\579544fd7d0441717f082c9eb123588966aa57ac\70b31a3c-9c62-42ae-936f-bbc365817254\097055410aa8a2ba_0;ruta-larga
nombre;00_CONTROL\.ig-profile\Default\Service Worker\CacheStorage\579544fd7d0441717f082c9eb123588966aa57ac\70b31a3c-9c62-42ae-936f-bbc365817254\0a8fb9475f3b996b_0;ruta-larga
nombre;00_CONTROL\.ig-profile\Default\Service Worker\CacheStorage\579544fd7d0441717f082c9eb123588966aa57ac\70b31a3c-9c62-42ae-936f-bbc365817254\0ab70eadeaf07b89_0;ruta-larga
nombre;00_CONTROL\.ig-profile\Default\Service Worker\CacheStorage\579544fd7d0441717f082c9eb123588966aa57ac\70b31a3c-9c62-42ae-936f-bbc365817254\0ac6ce1f2227e805_0;ruta-larga
nombre;00_CONTROL\.ig-profile\Default\Service Worker\CacheStorage\579544fd7d0441717f082c9eb123588966aa57ac\70b31a3c-9c62-42ae-936f-bbc365817254\0ac92cfcd164c6aa_0;ruta-larga
nombre;00_CONTROL\.ig-profile\Default\Service Worker\CacheStorage\579544fd7d0441717f082c9eb123588966aa57ac\70b31a3c-9c62-42ae-936f-bbc365817254\0b0f1db4427bcd14_0;ruta-larga
nombre;00_CONTROL\.ig-profile\Default\Service Worker\CacheStorage\579544fd7d0441717f082c9eb123588966aa57ac\70b31a3c-9c62-42ae-936f-bbc365817254\0b6b46031efba167_0;ruta-larga
nombre;00_CONTROL\.ig-profile\Default\Service Worker\CacheStorage\579544fd7d0441717f082c9eb123588966aa57ac\70b31a3c-9c62-42ae-936f-bbc365817254\0b6c9873335e9d78_0;ruta-larga
nombre;00_CONTROL\.ig-profile\Default\Service Worker\CacheStorage\579544fd7d0441717f082c9eb123588966aa57ac\70b31a3c-9c62-42ae-936f-bbc365817254\0b78ec7f18bf27f8_0;ruta-larga
nombre;00_CONTROL\.ig-profile\Default\Service Worker\CacheStorage\579544fd7d0441717f082c9eb123588966aa57ac\70b31a3c-9c62-42ae-936f-bbc365817254\0c1f9942b5049920_0;ruta-larga
nombre;00_CONTROL\.ig-profile\Default\Service Worker\CacheStorage\579544fd7d0441717f082c9eb123588966aa57ac\70b31a3c-9c62-42ae-936f-bbc365817254\0d5b342f3c27ae46_0;ruta-larga
nombre;00_CONTROL\.ig-profile\Default\Service Worker\CacheStorage\579544fd7d0441717f082c9eb123588966aa57ac\70b31a3c-9c62-42ae-936f-bbc365817254\0d706a3735b5c179_0;ruta-larga
nombre;00_CONTROL\.ig-profile\Default\Service Worker\CacheStorage\579544fd7d0441717f082c9eb123588966aa57ac\70b31a3c-9c62-42ae-936f-bbc365817254\0dd991f1c793b330_0;ruta-larga
nombre;00_CONTROL\.ig-profile\Default\Service Worker\CacheStorage\579544fd7d0441717f082c9eb123588966aa57ac\70b31a3c-9c62-42ae-936f-bbc365817254\0ed0588b1aeed822_0;ruta-larga
nombre;00_CONTROL\.ig-profile\Default\Service Worker\CacheStorage\579544fd7d0441717f082c9eb123588966aa57ac\70b31a3c-9c62-42ae-936f-bbc365817254\10a6de262188cabc_0;ruta-larga
nombre;00_CONTROL\.ig-profile\Default\Service Worker\CacheStorage\579544fd7d0441717f082c9eb123588966aa57ac\70b31a3c-9c62-42ae-936f-bbc365817254\11ff41e2c72c2a0b_0;ruta-larga
nombre;00_CONTROL\.ig-profile\Default\Service Worker\CacheStorage\579544fd7d0441717f082c9eb123588966aa57ac\70b31a3c-9c62-42ae-936f-bbc365817254\1326682a85b8839c_0;ruta-larga
nombre;00_CONTROL\.ig-profile\Default\Service Worker\CacheStorage\579544fd7d0441717f082c9eb123588966aa57ac\70b31a3c-9c62-42ae-936f-bbc365817254\13e636b6c483e1b5_0;ruta-larga
nombre;00_CONTROL\.ig-profile\Default\Service Worker\CacheStorage\579544fd7d0441717f082c9eb123588966aa57ac\70b31a3c-9c62-42ae-936f-bbc365817254\164a06b5da754d80_0;ruta-larga
nombre;00_CONTROL\.ig-profile\Default\Service Worker\CacheStorage\579544fd7d0441717f082c9eb123588966aa57ac\70b31a3c-9c62-42ae-936f-bbc365817254\1651158d19b17e1a_0;ruta-larga
nombre;00_CONTROL\.ig-profile\Default\Service Worker\CacheStorage\579544fd7d0441717f082c9eb123588966aa57ac\70b31a3c-9c62-42ae-936f-bbc365817254\16a55b1b63681512_0;ruta-larga
nombre;00_CONTROL\.ig-profile\Default\Service Worker\CacheStorage\579544fd7d0441717f082c9eb123588966aa57ac\70b31a3c-9c62-42ae-936f-bbc365817254\1797898dbf9abe3d_0;ruta-larga
nombre;00_CONTROL\.ig-profile\Default\Service Worker\CacheStorage\579544fd7d0441717f082c9eb123588966aa57ac\70b31a3c-9c62-42ae-936f-bbc365817254\1848b8431f464bbc_0;ruta-larga
nombre;00_CONTROL\.ig-profile\Default\Service Worker\CacheStorage\579544fd7d0441717f082c9eb123588966aa57ac\70b31a3c-9c62-42ae-936f-bbc365817254\18d0a3e4115b15f9_0;ruta-larga
nombre;00_CONTROL\.ig-profile\Default\Service Worker\CacheStorage\579544fd7d0441717f082c9eb123588966aa57ac\70b31a3c-9c62-42ae-936f-bbc365817254\18ecd22745dd139f_0;ruta-larga
nombre;00_CONTROL\.ig-profile\Default\Service Worker\CacheStorage\579544fd7d0441717f082c9eb123588966aa57ac\70b31a3c-9c62-42ae-936f-bbc365817254\197548d334d866a6_0;ruta-larga
nombre;00_CONTROL\.ig-profile\Default\Service Worker\CacheStorage\579544fd7d0441717f082c9eb123588966aa57ac\70b31a3c-9c62-42ae-936f-bbc365817254\1b75cec76c4aed75_0;ruta-larga
nombre;00_CONTROL\.ig-profile\Default\Service Worker\CacheStorage\579544fd7d0441717f082c9eb123588966aa57ac\70b31a3c-9c62-42ae-936f-bbc365817254\1b90a8d8469ff377_0;ruta-larga
nombre;00_CONTROL\.ig-profile\Default\Service Worker\CacheStorage\579544fd7d0441717f082c9eb123588966aa57ac\70b31a3c-9c62-42ae-936f-bbc365817254\1bf9b16217d3cd8e_0;ruta-larga
nombre;00_CONTROL\.ig-profile\Default\Service Worker\CacheStorage\579544fd7d0441717f082c9eb123588966aa57ac\70b31a3c-9c62-42ae-936f-bbc365817254\1cdf58bab8d09377_0;ruta-larga
nombre;00_CONTROL\.ig-profile\Default\Service Worker\CacheStorage\579544fd7d0441717f082c9eb123588966aa57ac\70b31a3c-9c62-42ae-936f-bbc365817254\1d8d40c8bd53afc0_0;ruta-larga
nombre;00_CONTROL\.ig-profile\Default\Service Worker\CacheStorage\579544fd7d0441717f082c9eb123588966aa57ac\70b31a3c-9c62-42ae-936f-bbc365817254\1f64274428bc3ad0_0;ruta-larga
nombre;00_CONTROL\.ig-profile\Default\Service Worker\CacheStorage\579544fd7d0441717f082c9eb123588966aa57ac\70b31a3c-9c62-42ae-936f-bbc365817254\1fb712b8196b1476_0;ruta-larga
nombre;00_CONTROL\.ig-profile\Default\Service Worker\CacheStorage\579544fd7d0441717f082c9eb123588966aa57ac\70b31a3c-9c62-42ae-936f-bbc365817254\1ff0767ed2f79efa_0;ruta-larga
nombre;00_CONTROL\.ig-profile\Default\Service Worker\CacheStorage\579544fd7d0441717f082c9eb123588966aa57ac\70b31a3c-9c62-42ae-936f-bbc365817254\2162042b78dab24e_0;ruta-larga
nombre;00_CONTROL\.ig-profile\Default\Service Worker\CacheStorage\579544fd7d0441717f082c9eb123588966aa57ac\70b31a3c-9c62-42ae-936f-bbc365817254\226d42dee542a505_0;ruta-larga
nombre;00_CONTROL\.ig-profile\Default\Service Worker\CacheStorage\579544fd7d0441717f082c9eb123588966aa57ac\70b31a3c-9c62-42ae-936f-bbc365817254\2291a5b924b9e143_0;ruta-larga
nombre;00_CONTROL\.ig-profile\Default\Service Worker\CacheStorage\579544fd7d0441717f082c9eb123588966aa57ac\70b31a3c-9c62-42ae-936f-bbc365817254\244ff8db75afbcee_0;ruta-larga
nombre;00_CONTROL\.ig-profile\Default\Service Worker\CacheStorage\579544fd7d0441717f082c9eb123588966aa57ac\70b31a3c-9c62-42ae-936f-bbc365817254\24692dc296675274_0;ruta-larga
nombre;00_CONTROL\.ig-profile\Default\Service Worker\CacheStorage\579544fd7d0441717f082c9eb123588966aa57ac\70b31a3c-9c62-42ae-936f-bbc365817254\261fb8495be0de84_0;ruta-larga
nombre;00_CONTROL\.ig-profile\Default\Service Worker\CacheStorage\579544fd7d0441717f082c9eb123588966aa57ac\70b31a3c-9c62-42ae-936f-bbc365817254\26e40f14db914a7d_0;ruta-larga
nombre;00_CONTROL\.ig-profile\Default\Service Worker\CacheStorage\579544fd7d0441717f082c9eb123588966aa57ac\70b31a3c-9c62-42ae-936f-bbc365817254\27ae31930a5f4c88_0;ruta-larga
nombre;00_CONTROL\.ig-profile\Default\Service Worker\CacheStorage\579544fd7d0441717f082c9eb123588966aa57ac\70b31a3c-9c62-42ae-936f-bbc365817254\27feded4fc28f7b1_0;ruta-larga
nombre;00_CONTROL\.ig-profile\Default\Service Worker\CacheStorage\579544fd7d0441717f082c9eb123588966aa57ac\70b31a3c-9c62-42ae-936f-bbc365817254\283a01c1fd5fcc90_0;ruta-larga
nombre;00_CONTROL\.ig-profile\Default\Service Worker\CacheStorage\579544fd7d0441717f082c9eb123588966aa57ac\70b31a3c-9c62-42ae-936f-bbc365817254\28a1a4eb95900cc5_0;ruta-larga
nombre;00_CONTROL\.ig-profile\Default\Service Worker\CacheStorage\579544fd7d0441717f082c9eb123588966aa57ac\70b31a3c-9c62-42ae-936f-bbc365817254\28aeb8e6927f88bf_0;ruta-larga
nombre;00_CONTROL\.ig-profile\Default\Service Worker\CacheStorage\579544fd7d0441717f082c9eb123588966aa57ac\70b31a3c-9c62-42ae-936f-bbc365817254\29bf4019111fdf9e_0;ruta-larga
nombre;00_CONTROL\.ig-profile\Default\Service Worker\CacheStorage\579544fd7d0441717f082c9eb123588966aa57ac\70b31a3c-9c62-42ae-936f-bbc365817254\2a47eea8f2be94d4_0;ruta-larga
nombre;00_CONTROL\.ig-profile\Default\Service Worker\CacheStorage\579544fd7d0441717f082c9eb123588966aa57ac\70b31a3c-9c62-42ae-936f-bbc365817254\2a515c4601a460b5_0;ruta-larga
nombre;00_CONTROL\.ig-profile\Default\Service Worker\CacheStorage\579544fd7d0441717f082c9eb123588966aa57ac\70b31a3c-9c62-42ae-936f-bbc365817254\2b944482863d9787_0;ruta-larga
nombre;00_CONTROL\.ig-profile\Default\Service Worker\CacheStorage\579544fd7d0441717f082c9eb123588966aa57ac\70b31a3c-9c62-42ae-936f-bbc365817254\2cdeeba0c8388ef1_0;ruta-larga
nombre;00_CONTROL\.ig-profile\Default\Service Worker\CacheStorage\579544fd7d0441717f082c9eb123588966aa57ac\70b31a3c-9c62-42ae-936f-bbc365817254\2dc85643336d7c98_0;ruta-larga
nombre;00_CONTROL\.ig-profile\Default\Service Worker\CacheStorage\579544fd7d0441717f082c9eb123588966aa57ac\70b31a3c-9c62-42ae-936f-bbc365817254\2dda1e0469cf29d5_0;ruta-larga
nombre;00_CONTROL\.ig-profile\Default\Service Worker\CacheStorage\579544fd7d0441717f082c9eb123588966aa57ac\70b31a3c-9c62-42ae-936f-bbc365817254\2e5fdb2b74aabf38_0;ruta-larga
nombre;00_CONTROL\.ig-profile\Default\Service Worker\CacheStorage\579544fd7d0441717f082c9eb123588966aa57ac\70b31a3c-9c62-42ae-936f-bbc365817254\2ea26e623c043319_0;ruta-larga
nombre;00_CONTROL\.ig-profile\Default\Service Worker\CacheStorage\579544fd7d0441717f082c9eb123588966aa57ac\70b31a3c-9c62-42ae-936f-bbc365817254\2ea68d59259117ae_0;ruta-larga
nombre;00_CONTROL\.ig-profile\Default\Service Worker\CacheStorage\579544fd7d0441717f082c9eb123588966aa57ac\70b31a3c-9c62-42ae-936f-bbc365817254\2ec697a6a7916a4b_0;ruta-larga
nombre;00_CONTROL\.ig-profile\Default\Service Worker\CacheStorage\579544fd7d0441717f082c9eb123588966aa57ac\70b31a3c-9c62-42ae-936f-bbc365817254\2f20eeb0f78a12cb_0;ruta-larga
nombre;00_CONTROL\.ig-profile\Default\Service Worker\CacheStorage\579544fd7d0441717f082c9eb123588966aa57ac\70b31a3c-9c62-42ae-936f-bbc365817254\2f7904bd5ff48aa4_0;ruta-larga
nombre;00_CONTROL\.ig-profile\Default\Service Worker\CacheStorage\579544fd7d0441717f082c9eb123588966aa57ac\70b31a3c-9c62-42ae-936f-bbc365817254\2fb23db919cbac4f_0;ruta-larga
nombre;00_CONTROL\.ig-profile\Default\Service Worker\CacheStorage\579544fd7d0441717f082c9eb123588966aa57ac\70b31a3c-9c62-42ae-936f-bbc365817254\2fc8d15c7838f3d1_0;ruta-larga
nombre;00_CONTROL\.ig-profile\Default\Service Worker\CacheStorage\579544fd7d0441717f082c9eb123588966aa57ac\70b31a3c-9c62-42ae-936f-bbc365817254\2ff2dc5711b5b44b_0;ruta-larga
nombre;00_CONTROL\.ig-profile\Default\Service Worker\CacheStorage\579544fd7d0441717f082c9eb123588966aa57ac\70b31a3c-9c62-42ae-936f-bbc365817254\300c4a7acfaae0e6_0;ruta-larga
nombre;00_CONTROL\.ig-profile\Default\Service Worker\CacheStorage\579544fd7d0441717f082c9eb123588966aa57ac\70b31a3c-9c62-42ae-936f-bbc365817254\30c3f5d24b89073e_0;ruta-larga
nombre;00_CONTROL\.ig-profile\Default\Service Worker\CacheStorage\579544fd7d0441717f082c9eb123588966aa57ac\70b31a3c-9c62-42ae-936f-bbc365817254\3146046935712b98_0;ruta-larga
nombre;00_CONTROL\.ig-profile\Default\Service Worker\CacheStorage\579544fd7d0441717f082c9eb123588966aa57ac\70b31a3c-9c62-42ae-936f-bbc365817254\316a18f2391b96b6_0;ruta-larga
nombre;00_CONTROL\.ig-profile\Default\Service Worker\CacheStorage\579544fd7d0441717f082c9eb123588966aa57ac\70b31a3c-9c62-42ae-936f-bbc365817254\323c59764f29d1a6_0;ruta-larga
nombre;00_CONTROL\.ig-profile\Default\Service Worker\CacheStorage\579544fd7d0441717f082c9eb123588966aa57ac\70b31a3c-9c62-42ae-936f-bbc365817254\32c00850e582741e_0;ruta-larga
nombre;00_CONTROL\.ig-profile\Default\Service Worker\CacheStorage\579544fd7d0441717f082c9eb123588966aa57ac\70b31a3c-9c62-42ae-936f-bbc365817254\3375bf704893c9df_0;ruta-larga
nombre;00_CONTROL\.ig-profile\Default\Service Worker\CacheStorage\579544fd7d0441717f082c9eb123588966aa57ac\70b31a3c-9c62-42ae-936f-bbc365817254\34d132cebace4bb8_0;ruta-larga
nombre;00_CONTROL\.ig-profile\Default\Service Worker\CacheStorage\579544fd7d0441717f082c9eb123588966aa57ac\70b31a3c-9c62-42ae-936f-bbc365817254\35b1864f8dca267e_0;ruta-larga
nombre;00_CONTROL\.ig-profile\Default\Service Worker\CacheStorage\579544fd7d0441717f082c9eb123588966aa57ac\70b31a3c-9c62-42ae-936f-bbc365817254\35c50d72a0d9abe2_0;ruta-larga
nombre;00_CONTROL\.ig-profile\Default\Service Worker\CacheStorage\579544fd7d0441717f082c9eb123588966aa57ac\70b31a3c-9c62-42ae-936f-bbc365817254\35d5ee3785bf2d41_0;ruta-larga
nombre;00_CONTROL\.ig-profile\Default\Service Worker\CacheStorage\579544fd7d0441717f082c9eb123588966aa57ac\70b31a3c-9c62-42ae-936f-bbc365817254\36b306a09b9baa69_0;ruta-larga
nombre;00_CONTROL\.ig-profile\Default\Service Worker\CacheStorage\579544fd7d0441717f082c9eb123588966aa57ac\70b31a3c-9c62-42ae-936f-bbc365817254\374ef6e0c7130fbc_0;ruta-larga
nombre;00_CONTROL\.ig-profile\Default\Service Worker\CacheStorage\579544fd7d0441717f082c9eb123588966aa57ac\70b31a3c-9c62-42ae-936f-bbc365817254\37b299fcd53f078a_0;ruta-larga
nombre;00_CONTROL\.ig-profile\Default\Service Worker\CacheStorage\579544fd7d0441717f082c9eb123588966aa57ac\70b31a3c-9c62-42ae-936f-bbc365817254\3a45eb408a7d9681_0;ruta-larga
nombre;00_CONTROL\.ig-profile\Default\Service Worker\CacheStorage\579544fd7d0441717f082c9eb123588966aa57ac\70b31a3c-9c62-42ae-936f-bbc365817254\3a707dfcd239013f_0;ruta-larga
nombre;00_CONTROL\.ig-profile\Default\Service Worker\CacheStorage\579544fd7d0441717f082c9eb123588966aa57ac\70b31a3c-9c62-42ae-936f-bbc365817254\3a7363b2769e7ce9_0;ruta-larga
nombre;00_CONTROL\.ig-profile\Default\Service Worker\CacheStorage\579544fd7d0441717f082c9eb123588966aa57ac\70b31a3c-9c62-42ae-936f-bbc365817254\3ba354e4df139a39_0;ruta-larga
nombre;00_CONTROL\.ig-profile\Default\Service Worker\CacheStorage\579544fd7d0441717f082c9eb123588966aa57ac\70b31a3c-9c62-42ae-936f-bbc365817254\3c150c2dd87fd6e8_0;ruta-larga
nombre;00_CONTROL\.ig-profile\Default\Service Worker\CacheStorage\579544fd7d0441717f082c9eb123588966aa57ac\70b31a3c-9c62-42ae-936f-bbc365817254\3c6a323d9eaf2d02_0;ruta-larga
nombre;00_CONTROL\.ig-profile\Default\Service Worker\CacheStorage\579544fd7d0441717f082c9eb123588966aa57ac\70b31a3c-9c62-42ae-936f-bbc365817254\3cbf65811b564b6e_0;ruta-larga
nombre;00_CONTROL\.ig-profile\Default\Service Worker\CacheStorage\579544fd7d0441717f082c9eb123588966aa57ac\70b31a3c-9c62-42ae-936f-bbc365817254\3cc5185e299fa410_0;ruta-larga
nombre;00_CONTROL\.ig-profile\Default\Service Worker\CacheStorage\579544fd7d0441717f082c9eb123588966aa57ac\70b31a3c-9c62-42ae-936f-bbc365817254\3d2883b151058934_0;ruta-larga
nombre;00_CONTROL\.ig-profile\Default\Service Worker\CacheStorage\579544fd7d0441717f082c9eb123588966aa57ac\70b31a3c-9c62-42ae-936f-bbc365817254\3d9cc84221ab7d0e_0;ruta-larga
nombre;00_CONTROL\.ig-profile\Default\Service Worker\CacheStorage\579544fd7d0441717f082c9eb123588966aa57ac\70b31a3c-9c62-42ae-936f-bbc365817254\3db535d43555d95d_0;ruta-larga
nombre;00_CONTROL\.ig-profile\Default\Service Worker\CacheStorage\579544fd7d0441717f082c9eb123588966aa57ac\70b31a3c-9c62-42ae-936f-bbc365817254\3e083bdfa59388de_0;ruta-larga
nombre;00_CONTROL\.ig-profile\Default\Service Worker\CacheStorage\579544fd7d0441717f082c9eb123588966aa57ac\70b31a3c-9c62-42ae-936f-bbc365817254\3e6b96474e4cd9e2_0;ruta-larga
nombre;00_CONTROL\.ig-profile\Default\Service Worker\CacheStorage\579544fd7d0441717f082c9eb123588966aa57ac\70b31a3c-9c62-42ae-936f-bbc365817254\3e8f5891b6a76580_0;ruta-larga
nombre;00_CONTROL\.ig-profile\Default\Service Worker\CacheStorage\579544fd7d0441717f082c9eb123588966aa57ac\70b31a3c-9c62-42ae-936f-bbc365817254\3ee555b7d09662f9_0;ruta-larga
nombre;00_CONTROL\.ig-profile\Default\Service Worker\CacheStorage\579544fd7d0441717f082c9eb123588966aa57ac\70b31a3c-9c62-42ae-936f-bbc365817254\3f7ed6652d14748c_0;ruta-larga
nombre;00_CONTROL\.ig-profile\Default\Service Worker\CacheStorage\579544fd7d0441717f082c9eb123588966aa57ac\70b31a3c-9c62-42ae-936f-bbc365817254\3fa3b9230004c5ac_0;ruta-larga
nombre;00_CONTROL\.ig-profile\Default\Service Worker\CacheStorage\579544fd7d0441717f082c9eb123588966aa57ac\70b31a3c-9c62-42ae-936f-bbc365817254\40000ad0b2717f89_0;ruta-larga
nombre;00_CONTROL\.ig-profile\Default\Service Worker\CacheStorage\579544fd7d0441717f082c9eb123588966aa57ac\70b31a3c-9c62-42ae-936f-bbc365817254\401c9ecb66380e7d_0;ruta-larga
nombre;00_CONTROL\.ig-profile\Default\Service Worker\CacheStorage\579544fd7d0441717f082c9eb123588966aa57ac\70b31a3c-9c62-42ae-936f-bbc365817254\403b044f976196b0_0;ruta-larga
nombre;00_CONTROL\.ig-profile\Default\Service Worker\CacheStorage\579544fd7d0441717f082c9eb123588966aa57ac\70b31a3c-9c62-42ae-936f-bbc365817254\405dcfa581a33f6f_0;ruta-larga
nombre;00_CONTROL\.ig-profile\Default\Service Worker\CacheStorage\579544fd7d0441717f082c9eb123588966aa57ac\70b31a3c-9c62-42ae-936f-bbc365817254\40e5dd3864b40061_0;ruta-larga
nombre;00_CONTROL\.ig-profile\Default\Service Worker\CacheStorage\579544fd7d0441717f082c9eb123588966aa57ac\70b31a3c-9c62-42ae-936f-bbc365817254\417b0661fb6da4cc_0;ruta-larga
nombre;00_CONTROL\.ig-profile\Default\Service Worker\CacheStorage\579544fd7d0441717f082c9eb123588966aa57ac\70b31a3c-9c62-42ae-936f-bbc365817254\4249a405b758e6b0_0;ruta-larga
nombre;00_CONTROL\.ig-profile\Default\Service Worker\CacheStorage\579544fd7d0441717f082c9eb123588966aa57ac\70b31a3c-9c62-42ae-936f-bbc365817254\43030d4dfc53606e_0;ruta-larga
nombre;00_CONTROL\.ig-profile\Default\Service Worker\CacheStorage\579544fd7d0441717f082c9eb123588966aa57ac\70b31a3c-9c62-42ae-936f-bbc365817254\434b43f63be1082a_0;ruta-larga
nombre;00_CONTROL\.ig-profile\Default\Service Worker\CacheStorage\579544fd7d0441717f082c9eb123588966aa57ac\70b31a3c-9c62-42ae-936f-bbc365817254\435dc7180587c2f9_0;ruta-larga
nombre;00_CONTROL\.ig-profile\Default\Service Worker\CacheStorage\579544fd7d0441717f082c9eb123588966aa57ac\70b31a3c-9c62-42ae-936f-bbc365817254\440beaeaa3e9275f_0;ruta-larga
nombre;00_CONTROL\.ig-profile\Default\Service Worker\CacheStorage\579544fd7d0441717f082c9eb123588966aa57ac\70b31a3c-9c62-42ae-936f-bbc365817254\44a0f1f0d4716da8_0;ruta-larga
nombre;00_CONTROL\.ig-profile\Default\Service Worker\CacheStorage\579544fd7d0441717f082c9eb123588966aa57ac\70b31a3c-9c62-42ae-936f-bbc365817254\44abacfeac6e3a3c_0;ruta-larga
nombre;00_CONTROL\.ig-profile\Default\Service Worker\CacheStorage\579544fd7d0441717f082c9eb123588966aa57ac\70b31a3c-9c62-42ae-936f-bbc365817254\461d0538bcde61a9_0;ruta-larga
nombre;00_CONTROL\.ig-profile\Default\Service Worker\CacheStorage\579544fd7d0441717f082c9eb123588966aa57ac\70b31a3c-9c62-42ae-936f-bbc365817254\462cff8c40a19469_0;ruta-larga
nombre;00_CONTROL\.ig-profile\Default\Service Worker\CacheStorage\579544fd7d0441717f082c9eb123588966aa57ac\70b31a3c-9c62-42ae-936f-bbc365817254\467bfef644ed08fb_0;ruta-larga
nombre;00_CONTROL\.ig-profile\Default\Service Worker\CacheStorage\579544fd7d0441717f082c9eb123588966aa57ac\70b31a3c-9c62-42ae-936f-bbc365817254\46a7a4fd8de8ac15_0;ruta-larga
nombre;00_CONTROL\.ig-profile\Default\Service Worker\CacheStorage\579544fd7d0441717f082c9eb123588966aa57ac\70b31a3c-9c62-42ae-936f-bbc365817254\46ad973d0ddad864_0;ruta-larga
nombre;00_CONTROL\.ig-profile\Default\Service Worker\CacheStorage\579544fd7d0441717f082c9eb123588966aa57ac\70b31a3c-9c62-42ae-936f-bbc365817254\47317d65fc0a6c95_0;ruta-larga
nombre;00_CONTROL\.ig-profile\Default\Service Worker\CacheStorage\579544fd7d0441717f082c9eb123588966aa57ac\70b31a3c-9c62-42ae-936f-bbc365817254\473d8294e4f39459_0;ruta-larga
nombre;00_CONTROL\.ig-profile\Default\Service Worker\CacheStorage\579544fd7d0441717f082c9eb123588966aa57ac\70b31a3c-9c62-42ae-936f-bbc365817254\47409dfcbc7bc816_0;ruta-larga
nombre;00_CONTROL\.ig-profile\Default\Service Worker\CacheStorage\579544fd7d0441717f082c9eb123588966aa57ac\70b31a3c-9c62-42ae-936f-bbc365817254\47974f690887fe0b_0;ruta-larga
nombre;00_CONTROL\.ig-profile\Default\Service Worker\CacheStorage\579544fd7d0441717f082c9eb123588966aa57ac\70b31a3c-9c62-42ae-936f-bbc365817254\47c5c28cdfafc410_0;ruta-larga
nombre;00_CONTROL\.ig-profile\Default\Service Worker\CacheStorage\579544fd7d0441717f082c9eb123588966aa57ac\70b31a3c-9c62-42ae-936f-bbc365817254\48ebd49fcb59fa62_0;ruta-larga
nombre;00_CONTROL\.ig-profile\Default\Service Worker\CacheStorage\579544fd7d0441717f082c9eb123588966aa57ac\70b31a3c-9c62-42ae-936f-bbc365817254\491eed5273dbc6f8_0;ruta-larga
nombre;00_CONTROL\.ig-profile\Default\Service Worker\CacheStorage\579544fd7d0441717f082c9eb123588966aa57ac\70b31a3c-9c62-42ae-936f-bbc365817254\49380de47cda0142_0;ruta-larga
nombre;00_CONTROL\.ig-profile\Default\Service Worker\CacheStorage\579544fd7d0441717f082c9eb123588966aa57ac\70b31a3c-9c62-42ae-936f-bbc365817254\49be4907b4618b49_0;ruta-larga
nombre;00_CONTROL\.ig-profile\Default\Service Worker\CacheStorage\579544fd7d0441717f082c9eb123588966aa57ac\70b31a3c-9c62-42ae-936f-bbc365817254\4a351c50eda1dabe_0;ruta-larga
nombre;00_CONTROL\.ig-profile\Default\Service Worker\CacheStorage\579544fd7d0441717f082c9eb123588966aa57ac\70b31a3c-9c62-42ae-936f-bbc365817254\4a762ea7b29f0040_0;ruta-larga
nombre;00_CONTROL\.ig-profile\Default\Service Worker\CacheStorage\579544fd7d0441717f082c9eb123588966aa57ac\70b31a3c-9c62-42ae-936f-bbc365817254\4aefc6516c8f09ef_0;ruta-larga
nombre;00_CONTROL\.ig-profile\Default\Service Worker\CacheStorage\579544fd7d0441717f082c9eb123588966aa57ac\70b31a3c-9c62-42ae-936f-bbc365817254\4af99deb3627b3af_0;ruta-larga
nombre;00_CONTROL\.ig-profile\Default\Service Worker\CacheStorage\579544fd7d0441717f082c9eb123588966aa57ac\70b31a3c-9c62-42ae-936f-bbc365817254\4b3718bc5ce62ed0_0;ruta-larga
nombre;00_CONTROL\.ig-profile\Default\Service Worker\CacheStorage\579544fd7d0441717f082c9eb123588966aa57ac\70b31a3c-9c62-42ae-936f-bbc365817254\4cd488b0eb39b812_0;ruta-larga
nombre;00_CONTROL\.ig-profile\Default\Service Worker\CacheStorage\579544fd7d0441717f082c9eb123588966aa57ac\70b31a3c-9c62-42ae-936f-bbc365817254\4ce7b5a39f349938_0;ruta-larga
nombre;00_CONTROL\.ig-profile\Default\Service Worker\CacheStorage\579544fd7d0441717f082c9eb123588966aa57ac\70b31a3c-9c62-42ae-936f-bbc365817254\4e68236ef8433dee_0;ruta-larga
nombre;00_CONTROL\.ig-profile\Default\Service Worker\CacheStorage\579544fd7d0441717f082c9eb123588966aa57ac\70b31a3c-9c62-42ae-936f-bbc365817254\4ec86f3c7b50ea9a_0;ruta-larga
nombre;00_CONTROL\.ig-profile\Default\Service Worker\CacheStorage\579544fd7d0441717f082c9eb123588966aa57ac\70b31a3c-9c62-42ae-936f-bbc365817254\4ecfb74cc2c5020c_0;ruta-larga
nombre;00_CONTROL\.ig-profile\Default\Service Worker\CacheStorage\579544fd7d0441717f082c9eb123588966aa57ac\70b31a3c-9c62-42ae-936f-bbc365817254\4f2214c1205d9ee6_0;ruta-larga
nombre;00_CONTROL\.ig-profile\Default\Service Worker\CacheStorage\579544fd7d0441717f082c9eb123588966aa57ac\70b31a3c-9c62-42ae-936f-bbc365817254\4f3d92a68bac1d08_0;ruta-larga
nombre;00_CONTROL\.ig-profile\Default\Service Worker\CacheStorage\579544fd7d0441717f082c9eb123588966aa57ac\70b31a3c-9c62-42ae-936f-bbc365817254\4fcb373f2c5c0cc8_0;ruta-larga
nombre;00_CONTROL\.ig-profile\Default\Service Worker\CacheStorage\579544fd7d0441717f082c9eb123588966aa57ac\70b31a3c-9c62-42ae-936f-bbc365817254\4fecf1bfc69078c9_0;ruta-larga
nombre;00_CONTROL\.ig-profile\Default\Service Worker\CacheStorage\579544fd7d0441717f082c9eb123588966aa57ac\70b31a3c-9c62-42ae-936f-bbc365817254\4ff568a32f1bc060_0;ruta-larga
nombre;00_CONTROL\.ig-profile\Default\Service Worker\CacheStorage\579544fd7d0441717f082c9eb123588966aa57ac\70b31a3c-9c62-42ae-936f-bbc365817254\50727972d197bdd1_0;ruta-larga
nombre;00_CONTROL\.ig-profile\Default\Service Worker\CacheStorage\579544fd7d0441717f082c9eb123588966aa57ac\70b31a3c-9c62-42ae-936f-bbc365817254\5094b1a41ec0992f_0;ruta-larga
nombre;00_CONTROL\.ig-profile\Default\Service Worker\CacheStorage\579544fd7d0441717f082c9eb123588966aa57ac\70b31a3c-9c62-42ae-936f-bbc365817254\5281c83d55a5a3f4_0;ruta-larga
nombre;00_CONTROL\.ig-profile\Default\Service Worker\CacheStorage\579544fd7d0441717f082c9eb123588966aa57ac\70b31a3c-9c62-42ae-936f-bbc365817254\52faaed1e72cd26d_0;ruta-larga
nombre;00_CONTROL\.ig-profile\Default\Service Worker\CacheStorage\579544fd7d0441717f082c9eb123588966aa57ac\70b31a3c-9c62-42ae-936f-bbc365817254\539ea2533efe9124_0;ruta-larga
nombre;00_CONTROL\.ig-profile\Default\Service Worker\CacheStorage\579544fd7d0441717f082c9eb123588966aa57ac\70b31a3c-9c62-42ae-936f-bbc365817254\55092d5b76a5235f_0;ruta-larga
nombre;00_CONTROL\.ig-profile\Default\Service Worker\CacheStorage\579544fd7d0441717f082c9eb123588966aa57ac\70b31a3c-9c62-42ae-936f-bbc365817254\55c4d626167ca37f_0;ruta-larga
nombre;00_CONTROL\.ig-profile\Default\Service Worker\CacheStorage\579544fd7d0441717f082c9eb123588966aa57ac\70b31a3c-9c62-42ae-936f-bbc365817254\55f3f5be082df174_0;ruta-larga
nombre;00_CONTROL\.ig-profile\Default\Service Worker\CacheStorage\579544fd7d0441717f082c9eb123588966aa57ac\70b31a3c-9c62-42ae-936f-bbc365817254\5633b14a24918a87_0;ruta-larga
nombre;00_CONTROL\.ig-profile\Default\Service Worker\CacheStorage\579544fd7d0441717f082c9eb123588966aa57ac\70b31a3c-9c62-42ae-936f-bbc365817254\563911f0d5a08805_0;ruta-larga
nombre;00_CONTROL\.ig-profile\Default\Service Worker\CacheStorage\579544fd7d0441717f082c9eb123588966aa57ac\70b31a3c-9c62-42ae-936f-bbc365817254\564a4f7cac02234f_0;ruta-larga
nombre;00_CONTROL\.ig-profile\Default\Service Worker\CacheStorage\579544fd7d0441717f082c9eb123588966aa57ac\70b31a3c-9c62-42ae-936f-bbc365817254\5770f37e1158342e_0;ruta-larga
nombre;00_CONTROL\.ig-profile\Default\Service Worker\CacheStorage\579544fd7d0441717f082c9eb123588966aa57ac\70b31a3c-9c62-42ae-936f-bbc365817254\5908a9b715d02910_0;ruta-larga
nombre;00_CONTROL\.ig-profile\Default\Service Worker\CacheStorage\579544fd7d0441717f082c9eb123588966aa57ac\70b31a3c-9c62-42ae-936f-bbc365817254\5b493bdce9741e12_0;ruta-larga
nombre;00_CONTROL\.ig-profile\Default\Service Worker\CacheStorage\579544fd7d0441717f082c9eb123588966aa57ac\70b31a3c-9c62-42ae-936f-bbc365817254\5b4eca0ef8b63d80_0;ruta-larga
nombre;00_CONTROL\.ig-profile\Default\Service Worker\CacheStorage\579544fd7d0441717f082c9eb123588966aa57ac\70b31a3c-9c62-42ae-936f-bbc365817254\5bd1bc949f7a282e_0;ruta-larga
nombre;00_CONTROL\.ig-profile\Default\Service Worker\CacheStorage\579544fd7d0441717f082c9eb123588966aa57ac\70b31a3c-9c62-42ae-936f-bbc365817254\5c1d26f609f4a349_0;ruta-larga
nombre;00_CONTROL\.ig-profile\Default\Service Worker\CacheStorage\579544fd7d0441717f082c9eb123588966aa57ac\70b31a3c-9c62-42ae-936f-bbc365817254\5d568e9f3bb60999_0;ruta-larga
nombre;00_CONTROL\.ig-profile\Default\Service Worker\CacheStorage\579544fd7d0441717f082c9eb123588966aa57ac\70b31a3c-9c62-42ae-936f-bbc365817254\5d5dd0ce098b82ae_0;ruta-larga
nombre;00_CONTROL\.ig-profile\Default\Service Worker\CacheStorage\579544fd7d0441717f082c9eb123588966aa57ac\70b31a3c-9c62-42ae-936f-bbc365817254\5dbdfe1f78d89ed2_0;ruta-larga
nombre;00_CONTROL\.ig-profile\Default\Service Worker\CacheStorage\579544fd7d0441717f082c9eb123588966aa57ac\70b31a3c-9c62-42ae-936f-bbc365817254\5e286de0854046c5_0;ruta-larga
nombre;00_CONTROL\.ig-profile\Default\Service Worker\CacheStorage\579544fd7d0441717f082c9eb123588966aa57ac\70b31a3c-9c62-42ae-936f-bbc365817254\5e929df8ffd0b512_0;ruta-larga
nombre;00_CONTROL\.ig-profile\Default\Service Worker\CacheStorage\579544fd7d0441717f082c9eb123588966aa57ac\70b31a3c-9c62-42ae-936f-bbc365817254\5f648b8e8da959f6_0;ruta-larga
nombre;00_CONTROL\.ig-profile\Default\Service Worker\CacheStorage\579544fd7d0441717f082c9eb123588966aa57ac\70b31a3c-9c62-42ae-936f-bbc365817254\60ada439c219d85e_0;ruta-larga
nombre;00_CONTROL\.ig-profile\Default\Service Worker\CacheStorage\579544fd7d0441717f082c9eb123588966aa57ac\70b31a3c-9c62-42ae-936f-bbc365817254\60adb161b062547a_0;ruta-larga
nombre;00_CONTROL\.ig-profile\Default\Service Worker\CacheStorage\579544fd7d0441717f082c9eb123588966aa57ac\70b31a3c-9c62-42ae-936f-bbc365817254\615467575aab9d58_0;ruta-larga
nombre;00_CONTROL\.ig-profile\Default\Service Worker\CacheStorage\579544fd7d0441717f082c9eb123588966aa57ac\70b31a3c-9c62-42ae-936f-bbc365817254\617852fb06aeced7_0;ruta-larga
nombre;00_CONTROL\.ig-profile\Default\Service Worker\CacheStorage\579544fd7d0441717f082c9eb123588966aa57ac\70b31a3c-9c62-42ae-936f-bbc365817254\62f1430b6f83f2a3_0;ruta-larga
nombre;00_CONTROL\.ig-profile\Default\Service Worker\CacheStorage\579544fd7d0441717f082c9eb123588966aa57ac\70b31a3c-9c62-42ae-936f-bbc365817254\633a9a70ca8b5383_0;ruta-larga
nombre;00_CONTROL\.ig-profile\Default\Service Worker\CacheStorage\579544fd7d0441717f082c9eb123588966aa57ac\70b31a3c-9c62-42ae-936f-bbc365817254\63eb77e2513cd8f1_0;ruta-larga
nombre;00_CONTROL\.ig-profile\Default\Service Worker\CacheStorage\579544fd7d0441717f082c9eb123588966aa57ac\70b31a3c-9c62-42ae-936f-bbc365817254\63f1c8a683f8225f_0;ruta-larga
nombre;00_CONTROL\.ig-profile\Default\Service Worker\CacheStorage\579544fd7d0441717f082c9eb123588966aa57ac\70b31a3c-9c62-42ae-936f-bbc365817254\63fa8b17283be32b_0;ruta-larga
nombre;00_CONTROL\.ig-profile\Default\Service Worker\CacheStorage\579544fd7d0441717f082c9eb123588966aa57ac\70b31a3c-9c62-42ae-936f-bbc365817254\641ba44fc9dde0d4_0;ruta-larga
nombre;00_CONTROL\.ig-profile\Default\Service Worker\CacheStorage\579544fd7d0441717f082c9eb123588966aa57ac\70b31a3c-9c62-42ae-936f-bbc365817254\645c0ebb2a0520ec_0;ruta-larga
nombre;00_CONTROL\.ig-profile\Default\Service Worker\CacheStorage\579544fd7d0441717f082c9eb123588966aa57ac\70b31a3c-9c62-42ae-936f-bbc365817254\64ab34cc8d5979a8_0;ruta-larga
nombre;00_CONTROL\.ig-profile\Default\Service Worker\CacheStorage\579544fd7d0441717f082c9eb123588966aa57ac\70b31a3c-9c62-42ae-936f-bbc365817254\64c8b49a96602142_0;ruta-larga
nombre;00_CONTROL\.ig-profile\Default\Service Worker\CacheStorage\579544fd7d0441717f082c9eb123588966aa57ac\70b31a3c-9c62-42ae-936f-bbc365817254\6538f081994b8744_0;ruta-larga
nombre;00_CONTROL\.ig-profile\Default\Service Worker\CacheStorage\579544fd7d0441717f082c9eb123588966aa57ac\70b31a3c-9c62-42ae-936f-bbc365817254\65b92e377b0fa843_0;ruta-larga
nombre;00_CONTROL\.ig-profile\Default\Service Worker\CacheStorage\579544fd7d0441717f082c9eb123588966aa57ac\70b31a3c-9c62-42ae-936f-bbc365817254\66632c13c1c475ba_0;ruta-larga
nombre;00_CONTROL\.ig-profile\Default\Service Worker\CacheStorage\579544fd7d0441717f082c9eb123588966aa57ac\70b31a3c-9c62-42ae-936f-bbc365817254\6717b2b093e246cf_0;ruta-larga
nombre;00_CONTROL\.ig-profile\Default\Service Worker\CacheStorage\579544fd7d0441717f082c9eb123588966aa57ac\70b31a3c-9c62-42ae-936f-bbc365817254\675f5ef490d855c2_0;ruta-larga
nombre;00_CONTROL\.ig-profile\Default\Service Worker\CacheStorage\579544fd7d0441717f082c9eb123588966aa57ac\70b31a3c-9c62-42ae-936f-bbc365817254\67be1e13eeec2e8c_0;ruta-larga
nombre;00_CONTROL\.ig-profile\Default\Service Worker\CacheStorage\579544fd7d0441717f082c9eb123588966aa57ac\70b31a3c-9c62-42ae-936f-bbc365817254\67e02db3cc4d7172_0;ruta-larga
nombre;00_CONTROL\.ig-profile\Default\Service Worker\CacheStorage\579544fd7d0441717f082c9eb123588966aa57ac\70b31a3c-9c62-42ae-936f-bbc365817254\68a0bd0feff1417f_0;ruta-larga
nombre;00_CONTROL\.ig-profile\Default\Service Worker\CacheStorage\579544fd7d0441717f082c9eb123588966aa57ac\70b31a3c-9c62-42ae-936f-bbc365817254\68e48aaaa8eed872_0;ruta-larga
nombre;00_CONTROL\.ig-profile\Default\Service Worker\CacheStorage\579544fd7d0441717f082c9eb123588966aa57ac\70b31a3c-9c62-42ae-936f-bbc365817254\69a622ddc4de2de2_0;ruta-larga
nombre;00_CONTROL\.ig-profile\Default\Service Worker\CacheStorage\579544fd7d0441717f082c9eb123588966aa57ac\70b31a3c-9c62-42ae-936f-bbc365817254\69d908bdfea092f3_0;ruta-larga
nombre;00_CONTROL\.ig-profile\Default\Service Worker\CacheStorage\579544fd7d0441717f082c9eb123588966aa57ac\70b31a3c-9c62-42ae-936f-bbc365817254\69dc9c00c1096539_0;ruta-larga
nombre;00_CONTROL\.ig-profile\Default\Service Worker\CacheStorage\579544fd7d0441717f082c9eb123588966aa57ac\70b31a3c-9c62-42ae-936f-bbc365817254\6a31717497945fd8_0;ruta-larga
nombre;00_CONTROL\.ig-profile\Default\Service Worker\CacheStorage\579544fd7d0441717f082c9eb123588966aa57ac\70b31a3c-9c62-42ae-936f-bbc365817254\6aafea8d6e8c80c9_0;ruta-larga
nombre;00_CONTROL\.ig-profile\Default\Service Worker\CacheStorage\579544fd7d0441717f082c9eb123588966aa57ac\70b31a3c-9c62-42ae-936f-bbc365817254\6ada150ef7f7b66a_0;ruta-larga
nombre;00_CONTROL\.ig-profile\Default\Service Worker\CacheStorage\579544fd7d0441717f082c9eb123588966aa57ac\70b31a3c-9c62-42ae-936f-bbc365817254\6b35672256f5dbf9_0;ruta-larga
nombre;00_CONTROL\.ig-profile\Default\Service Worker\CacheStorage\579544fd7d0441717f082c9eb123588966aa57ac\70b31a3c-9c62-42ae-936f-bbc365817254\6b73951b12bcfe24_0;ruta-larga
nombre;00_CONTROL\.ig-profile\Default\Service Worker\CacheStorage\579544fd7d0441717f082c9eb123588966aa57ac\70b31a3c-9c62-42ae-936f-bbc365817254\6c0f23f3a776038a_0;ruta-larga
nombre;00_CONTROL\.ig-profile\Default\Service Worker\CacheStorage\579544fd7d0441717f082c9eb123588966aa57ac\70b31a3c-9c62-42ae-936f-bbc365817254\6c199ef7952f1cb9_0;ruta-larga
nombre;00_CONTROL\.ig-profile\Default\Service Worker\CacheStorage\579544fd7d0441717f082c9eb123588966aa57ac\70b31a3c-9c62-42ae-936f-bbc365817254\6cbae82b29f486c0_0;ruta-larga
nombre;00_CONTROL\.ig-profile\Default\Service Worker\CacheStorage\579544fd7d0441717f082c9eb123588966aa57ac\70b31a3c-9c62-42ae-936f-bbc365817254\6d1299026d44f445_0;ruta-larga
nombre;00_CONTROL\.ig-profile\Default\Service Worker\CacheStorage\579544fd7d0441717f082c9eb123588966aa57ac\70b31a3c-9c62-42ae-936f-bbc365817254\6d2c7a73bf56d82e_0;ruta-larga
nombre;00_CONTROL\.ig-profile\Default\Service Worker\CacheStorage\579544fd7d0441717f082c9eb123588966aa57ac\70b31a3c-9c62-42ae-936f-bbc365817254\6d6746ffdfe2c5da_0;ruta-larga
nombre;00_CONTROL\.ig-profile\Default\Service Worker\CacheStorage\579544fd7d0441717f082c9eb123588966aa57ac\70b31a3c-9c62-42ae-936f-bbc365817254\6ea5cd00d1ef5c5e_0;ruta-larga
nombre;00_CONTROL\.ig-profile\Default\Service Worker\CacheStorage\579544fd7d0441717f082c9eb123588966aa57ac\70b31a3c-9c62-42ae-936f-bbc365817254\6eafb1f8e4d27046_0;ruta-larga
nombre;00_CONTROL\.ig-profile\Default\Service Worker\CacheStorage\579544fd7d0441717f082c9eb123588966aa57ac\70b31a3c-9c62-42ae-936f-bbc365817254\6f45dc32b64d35e3_0;ruta-larga
nombre;00_CONTROL\.ig-profile\Default\Service Worker\CacheStorage\579544fd7d0441717f082c9eb123588966aa57ac\70b31a3c-9c62-42ae-936f-bbc365817254\6f7792d088936b71_0;ruta-larga
nombre;00_CONTROL\.ig-profile\Default\Service Worker\CacheStorage\579544fd7d0441717f082c9eb123588966aa57ac\70b31a3c-9c62-42ae-936f-bbc365817254\6fecedabc9999d8b_0;ruta-larga
nombre;00_CONTROL\.ig-profile\Default\Service Worker\CacheStorage\579544fd7d0441717f082c9eb123588966aa57ac\70b31a3c-9c62-42ae-936f-bbc365817254\70012114dc1d1d88_0;ruta-larga
nombre;00_CONTROL\.ig-profile\Default\Service Worker\CacheStorage\579544fd7d0441717f082c9eb123588966aa57ac\70b31a3c-9c62-42ae-936f-bbc365817254\706accb2deacecdf_0;ruta-larga
nombre;00_CONTROL\.ig-profile\Default\Service Worker\CacheStorage\579544fd7d0441717f082c9eb123588966aa57ac\70b31a3c-9c62-42ae-936f-bbc365817254\7087aada1f4066c7_0;ruta-larga
nombre;00_CONTROL\.ig-profile\Default\Service Worker\CacheStorage\579544fd7d0441717f082c9eb123588966aa57ac\70b31a3c-9c62-42ae-936f-bbc365817254\70f0928214687af3_0;ruta-larga
nombre;00_CONTROL\.ig-profile\Default\Service Worker\CacheStorage\579544fd7d0441717f082c9eb123588966aa57ac\70b31a3c-9c62-42ae-936f-bbc365817254\71471beeeb832013_0;ruta-larga
nombre;00_CONTROL\.ig-profile\Default\Service Worker\CacheStorage\579544fd7d0441717f082c9eb123588966aa57ac\70b31a3c-9c62-42ae-936f-bbc365817254\71880fa819250839_0;ruta-larga
nombre;00_CONTROL\.ig-profile\Default\Service Worker\CacheStorage\579544fd7d0441717f082c9eb123588966aa57ac\70b31a3c-9c62-42ae-936f-bbc365817254\71af3ff0da25ecb4_0;ruta-larga
nombre;00_CONTROL\.ig-profile\Default\Service Worker\CacheStorage\579544fd7d0441717f082c9eb123588966aa57ac\70b31a3c-9c62-42ae-936f-bbc365817254\72efb03b6e76c5de_0;ruta-larga
nombre;00_CONTROL\.ig-profile\Default\Service Worker\CacheStorage\579544fd7d0441717f082c9eb123588966aa57ac\70b31a3c-9c62-42ae-936f-bbc365817254\74229e2379833847_0;ruta-larga
nombre;00_CONTROL\.ig-profile\Default\Service Worker\CacheStorage\579544fd7d0441717f082c9eb123588966aa57ac\70b31a3c-9c62-42ae-936f-bbc365817254\74d8507a8531f02b_0;ruta-larga
nombre;00_CONTROL\.ig-profile\Default\Service Worker\CacheStorage\579544fd7d0441717f082c9eb123588966aa57ac\70b31a3c-9c62-42ae-936f-bbc365817254\750927c19c5edcba_0;ruta-larga
nombre;00_CONTROL\.ig-profile\Default\Service Worker\CacheStorage\579544fd7d0441717f082c9eb123588966aa57ac\70b31a3c-9c62-42ae-936f-bbc365817254\75106a26e2dd80d4_0;ruta-larga
nombre;00_CONTROL\.ig-profile\Default\Service Worker\CacheStorage\579544fd7d0441717f082c9eb123588966aa57ac\70b31a3c-9c62-42ae-936f-bbc365817254\751bebd4610d5d4c_0;ruta-larga
nombre;00_CONTROL\.ig-profile\Default\Service Worker\CacheStorage\579544fd7d0441717f082c9eb123588966aa57ac\70b31a3c-9c62-42ae-936f-bbc365817254\76337b91b4900a25_0;ruta-larga
nombre;00_CONTROL\.ig-profile\Default\Service Worker\CacheStorage\579544fd7d0441717f082c9eb123588966aa57ac\70b31a3c-9c62-42ae-936f-bbc365817254\76f4c5a18d2a4d54_0;ruta-larga
nombre;00_CONTROL\.ig-profile\Default\Service Worker\CacheStorage\579544fd7d0441717f082c9eb123588966aa57ac\70b31a3c-9c62-42ae-936f-bbc365817254\7748de2aa7cf2ea4_0;ruta-larga
nombre;00_CONTROL\.ig-profile\Default\Service Worker\CacheStorage\579544fd7d0441717f082c9eb123588966aa57ac\70b31a3c-9c62-42ae-936f-bbc365817254\7865ed43b8d1f6db_0;ruta-larga
nombre;00_CONTROL\.ig-profile\Default\Service Worker\CacheStorage\579544fd7d0441717f082c9eb123588966aa57ac\70b31a3c-9c62-42ae-936f-bbc365817254\78ab97b6c49538cd_0;ruta-larga
nombre;00_CONTROL\.ig-profile\Default\Service Worker\CacheStorage\579544fd7d0441717f082c9eb123588966aa57ac\70b31a3c-9c62-42ae-936f-bbc365817254\79a0e6d190a1bf69_0;ruta-larga
nombre;00_CONTROL\.ig-profile\Default\Service Worker\CacheStorage\579544fd7d0441717f082c9eb123588966aa57ac\70b31a3c-9c62-42ae-936f-bbc365817254\79dd64d3d88a9e7d_0;ruta-larga
nombre;00_CONTROL\.ig-profile\Default\Service Worker\CacheStorage\579544fd7d0441717f082c9eb123588966aa57ac\70b31a3c-9c62-42ae-936f-bbc365817254\7b11897a6e627caa_0;ruta-larga
nombre;00_CONTROL\.ig-profile\Default\Service Worker\CacheStorage\579544fd7d0441717f082c9eb123588966aa57ac\70b31a3c-9c62-42ae-936f-bbc365817254\7b37f1b48b6d925c_0;ruta-larga
nombre;00_CONTROL\.ig-profile\Default\Service Worker\CacheStorage\579544fd7d0441717f082c9eb123588966aa57ac\70b31a3c-9c62-42ae-936f-bbc365817254\7c6d2d12385f9ee0_0;ruta-larga
nombre;00_CONTROL\.ig-profile\Default\Service Worker\CacheStorage\579544fd7d0441717f082c9eb123588966aa57ac\70b31a3c-9c62-42ae-936f-bbc365817254\7cb72d2bdce685df_0;ruta-larga
nombre;00_CONTROL\.ig-profile\Default\Service Worker\CacheStorage\579544fd7d0441717f082c9eb123588966aa57ac\70b31a3c-9c62-42ae-936f-bbc365817254\7d76fe340dfdbc4e_0;ruta-larga
nombre;00_CONTROL\.ig-profile\Default\Service Worker\CacheStorage\579544fd7d0441717f082c9eb123588966aa57ac\70b31a3c-9c62-42ae-936f-bbc365817254\7e1ae7aeaa77a535_0;ruta-larga
nombre;00_CONTROL\.ig-profile\Default\Service Worker\CacheStorage\579544fd7d0441717f082c9eb123588966aa57ac\70b31a3c-9c62-42ae-936f-bbc365817254\7e7adf60d84afd18_0;ruta-larga
nombre;00_CONTROL\.ig-profile\Default\Service Worker\CacheStorage\579544fd7d0441717f082c9eb123588966aa57ac\70b31a3c-9c62-42ae-936f-bbc365817254\7f588195f082f356_0;ruta-larga
nombre;00_CONTROL\.ig-profile\Default\Service Worker\CacheStorage\579544fd7d0441717f082c9eb123588966aa57ac\70b31a3c-9c62-42ae-936f-bbc365817254\7fbb5007ff08fd98_0;ruta-larga
nombre;00_CONTROL\.ig-profile\Default\Service Worker\CacheStorage\579544fd7d0441717f082c9eb123588966aa57ac\70b31a3c-9c62-42ae-936f-bbc365817254\80227b644439b542_0;ruta-larga
nombre;00_CONTROL\.ig-profile\Default\Service Worker\CacheStorage\579544fd7d0441717f082c9eb123588966aa57ac\70b31a3c-9c62-42ae-936f-bbc365817254\818c23c29ee1a73b_0;ruta-larga
nombre;00_CONTROL\.ig-profile\Default\Service Worker\CacheStorage\579544fd7d0441717f082c9eb123588966aa57ac\70b31a3c-9c62-42ae-936f-bbc365817254\82a15928af9ccafe_0;ruta-larga
nombre;00_CONTROL\.ig-profile\Default\Service Worker\CacheStorage\579544fd7d0441717f082c9eb123588966aa57ac\70b31a3c-9c62-42ae-936f-bbc365817254\82a24d405442f878_0;ruta-larga
nombre;00_CONTROL\.ig-profile\Default\Service Worker\CacheStorage\579544fd7d0441717f082c9eb123588966aa57ac\70b31a3c-9c62-42ae-936f-bbc365817254\8397b39bab574872_0;ruta-larga
nombre;00_CONTROL\.ig-profile\Default\Service Worker\CacheStorage\579544fd7d0441717f082c9eb123588966aa57ac\70b31a3c-9c62-42ae-936f-bbc365817254\845bfef2605ef371_0;ruta-larga
nombre;00_CONTROL\.ig-profile\Default\Service Worker\CacheStorage\579544fd7d0441717f082c9eb123588966aa57ac\70b31a3c-9c62-42ae-936f-bbc365817254\851e9d42098ef1c5_0;ruta-larga
nombre;00_CONTROL\.ig-profile\Default\Service Worker\CacheStorage\579544fd7d0441717f082c9eb123588966aa57ac\70b31a3c-9c62-42ae-936f-bbc365817254\855be4791a76b056_0;ruta-larga
nombre;00_CONTROL\.ig-profile\Default\Service Worker\CacheStorage\579544fd7d0441717f082c9eb123588966aa57ac\70b31a3c-9c62-42ae-936f-bbc365817254\858b1b97724823ac_0;ruta-larga
nombre;00_CONTROL\.ig-profile\Default\Service Worker\CacheStorage\579544fd7d0441717f082c9eb123588966aa57ac\70b31a3c-9c62-42ae-936f-bbc365817254\8637c8296b939632_0;ruta-larga
nombre;00_CONTROL\.ig-profile\Default\Service Worker\CacheStorage\579544fd7d0441717f082c9eb123588966aa57ac\70b31a3c-9c62-42ae-936f-bbc365817254\87cd4e61fddcd966_0;ruta-larga
nombre;00_CONTROL\.ig-profile\Default\Service Worker\CacheStorage\579544fd7d0441717f082c9eb123588966aa57ac\70b31a3c-9c62-42ae-936f-bbc365817254\87f3bed1bdda23b6_0;ruta-larga
nombre;00_CONTROL\.ig-profile\Default\Service Worker\CacheStorage\579544fd7d0441717f082c9eb123588966aa57ac\70b31a3c-9c62-42ae-936f-bbc365817254\88a44733befdfde4_0;ruta-larga
nombre;00_CONTROL\.ig-profile\Default\Service Worker\CacheStorage\579544fd7d0441717f082c9eb123588966aa57ac\70b31a3c-9c62-42ae-936f-bbc365817254\88f7d898076d4e73_0;ruta-larga
nombre;00_CONTROL\.ig-profile\Default\Service Worker\CacheStorage\579544fd7d0441717f082c9eb123588966aa57ac\70b31a3c-9c62-42ae-936f-bbc365817254\89aa94d34fed7381_0;ruta-larga
nombre;00_CONTROL\.ig-profile\Default\Service Worker\CacheStorage\579544fd7d0441717f082c9eb123588966aa57ac\70b31a3c-9c62-42ae-936f-bbc365817254\8bc3812d75d08ee6_0;ruta-larga
nombre;00_CONTROL\.ig-profile\Default\Service Worker\CacheStorage\579544fd7d0441717f082c9eb123588966aa57ac\70b31a3c-9c62-42ae-936f-bbc365817254\8c6f07b5576b4aab_0;ruta-larga
nombre;00_CONTROL\.ig-profile\Default\Service Worker\CacheStorage\579544fd7d0441717f082c9eb123588966aa57ac\70b31a3c-9c62-42ae-936f-bbc365817254\8c7edcd939fc7e83_0;ruta-larga
nombre;00_CONTROL\.ig-profile\Default\Service Worker\CacheStorage\579544fd7d0441717f082c9eb123588966aa57ac\70b31a3c-9c62-42ae-936f-bbc365817254\8ce3ef412d22aad1_0;ruta-larga
nombre;00_CONTROL\.ig-profile\Default\Service Worker\CacheStorage\579544fd7d0441717f082c9eb123588966aa57ac\70b31a3c-9c62-42ae-936f-bbc365817254\8cf4139cfdfbfc8d_0;ruta-larga
nombre;00_CONTROL\.ig-profile\Default\Service Worker\CacheStorage\579544fd7d0441717f082c9eb123588966aa57ac\70b31a3c-9c62-42ae-936f-bbc365817254\8d537950d77cd7c7_0;ruta-larga
nombre;00_CONTROL\.ig-profile\Default\Service Worker\CacheStorage\579544fd7d0441717f082c9eb123588966aa57ac\70b31a3c-9c62-42ae-936f-bbc365817254\8db29d494e6bd315_0;ruta-larga
nombre;00_CONTROL\.ig-profile\Default\Service Worker\CacheStorage\579544fd7d0441717f082c9eb123588966aa57ac\70b31a3c-9c62-42ae-936f-bbc365817254\8ee7c4a577f7a0de_0;ruta-larga
nombre;00_CONTROL\.ig-profile\Default\Service Worker\CacheStorage\579544fd7d0441717f082c9eb123588966aa57ac\70b31a3c-9c62-42ae-936f-bbc365817254\8f16ca910597cc7a_0;ruta-larga
nombre;00_CONTROL\.ig-profile\Default\Service Worker\CacheStorage\579544fd7d0441717f082c9eb123588966aa57ac\70b31a3c-9c62-42ae-936f-bbc365817254\8fe77c96e12c0e82_0;ruta-larga
nombre;00_CONTROL\.ig-profile\Default\Service Worker\CacheStorage\579544fd7d0441717f082c9eb123588966aa57ac\70b31a3c-9c62-42ae-936f-bbc365817254\90380676b30f51d7_0;ruta-larga
nombre;00_CONTROL\.ig-profile\Default\Service Worker\CacheStorage\579544fd7d0441717f082c9eb123588966aa57ac\70b31a3c-9c62-42ae-936f-bbc365817254\90404dc2347f9dab_0;ruta-larga
nombre;00_CONTROL\.ig-profile\Default\Service Worker\CacheStorage\579544fd7d0441717f082c9eb123588966aa57ac\70b31a3c-9c62-42ae-936f-bbc365817254\904d9d11ab898cc9_0;ruta-larga
nombre;00_CONTROL\.ig-profile\Default\Service Worker\CacheStorage\579544fd7d0441717f082c9eb123588966aa57ac\70b31a3c-9c62-42ae-936f-bbc365817254\906a12dea99dea37_0;ruta-larga
nombre;00_CONTROL\.ig-profile\Default\Service Worker\CacheStorage\579544fd7d0441717f082c9eb123588966aa57ac\70b31a3c-9c62-42ae-936f-bbc365817254\90c1259cd9567b5a_0;ruta-larga
nombre;00_CONTROL\.ig-profile\Default\Service Worker\CacheStorage\579544fd7d0441717f082c9eb123588966aa57ac\70b31a3c-9c62-42ae-936f-bbc365817254\9136a8b19fc17c26_0;ruta-larga
nombre;00_CONTROL\.ig-profile\Default\Service Worker\CacheStorage\579544fd7d0441717f082c9eb123588966aa57ac\70b31a3c-9c62-42ae-936f-bbc365817254\92b1a249fe90382f_0;ruta-larga
nombre;00_CONTROL\.ig-profile\Default\Service Worker\CacheStorage\579544fd7d0441717f082c9eb123588966aa57ac\70b31a3c-9c62-42ae-936f-bbc365817254\93fcaad73df22088_0;ruta-larga
nombre;00_CONTROL\.ig-profile\Default\Service Worker\CacheStorage\579544fd7d0441717f082c9eb123588966aa57ac\70b31a3c-9c62-42ae-936f-bbc365817254\94351c9a10539573_0;ruta-larga
nombre;00_CONTROL\.ig-profile\Default\Service Worker\CacheStorage\579544fd7d0441717f082c9eb123588966aa57ac\70b31a3c-9c62-42ae-936f-bbc365817254\94a97651f25813ea_0;ruta-larga
nombre;00_CONTROL\.ig-profile\Default\Service Worker\CacheStorage\579544fd7d0441717f082c9eb123588966aa57ac\70b31a3c-9c62-42ae-936f-bbc365817254\97c2222de82aabb7_0;ruta-larga
nombre;00_CONTROL\.ig-profile\Default\Service Worker\CacheStorage\579544fd7d0441717f082c9eb123588966aa57ac\70b31a3c-9c62-42ae-936f-bbc365817254\989b1c0e817cb740_0;ruta-larga
nombre;00_CONTROL\.ig-profile\Default\Service Worker\CacheStorage\579544fd7d0441717f082c9eb123588966aa57ac\70b31a3c-9c62-42ae-936f-bbc365817254\9944e43e0af2504f_0;ruta-larga
nombre;00_CONTROL\.ig-profile\Default\Service Worker\CacheStorage\579544fd7d0441717f082c9eb123588966aa57ac\70b31a3c-9c62-42ae-936f-bbc365817254\9991dcbe73719eb6_0;ruta-larga
nombre;00_CONTROL\.ig-profile\Default\Service Worker\CacheStorage\579544fd7d0441717f082c9eb123588966aa57ac\70b31a3c-9c62-42ae-936f-bbc365817254\99c7c14f7c842aee_0;ruta-larga
nombre;00_CONTROL\.ig-profile\Default\Service Worker\CacheStorage\579544fd7d0441717f082c9eb123588966aa57ac\70b31a3c-9c62-42ae-936f-bbc365817254\9a1d5e2e19cd6830_0;ruta-larga
nombre;00_CONTROL\.ig-profile\Default\Service Worker\CacheStorage\579544fd7d0441717f082c9eb123588966aa57ac\70b31a3c-9c62-42ae-936f-bbc365817254\9ad2d6a2d0d34d8b_0;ruta-larga
nombre;00_CONTROL\.ig-profile\Default\Service Worker\CacheStorage\579544fd7d0441717f082c9eb123588966aa57ac\70b31a3c-9c62-42ae-936f-bbc365817254\9bbcd130c76ca82b_0;ruta-larga
nombre;00_CONTROL\.ig-profile\Default\Service Worker\CacheStorage\579544fd7d0441717f082c9eb123588966aa57ac\70b31a3c-9c62-42ae-936f-bbc365817254\9c1a47b65557b3c7_0;ruta-larga
nombre;00_CONTROL\.ig-profile\Default\Service Worker\CacheStorage\579544fd7d0441717f082c9eb123588966aa57ac\70b31a3c-9c62-42ae-936f-bbc365817254\9c44bf9d9f6d5046_0;ruta-larga
nombre;00_CONTROL\.ig-profile\Default\Service Worker\CacheStorage\579544fd7d0441717f082c9eb123588966aa57ac\70b31a3c-9c62-42ae-936f-bbc365817254\9c797756525c3a9d_0;ruta-larga
nombre;00_CONTROL\.ig-profile\Default\Service Worker\CacheStorage\579544fd7d0441717f082c9eb123588966aa57ac\70b31a3c-9c62-42ae-936f-bbc365817254\9d1cfc17ee75085f_0;ruta-larga
nombre;00_CONTROL\.ig-profile\Default\Service Worker\CacheStorage\579544fd7d0441717f082c9eb123588966aa57ac\70b31a3c-9c62-42ae-936f-bbc365817254\9e0164d9f9c21b2b_0;ruta-larga
nombre;00_CONTROL\.ig-profile\Default\Service Worker\CacheStorage\579544fd7d0441717f082c9eb123588966aa57ac\70b31a3c-9c62-42ae-936f-bbc365817254\9e208c9945614b0a_0;ruta-larga
nombre;00_CONTROL\.ig-profile\Default\Service Worker\CacheStorage\579544fd7d0441717f082c9eb123588966aa57ac\70b31a3c-9c62-42ae-936f-bbc365817254\9f6242da93cf9a60_0;ruta-larga
nombre;00_CONTROL\.ig-profile\Default\Service Worker\CacheStorage\579544fd7d0441717f082c9eb123588966aa57ac\70b31a3c-9c62-42ae-936f-bbc365817254\9fafcd5b7c4c7d46_0;ruta-larga
nombre;00_CONTROL\.ig-profile\Default\Service Worker\CacheStorage\579544fd7d0441717f082c9eb123588966aa57ac\70b31a3c-9c62-42ae-936f-bbc365817254\9fe159871d0f34b1_0;ruta-larga
nombre;00_CONTROL\.ig-profile\Default\Service Worker\CacheStorage\579544fd7d0441717f082c9eb123588966aa57ac\70b31a3c-9c62-42ae-936f-bbc365817254\9fe60c30216cae9f_0;ruta-larga
nombre;00_CONTROL\.ig-profile\Default\Service Worker\CacheStorage\579544fd7d0441717f082c9eb123588966aa57ac\70b31a3c-9c62-42ae-936f-bbc365817254\9fe6d760ee68bde4_0;ruta-larga
nombre;00_CONTROL\.ig-profile\Default\Service Worker\CacheStorage\579544fd7d0441717f082c9eb123588966aa57ac\70b31a3c-9c62-42ae-936f-bbc365817254\a09e183f013c55f9_0;ruta-larga
nombre;00_CONTROL\.ig-profile\Default\Service Worker\CacheStorage\579544fd7d0441717f082c9eb123588966aa57ac\70b31a3c-9c62-42ae-936f-bbc365817254\a111af295948c13b_0;ruta-larga
nombre;00_CONTROL\.ig-profile\Default\Service Worker\CacheStorage\579544fd7d0441717f082c9eb123588966aa57ac\70b31a3c-9c62-42ae-936f-bbc365817254\a22c8b7fdc93ba7b_0;ruta-larga
nombre;00_CONTROL\.ig-profile\Default\Service Worker\CacheStorage\579544fd7d0441717f082c9eb123588966aa57ac\70b31a3c-9c62-42ae-936f-bbc365817254\a2516d049d3061eb_0;ruta-larga
nombre;00_CONTROL\.ig-profile\Default\Service Worker\CacheStorage\579544fd7d0441717f082c9eb123588966aa57ac\70b31a3c-9c62-42ae-936f-bbc365817254\a3210a474dbf3470_0;ruta-larga
nombre;00_CONTROL\.ig-profile\Default\Service Worker\CacheStorage\579544fd7d0441717f082c9eb123588966aa57ac\70b31a3c-9c62-42ae-936f-bbc365817254\a441a981da270027_0;ruta-larga
nombre;00_CONTROL\.ig-profile\Default\Service Worker\CacheStorage\579544fd7d0441717f082c9eb123588966aa57ac\70b31a3c-9c62-42ae-936f-bbc365817254\a5e8235022e3ffb2_0;ruta-larga
nombre;00_CONTROL\.ig-profile\Default\Service Worker\CacheStorage\579544fd7d0441717f082c9eb123588966aa57ac\70b31a3c-9c62-42ae-936f-bbc365817254\a6e6bd77279ec2d1_0;ruta-larga
nombre;00_CONTROL\.ig-profile\Default\Service Worker\CacheStorage\579544fd7d0441717f082c9eb123588966aa57ac\70b31a3c-9c62-42ae-936f-bbc365817254\a98098b99e7d2869_0;ruta-larga
nombre;00_CONTROL\.ig-profile\Default\Service Worker\CacheStorage\579544fd7d0441717f082c9eb123588966aa57ac\70b31a3c-9c62-42ae-936f-bbc365817254\a9d4becd3632d6ee_0;ruta-larga
nombre;00_CONTROL\.ig-profile\Default\Service Worker\CacheStorage\579544fd7d0441717f082c9eb123588966aa57ac\70b31a3c-9c62-42ae-936f-bbc365817254\a9ef7b7d112096fb_0;ruta-larga
nombre;00_CONTROL\.ig-profile\Default\Service Worker\CacheStorage\579544fd7d0441717f082c9eb123588966aa57ac\70b31a3c-9c62-42ae-936f-bbc365817254\aa4267498c1bdb8e_0;ruta-larga
nombre;00_CONTROL\.ig-profile\Default\Service Worker\CacheStorage\579544fd7d0441717f082c9eb123588966aa57ac\70b31a3c-9c62-42ae-936f-bbc365817254\abb42dd22bb398d8_0;ruta-larga
nombre;00_CONTROL\.ig-profile\Default\Service Worker\CacheStorage\579544fd7d0441717f082c9eb123588966aa57ac\70b31a3c-9c62-42ae-936f-bbc365817254\ac8d4fbbff1e4511_0;ruta-larga
nombre;00_CONTROL\.ig-profile\Default\Service Worker\CacheStorage\579544fd7d0441717f082c9eb123588966aa57ac\70b31a3c-9c62-42ae-936f-bbc365817254\ac8f3a08baae84c7_0;ruta-larga
nombre;00_CONTROL\.ig-profile\Default\Service Worker\CacheStorage\579544fd7d0441717f082c9eb123588966aa57ac\70b31a3c-9c62-42ae-936f-bbc365817254\accbc6b98658fec3_0;ruta-larga
nombre;00_CONTROL\.ig-profile\Default\Service Worker\CacheStorage\579544fd7d0441717f082c9eb123588966aa57ac\70b31a3c-9c62-42ae-936f-bbc365817254\acf7596d327c576c_0;ruta-larga
nombre;00_CONTROL\.ig-profile\Default\Service Worker\CacheStorage\579544fd7d0441717f082c9eb123588966aa57ac\70b31a3c-9c62-42ae-936f-bbc365817254\ad02fae9789df093_0;ruta-larga
nombre;00_CONTROL\.ig-profile\Default\Service Worker\CacheStorage\579544fd7d0441717f082c9eb123588966aa57ac\70b31a3c-9c62-42ae-936f-bbc365817254\ad14117198bec082_0;ruta-larga
nombre;00_CONTROL\.ig-profile\Default\Service Worker\CacheStorage\579544fd7d0441717f082c9eb123588966aa57ac\70b31a3c-9c62-42ae-936f-bbc365817254\ae369f724076d110_0;ruta-larga
nombre;00_CONTROL\.ig-profile\Default\Service Worker\CacheStorage\579544fd7d0441717f082c9eb123588966aa57ac\70b31a3c-9c62-42ae-936f-bbc365817254\ae902f024ac9b001_0;ruta-larga
nombre;00_CONTROL\.ig-profile\Default\Service Worker\CacheStorage\579544fd7d0441717f082c9eb123588966aa57ac\70b31a3c-9c62-42ae-936f-bbc365817254\ae9af5c89b53f7b7_0;ruta-larga
nombre;00_CONTROL\.ig-profile\Default\Service Worker\CacheStorage\579544fd7d0441717f082c9eb123588966aa57ac\70b31a3c-9c62-42ae-936f-bbc365817254\aea414ab5074aa6c_0;ruta-larga
nombre;00_CONTROL\.ig-profile\Default\Service Worker\CacheStorage\579544fd7d0441717f082c9eb123588966aa57ac\70b31a3c-9c62-42ae-936f-bbc365817254\aec58053023a88ac_0;ruta-larga
nombre;00_CONTROL\.ig-profile\Default\Service Worker\CacheStorage\579544fd7d0441717f082c9eb123588966aa57ac\70b31a3c-9c62-42ae-936f-bbc365817254\af11397f610def1d_0;ruta-larga
nombre;00_CONTROL\.ig-profile\Default\Service Worker\CacheStorage\579544fd7d0441717f082c9eb123588966aa57ac\70b31a3c-9c62-42ae-936f-bbc365817254\af2753ca257c8835_0;ruta-larga
nombre;00_CONTROL\.ig-profile\Default\Service Worker\CacheStorage\579544fd7d0441717f082c9eb123588966aa57ac\70b31a3c-9c62-42ae-936f-bbc365817254\af616d40a7566670_0;ruta-larga
nombre;00_CONTROL\.ig-profile\Default\Service Worker\CacheStorage\579544fd7d0441717f082c9eb123588966aa57ac\70b31a3c-9c62-42ae-936f-bbc365817254\af66c8b1d2edf140_0;ruta-larga
nombre;00_CONTROL\.ig-profile\Default\Service Worker\CacheStorage\579544fd7d0441717f082c9eb123588966aa57ac\70b31a3c-9c62-42ae-936f-bbc365817254\afb1287c332f9b5b_0;ruta-larga
nombre;00_CONTROL\.ig-profile\Default\Service Worker\CacheStorage\579544fd7d0441717f082c9eb123588966aa57ac\70b31a3c-9c62-42ae-936f-bbc365817254\b0b96b9337ec0f01_0;ruta-larga
nombre;00_CONTROL\.ig-profile\Default\Service Worker\CacheStorage\579544fd7d0441717f082c9eb123588966aa57ac\70b31a3c-9c62-42ae-936f-bbc365817254\b0fcfb2205e12b8c_0;ruta-larga
nombre;00_CONTROL\.ig-profile\Default\Service Worker\CacheStorage\579544fd7d0441717f082c9eb123588966aa57ac\70b31a3c-9c62-42ae-936f-bbc365817254\b11399c2d34b65ec_0;ruta-larga
nombre;00_CONTROL\.ig-profile\Default\Service Worker\CacheStorage\579544fd7d0441717f082c9eb123588966aa57ac\70b31a3c-9c62-42ae-936f-bbc365817254\b13f8d35dd4416ee_0;ruta-larga
nombre;00_CONTROL\.ig-profile\Default\Service Worker\CacheStorage\579544fd7d0441717f082c9eb123588966aa57ac\70b31a3c-9c62-42ae-936f-bbc365817254\b17089788610695d_0;ruta-larga
nombre;00_CONTROL\.ig-profile\Default\Service Worker\CacheStorage\579544fd7d0441717f082c9eb123588966aa57ac\70b31a3c-9c62-42ae-936f-bbc365817254\b20fb40450b8df8d_0;ruta-larga
nombre;00_CONTROL\.ig-profile\Default\Service Worker\CacheStorage\579544fd7d0441717f082c9eb123588966aa57ac\70b31a3c-9c62-42ae-936f-bbc365817254\b253d9782a04fa24_0;ruta-larga
nombre;00_CONTROL\.ig-profile\Default\Service Worker\CacheStorage\579544fd7d0441717f082c9eb123588966aa57ac\70b31a3c-9c62-42ae-936f-bbc365817254\b25fb755218203c7_0;ruta-larga
nombre;00_CONTROL\.ig-profile\Default\Service Worker\CacheStorage\579544fd7d0441717f082c9eb123588966aa57ac\70b31a3c-9c62-42ae-936f-bbc365817254\b27f4456a0893c22_0;ruta-larga
nombre;00_CONTROL\.ig-profile\Default\Service Worker\CacheStorage\579544fd7d0441717f082c9eb123588966aa57ac\70b31a3c-9c62-42ae-936f-bbc365817254\b334d6f43db7225f_0;ruta-larga
nombre;00_CONTROL\.ig-profile\Default\Service Worker\CacheStorage\579544fd7d0441717f082c9eb123588966aa57ac\70b31a3c-9c62-42ae-936f-bbc365817254\b375963a13a8ca2a_0;ruta-larga
nombre;00_CONTROL\.ig-profile\Default\Service Worker\CacheStorage\579544fd7d0441717f082c9eb123588966aa57ac\70b31a3c-9c62-42ae-936f-bbc365817254\b3b3268a576e2217_0;ruta-larga
nombre;00_CONTROL\.ig-profile\Default\Service Worker\CacheStorage\579544fd7d0441717f082c9eb123588966aa57ac\70b31a3c-9c62-42ae-936f-bbc365817254\b4b3413faa63c5c9_0;ruta-larga
nombre;00_CONTROL\.ig-profile\Default\Service Worker\CacheStorage\579544fd7d0441717f082c9eb123588966aa57ac\70b31a3c-9c62-42ae-936f-bbc365817254\b535d4da7e56c833_0;ruta-larga
nombre;00_CONTROL\.ig-profile\Default\Service Worker\CacheStorage\579544fd7d0441717f082c9eb123588966aa57ac\70b31a3c-9c62-42ae-936f-bbc365817254\b5384dfe649ae3c9_0;ruta-larga
nombre;00_CONTROL\.ig-profile\Default\Service Worker\CacheStorage\579544fd7d0441717f082c9eb123588966aa57ac\70b31a3c-9c62-42ae-936f-bbc365817254\b57d38814d61150e_0;ruta-larga
nombre;00_CONTROL\.ig-profile\Default\Service Worker\CacheStorage\579544fd7d0441717f082c9eb123588966aa57ac\70b31a3c-9c62-42ae-936f-bbc365817254\b5db8021d45d1a84_0;ruta-larga
nombre;00_CONTROL\.ig-profile\Default\Service Worker\CacheStorage\579544fd7d0441717f082c9eb123588966aa57ac\70b31a3c-9c62-42ae-936f-bbc365817254\b60781e5744b2a1c_0;ruta-larga
nombre;00_CONTROL\.ig-profile\Default\Service Worker\CacheStorage\579544fd7d0441717f082c9eb123588966aa57ac\70b31a3c-9c62-42ae-936f-bbc365817254\b64bde2f4d5986c7_0;ruta-larga
nombre;00_CONTROL\.ig-profile\Default\Service Worker\CacheStorage\579544fd7d0441717f082c9eb123588966aa57ac\70b31a3c-9c62-42ae-936f-bbc365817254\b6994106f42f340a_0;ruta-larga
nombre;00_CONTROL\.ig-profile\Default\Service Worker\CacheStorage\579544fd7d0441717f082c9eb123588966aa57ac\70b31a3c-9c62-42ae-936f-bbc365817254\b70da7e783de3e3f_0;ruta-larga
nombre;00_CONTROL\.ig-profile\Default\Service Worker\CacheStorage\579544fd7d0441717f082c9eb123588966aa57ac\70b31a3c-9c62-42ae-936f-bbc365817254\b71ed6589c7be093_0;ruta-larga
nombre;00_CONTROL\.ig-profile\Default\Service Worker\CacheStorage\579544fd7d0441717f082c9eb123588966aa57ac\70b31a3c-9c62-42ae-936f-bbc365817254\b754d8e55cf362ea_0;ruta-larga
nombre;00_CONTROL\.ig-profile\Default\Service Worker\CacheStorage\579544fd7d0441717f082c9eb123588966aa57ac\70b31a3c-9c62-42ae-936f-bbc365817254\b7909cb8f6e30f6f_0;ruta-larga
nombre;00_CONTROL\.ig-profile\Default\Service Worker\CacheStorage\579544fd7d0441717f082c9eb123588966aa57ac\70b31a3c-9c62-42ae-936f-bbc365817254\b7c6fd9fbd20ecaf_0;ruta-larga
nombre;00_CONTROL\.ig-profile\Default\Service Worker\CacheStorage\579544fd7d0441717f082c9eb123588966aa57ac\70b31a3c-9c62-42ae-936f-bbc365817254\b84030228bcea101_0;ruta-larga
nombre;00_CONTROL\.ig-profile\Default\Service Worker\CacheStorage\579544fd7d0441717f082c9eb123588966aa57ac\70b31a3c-9c62-42ae-936f-bbc365817254\b852063f83c7b9f0_0;ruta-larga
nombre;00_CONTROL\.ig-profile\Default\Service Worker\CacheStorage\579544fd7d0441717f082c9eb123588966aa57ac\70b31a3c-9c62-42ae-936f-bbc365817254\b8c0761c78dae0e5_0;ruta-larga
nombre;00_CONTROL\.ig-profile\Default\Service Worker\CacheStorage\579544fd7d0441717f082c9eb123588966aa57ac\70b31a3c-9c62-42ae-936f-bbc365817254\b8d3986c9b1abcef_0;ruta-larga
nombre;00_CONTROL\.ig-profile\Default\Service Worker\CacheStorage\579544fd7d0441717f082c9eb123588966aa57ac\70b31a3c-9c62-42ae-936f-bbc365817254\b923d597daf5f5da_0;ruta-larga
nombre;00_CONTROL\.ig-profile\Default\Service Worker\CacheStorage\579544fd7d0441717f082c9eb123588966aa57ac\70b31a3c-9c62-42ae-936f-bbc365817254\b9a3f2fc12e61701_0;ruta-larga
nombre;00_CONTROL\.ig-profile\Default\Service Worker\CacheStorage\579544fd7d0441717f082c9eb123588966aa57ac\70b31a3c-9c62-42ae-936f-bbc365817254\b9fc73196a15de83_0;ruta-larga
nombre;00_CONTROL\.ig-profile\Default\Service Worker\CacheStorage\579544fd7d0441717f082c9eb123588966aa57ac\70b31a3c-9c62-42ae-936f-bbc365817254\ba5bae53b65d3bc7_0;ruta-larga
nombre;00_CONTROL\.ig-profile\Default\Service Worker\CacheStorage\579544fd7d0441717f082c9eb123588966aa57ac\70b31a3c-9c62-42ae-936f-bbc365817254\bb61669531d4e58d_0;ruta-larga
nombre;00_CONTROL\.ig-profile\Default\Service Worker\CacheStorage\579544fd7d0441717f082c9eb123588966aa57ac\70b31a3c-9c62-42ae-936f-bbc365817254\bbd63dece1bdf1f8_0;ruta-larga
nombre;00_CONTROL\.ig-profile\Default\Service Worker\CacheStorage\579544fd7d0441717f082c9eb123588966aa57ac\70b31a3c-9c62-42ae-936f-bbc365817254\bc1b9eab080caf12_0;ruta-larga
nombre;00_CONTROL\.ig-profile\Default\Service Worker\CacheStorage\579544fd7d0441717f082c9eb123588966aa57ac\70b31a3c-9c62-42ae-936f-bbc365817254\bcb692b2d63ab273_0;ruta-larga
nombre;00_CONTROL\.ig-profile\Default\Service Worker\CacheStorage\579544fd7d0441717f082c9eb123588966aa57ac\70b31a3c-9c62-42ae-936f-bbc365817254\bd35d25df8e8d68c_0;ruta-larga
nombre;00_CONTROL\.ig-profile\Default\Service Worker\CacheStorage\579544fd7d0441717f082c9eb123588966aa57ac\70b31a3c-9c62-42ae-936f-bbc365817254\bd9efb0b6d94f452_0;ruta-larga
nombre;00_CONTROL\.ig-profile\Default\Service Worker\CacheStorage\579544fd7d0441717f082c9eb123588966aa57ac\70b31a3c-9c62-42ae-936f-bbc365817254\bdcc4a26b93e80bf_0;ruta-larga
nombre;00_CONTROL\.ig-profile\Default\Service Worker\CacheStorage\579544fd7d0441717f082c9eb123588966aa57ac\70b31a3c-9c62-42ae-936f-bbc365817254\bdefb43552790deb_0;ruta-larga
nombre;00_CONTROL\.ig-profile\Default\Service Worker\CacheStorage\579544fd7d0441717f082c9eb123588966aa57ac\70b31a3c-9c62-42ae-936f-bbc365817254\bdf98845dbf92cf7_0;ruta-larga
nombre;00_CONTROL\.ig-profile\Default\Service Worker\CacheStorage\579544fd7d0441717f082c9eb123588966aa57ac\70b31a3c-9c62-42ae-936f-bbc365817254\bf08f2433cc99fa1_0;ruta-larga
nombre;00_CONTROL\.ig-profile\Default\Service Worker\CacheStorage\579544fd7d0441717f082c9eb123588966aa57ac\70b31a3c-9c62-42ae-936f-bbc365817254\bf77de102b70e497_0;ruta-larga
nombre;00_CONTROL\.ig-profile\Default\Service Worker\CacheStorage\579544fd7d0441717f082c9eb123588966aa57ac\70b31a3c-9c62-42ae-936f-bbc365817254\bff5dc42912015d2_0;ruta-larga
nombre;00_CONTROL\.ig-profile\Default\Service Worker\CacheStorage\579544fd7d0441717f082c9eb123588966aa57ac\70b31a3c-9c62-42ae-936f-bbc365817254\c338bdddb184f703_0;ruta-larga
nombre;00_CONTROL\.ig-profile\Default\Service Worker\CacheStorage\579544fd7d0441717f082c9eb123588966aa57ac\70b31a3c-9c62-42ae-936f-bbc365817254\c380b0c4841aa25b_0;ruta-larga
nombre;00_CONTROL\.ig-profile\Default\Service Worker\CacheStorage\579544fd7d0441717f082c9eb123588966aa57ac\70b31a3c-9c62-42ae-936f-bbc365817254\c3c9632fba0bd8d7_0;ruta-larga
nombre;00_CONTROL\.ig-profile\Default\Service Worker\CacheStorage\579544fd7d0441717f082c9eb123588966aa57ac\70b31a3c-9c62-42ae-936f-bbc365817254\c441dfa2465b5fa6_0;ruta-larga
nombre;00_CONTROL\.ig-profile\Default\Service Worker\CacheStorage\579544fd7d0441717f082c9eb123588966aa57ac\70b31a3c-9c62-42ae-936f-bbc365817254\c4515313351f1df3_0;ruta-larga
nombre;00_CONTROL\.ig-profile\Default\Service Worker\CacheStorage\579544fd7d0441717f082c9eb123588966aa57ac\70b31a3c-9c62-42ae-936f-bbc365817254\c4e866e94b70e9ac_0;ruta-larga
nombre;00_CONTROL\.ig-profile\Default\Service Worker\CacheStorage\579544fd7d0441717f082c9eb123588966aa57ac\70b31a3c-9c62-42ae-936f-bbc365817254\c5765227c22fbdf2_0;ruta-larga
nombre;00_CONTROL\.ig-profile\Default\Service Worker\CacheStorage\579544fd7d0441717f082c9eb123588966aa57ac\70b31a3c-9c62-42ae-936f-bbc365817254\c587a83357030b91_0;ruta-larga
nombre;00_CONTROL\.ig-profile\Default\Service Worker\CacheStorage\579544fd7d0441717f082c9eb123588966aa57ac\70b31a3c-9c62-42ae-936f-bbc365817254\c591d07e12a43bf2_0;ruta-larga
nombre;00_CONTROL\.ig-profile\Default\Service Worker\CacheStorage\579544fd7d0441717f082c9eb123588966aa57ac\70b31a3c-9c62-42ae-936f-bbc365817254\c5bb406ae3cf31e5_0;ruta-larga
nombre;00_CONTROL\.ig-profile\Default\Service Worker\CacheStorage\579544fd7d0441717f082c9eb123588966aa57ac\70b31a3c-9c62-42ae-936f-bbc365817254\c6c9e29b3412b09c_0;ruta-larga
nombre;00_CONTROL\.ig-profile\Default\Service Worker\CacheStorage\579544fd7d0441717f082c9eb123588966aa57ac\70b31a3c-9c62-42ae-936f-bbc365817254\c7a30a85a85d0ee9_0;ruta-larga
nombre;00_CONTROL\.ig-profile\Default\Service Worker\CacheStorage\579544fd7d0441717f082c9eb123588966aa57ac\70b31a3c-9c62-42ae-936f-bbc365817254\c884bad1d888a6ca_0;ruta-larga
nombre;00_CONTROL\.ig-profile\Default\Service Worker\CacheStorage\579544fd7d0441717f082c9eb123588966aa57ac\70b31a3c-9c62-42ae-936f-bbc365817254\c9393eb9835030ef_0;ruta-larga
nombre;00_CONTROL\.ig-profile\Default\Service Worker\CacheStorage\579544fd7d0441717f082c9eb123588966aa57ac\70b31a3c-9c62-42ae-936f-bbc365817254\c9d81d6c12c3977f_0;ruta-larga
nombre;00_CONTROL\.ig-profile\Default\Service Worker\CacheStorage\579544fd7d0441717f082c9eb123588966aa57ac\70b31a3c-9c62-42ae-936f-bbc365817254\cb5b394264a7b03f_0;ruta-larga
nombre;00_CONTROL\.ig-profile\Default\Service Worker\CacheStorage\579544fd7d0441717f082c9eb123588966aa57ac\70b31a3c-9c62-42ae-936f-bbc365817254\cbdb9df688ab59c1_0;ruta-larga
nombre;00_CONTROL\.ig-profile\Default\Service Worker\CacheStorage\579544fd7d0441717f082c9eb123588966aa57ac\70b31a3c-9c62-42ae-936f-bbc365817254\cbe8c6cc8cdf4253_0;ruta-larga
nombre;00_CONTROL\.ig-profile\Default\Service Worker\CacheStorage\579544fd7d0441717f082c9eb123588966aa57ac\70b31a3c-9c62-42ae-936f-bbc365817254\cc839ca63759a933_0;ruta-larga
nombre;00_CONTROL\.ig-profile\Default\Service Worker\CacheStorage\579544fd7d0441717f082c9eb123588966aa57ac\70b31a3c-9c62-42ae-936f-bbc365817254\cd49d7961e20a6a1_0;ruta-larga
nombre;00_CONTROL\.ig-profile\Default\Service Worker\CacheStorage\579544fd7d0441717f082c9eb123588966aa57ac\70b31a3c-9c62-42ae-936f-bbc365817254\cd5860071fc9af25_0;ruta-larga
nombre;00_CONTROL\.ig-profile\Default\Service Worker\CacheStorage\579544fd7d0441717f082c9eb123588966aa57ac\70b31a3c-9c62-42ae-936f-bbc365817254\cfcf69a2a44c3240_0;ruta-larga
nombre;00_CONTROL\.ig-profile\Default\Service Worker\CacheStorage\579544fd7d0441717f082c9eb123588966aa57ac\70b31a3c-9c62-42ae-936f-bbc365817254\d01e08504cf7f0d2_0;ruta-larga
nombre;00_CONTROL\.ig-profile\Default\Service Worker\CacheStorage\579544fd7d0441717f082c9eb123588966aa57ac\70b31a3c-9c62-42ae-936f-bbc365817254\d08588d1c7114cf6_0;ruta-larga
nombre;00_CONTROL\.ig-profile\Default\Service Worker\CacheStorage\579544fd7d0441717f082c9eb123588966aa57ac\70b31a3c-9c62-42ae-936f-bbc365817254\d120c6efa03f7bcf_0;ruta-larga
nombre;00_CONTROL\.ig-profile\Default\Service Worker\CacheStorage\579544fd7d0441717f082c9eb123588966aa57ac\70b31a3c-9c62-42ae-936f-bbc365817254\d162575e51be1b1b_0;ruta-larga
nombre;00_CONTROL\.ig-profile\Default\Service Worker\CacheStorage\579544fd7d0441717f082c9eb123588966aa57ac\70b31a3c-9c62-42ae-936f-bbc365817254\d1628889ec2280b2_0;ruta-larga
nombre;00_CONTROL\.ig-profile\Default\Service Worker\CacheStorage\579544fd7d0441717f082c9eb123588966aa57ac\70b31a3c-9c62-42ae-936f-bbc365817254\d1958a4c2322ae80_0;ruta-larga
nombre;00_CONTROL\.ig-profile\Default\Service Worker\CacheStorage\579544fd7d0441717f082c9eb123588966aa57ac\70b31a3c-9c62-42ae-936f-bbc365817254\d1d74df0e0804e09_0;ruta-larga
nombre;00_CONTROL\.ig-profile\Default\Service Worker\CacheStorage\579544fd7d0441717f082c9eb123588966aa57ac\70b31a3c-9c62-42ae-936f-bbc365817254\d25dd5c26ab005c4_0;ruta-larga
nombre;00_CONTROL\.ig-profile\Default\Service Worker\CacheStorage\579544fd7d0441717f082c9eb123588966aa57ac\70b31a3c-9c62-42ae-936f-bbc365817254\d266e92b0ea7b46d_0;ruta-larga
nombre;00_CONTROL\.ig-profile\Default\Service Worker\CacheStorage\579544fd7d0441717f082c9eb123588966aa57ac\70b31a3c-9c62-42ae-936f-bbc365817254\d28e10a752b14040_0;ruta-larga
nombre;00_CONTROL\.ig-profile\Default\Service Worker\CacheStorage\579544fd7d0441717f082c9eb123588966aa57ac\70b31a3c-9c62-42ae-936f-bbc365817254\d2b0ca3185c63611_0;ruta-larga
nombre;00_CONTROL\.ig-profile\Default\Service Worker\CacheStorage\579544fd7d0441717f082c9eb123588966aa57ac\70b31a3c-9c62-42ae-936f-bbc365817254\d3150e10cc3f8100_0;ruta-larga
nombre;00_CONTROL\.ig-profile\Default\Service Worker\CacheStorage\579544fd7d0441717f082c9eb123588966aa57ac\70b31a3c-9c62-42ae-936f-bbc365817254\d32c1ae48c08773b_0;ruta-larga
nombre;00_CONTROL\.ig-profile\Default\Service Worker\CacheStorage\579544fd7d0441717f082c9eb123588966aa57ac\70b31a3c-9c62-42ae-936f-bbc365817254\d41452f8148bab4f_0;ruta-larga
nombre;00_CONTROL\.ig-profile\Default\Service Worker\CacheStorage\579544fd7d0441717f082c9eb123588966aa57ac\70b31a3c-9c62-42ae-936f-bbc365817254\d4890a4a0126077f_0;ruta-larga
nombre;00_CONTROL\.ig-profile\Default\Service Worker\CacheStorage\579544fd7d0441717f082c9eb123588966aa57ac\70b31a3c-9c62-42ae-936f-bbc365817254\d5d07c05706867e3_0;ruta-larga
nombre;00_CONTROL\.ig-profile\Default\Service Worker\CacheStorage\579544fd7d0441717f082c9eb123588966aa57ac\70b31a3c-9c62-42ae-936f-bbc365817254\d63ecd498f2df031_0;ruta-larga
nombre;00_CONTROL\.ig-profile\Default\Service Worker\CacheStorage\579544fd7d0441717f082c9eb123588966aa57ac\70b31a3c-9c62-42ae-936f-bbc365817254\d6b435b13658ad79_0;ruta-larga
nombre;00_CONTROL\.ig-profile\Default\Service Worker\CacheStorage\579544fd7d0441717f082c9eb123588966aa57ac\70b31a3c-9c62-42ae-936f-bbc365817254\d724a6a489355fd7_0;ruta-larga
nombre;00_CONTROL\.ig-profile\Default\Service Worker\CacheStorage\579544fd7d0441717f082c9eb123588966aa57ac\70b31a3c-9c62-42ae-936f-bbc365817254\d7614f8e699d7af7_0;ruta-larga
nombre;00_CONTROL\.ig-profile\Default\Service Worker\CacheStorage\579544fd7d0441717f082c9eb123588966aa57ac\70b31a3c-9c62-42ae-936f-bbc365817254\d7860e993a5630c3_0;ruta-larga
nombre;00_CONTROL\.ig-profile\Default\Service Worker\CacheStorage\579544fd7d0441717f082c9eb123588966aa57ac\70b31a3c-9c62-42ae-936f-bbc365817254\d7c1eb09513b88dc_0;ruta-larga
nombre;00_CONTROL\.ig-profile\Default\Service Worker\CacheStorage\579544fd7d0441717f082c9eb123588966aa57ac\70b31a3c-9c62-42ae-936f-bbc365817254\d7ee02e163765039_0;ruta-larga
nombre;00_CONTROL\.ig-profile\Default\Service Worker\CacheStorage\579544fd7d0441717f082c9eb123588966aa57ac\70b31a3c-9c62-42ae-936f-bbc365817254\d85ab24a940b886b_0;ruta-larga
nombre;00_CONTROL\.ig-profile\Default\Service Worker\CacheStorage\579544fd7d0441717f082c9eb123588966aa57ac\70b31a3c-9c62-42ae-936f-bbc365817254\d868e21a071aaa88_0;ruta-larga
nombre;00_CONTROL\.ig-profile\Default\Service Worker\CacheStorage\579544fd7d0441717f082c9eb123588966aa57ac\70b31a3c-9c62-42ae-936f-bbc365817254\d86a30efba8dca7d_0;ruta-larga
nombre;00_CONTROL\.ig-profile\Default\Service Worker\CacheStorage\579544fd7d0441717f082c9eb123588966aa57ac\70b31a3c-9c62-42ae-936f-bbc365817254\d877c081a5e74446_0;ruta-larga
nombre;00_CONTROL\.ig-profile\Default\Service Worker\CacheStorage\579544fd7d0441717f082c9eb123588966aa57ac\70b31a3c-9c62-42ae-936f-bbc365817254\d904d5df8bcc2368_0;ruta-larga
nombre;00_CONTROL\.ig-profile\Default\Service Worker\CacheStorage\579544fd7d0441717f082c9eb123588966aa57ac\70b31a3c-9c62-42ae-936f-bbc365817254\da9bf1b664b212e4_0;ruta-larga
nombre;00_CONTROL\.ig-profile\Default\Service Worker\CacheStorage\579544fd7d0441717f082c9eb123588966aa57ac\70b31a3c-9c62-42ae-936f-bbc365817254\daf657e3d886e3f5_0;ruta-larga
nombre;00_CONTROL\.ig-profile\Default\Service Worker\CacheStorage\579544fd7d0441717f082c9eb123588966aa57ac\70b31a3c-9c62-42ae-936f-bbc365817254\db9869d05db04f19_0;ruta-larga
nombre;00_CONTROL\.ig-profile\Default\Service Worker\CacheStorage\579544fd7d0441717f082c9eb123588966aa57ac\70b31a3c-9c62-42ae-936f-bbc365817254\dc0b85e29399b7db_0;ruta-larga
nombre;00_CONTROL\.ig-profile\Default\Service Worker\CacheStorage\579544fd7d0441717f082c9eb123588966aa57ac\70b31a3c-9c62-42ae-936f-bbc365817254\dd86e516f7ea18c3_0;ruta-larga
nombre;00_CONTROL\.ig-profile\Default\Service Worker\CacheStorage\579544fd7d0441717f082c9eb123588966aa57ac\70b31a3c-9c62-42ae-936f-bbc365817254\de38962cd1ad8145_0;ruta-larga
nombre;00_CONTROL\.ig-profile\Default\Service Worker\CacheStorage\579544fd7d0441717f082c9eb123588966aa57ac\70b31a3c-9c62-42ae-936f-bbc365817254\df1566ee5748d5c8_0;ruta-larga
nombre;00_CONTROL\.ig-profile\Default\Service Worker\CacheStorage\579544fd7d0441717f082c9eb123588966aa57ac\70b31a3c-9c62-42ae-936f-bbc365817254\df29d983c7787c30_0;ruta-larga
nombre;00_CONTROL\.ig-profile\Default\Service Worker\CacheStorage\579544fd7d0441717f082c9eb123588966aa57ac\70b31a3c-9c62-42ae-936f-bbc365817254\e06cabc98b1c4b25_0;ruta-larga
nombre;00_CONTROL\.ig-profile\Default\Service Worker\CacheStorage\579544fd7d0441717f082c9eb123588966aa57ac\70b31a3c-9c62-42ae-936f-bbc365817254\e072450abf56cd4e_0;ruta-larga
nombre;00_CONTROL\.ig-profile\Default\Service Worker\CacheStorage\579544fd7d0441717f082c9eb123588966aa57ac\70b31a3c-9c62-42ae-936f-bbc365817254\e1a11641a222cb84_0;ruta-larga
nombre;00_CONTROL\.ig-profile\Default\Service Worker\CacheStorage\579544fd7d0441717f082c9eb123588966aa57ac\70b31a3c-9c62-42ae-936f-bbc365817254\e1b0a3fbeffc9be3_0;ruta-larga
nombre;00_CONTROL\.ig-profile\Default\Service Worker\CacheStorage\579544fd7d0441717f082c9eb123588966aa57ac\70b31a3c-9c62-42ae-936f-bbc365817254\e2539ce4c4b91c64_0;ruta-larga
nombre;00_CONTROL\.ig-profile\Default\Service Worker\CacheStorage\579544fd7d0441717f082c9eb123588966aa57ac\70b31a3c-9c62-42ae-936f-bbc365817254\e27dc59ce1a1362c_0;ruta-larga
nombre;00_CONTROL\.ig-profile\Default\Service Worker\CacheStorage\579544fd7d0441717f082c9eb123588966aa57ac\70b31a3c-9c62-42ae-936f-bbc365817254\e51b347d4c00be5c_0;ruta-larga
nombre;00_CONTROL\.ig-profile\Default\Service Worker\CacheStorage\579544fd7d0441717f082c9eb123588966aa57ac\70b31a3c-9c62-42ae-936f-bbc365817254\e56ddf935567f7ef_0;ruta-larga
nombre;00_CONTROL\.ig-profile\Default\Service Worker\CacheStorage\579544fd7d0441717f082c9eb123588966aa57ac\70b31a3c-9c62-42ae-936f-bbc365817254\e6a4d86dbe08b13e_0;ruta-larga
nombre;00_CONTROL\.ig-profile\Default\Service Worker\CacheStorage\579544fd7d0441717f082c9eb123588966aa57ac\70b31a3c-9c62-42ae-936f-bbc365817254\e783970fc7df1fe0_0;ruta-larga
nombre;00_CONTROL\.ig-profile\Default\Service Worker\CacheStorage\579544fd7d0441717f082c9eb123588966aa57ac\70b31a3c-9c62-42ae-936f-bbc365817254\e8fca6e5aa54903c_0;ruta-larga
nombre;00_CONTROL\.ig-profile\Default\Service Worker\CacheStorage\579544fd7d0441717f082c9eb123588966aa57ac\70b31a3c-9c62-42ae-936f-bbc365817254\e909f7c6df34fa61_0;ruta-larga
nombre;00_CONTROL\.ig-profile\Default\Service Worker\CacheStorage\579544fd7d0441717f082c9eb123588966aa57ac\70b31a3c-9c62-42ae-936f-bbc365817254\e90b160176cd82b1_0;ruta-larga
nombre;00_CONTROL\.ig-profile\Default\Service Worker\CacheStorage\579544fd7d0441717f082c9eb123588966aa57ac\70b31a3c-9c62-42ae-936f-bbc365817254\e97e0c67bace2cf0_0;ruta-larga
nombre;00_CONTROL\.ig-profile\Default\Service Worker\CacheStorage\579544fd7d0441717f082c9eb123588966aa57ac\70b31a3c-9c62-42ae-936f-bbc365817254\e97f8dab42e0d8e7_0;ruta-larga
nombre;00_CONTROL\.ig-profile\Default\Service Worker\CacheStorage\579544fd7d0441717f082c9eb123588966aa57ac\70b31a3c-9c62-42ae-936f-bbc365817254\e9953b743f7c2f41_0;ruta-larga
nombre;00_CONTROL\.ig-profile\Default\Service Worker\CacheStorage\579544fd7d0441717f082c9eb123588966aa57ac\70b31a3c-9c62-42ae-936f-bbc365817254\ea213b800075ab34_0;ruta-larga
nombre;00_CONTROL\.ig-profile\Default\Service Worker\CacheStorage\579544fd7d0441717f082c9eb123588966aa57ac\70b31a3c-9c62-42ae-936f-bbc365817254\ea7647fca069f90f_0;ruta-larga
nombre;00_CONTROL\.ig-profile\Default\Service Worker\CacheStorage\579544fd7d0441717f082c9eb123588966aa57ac\70b31a3c-9c62-42ae-936f-bbc365817254\eae1d667c105527a_0;ruta-larga
nombre;00_CONTROL\.ig-profile\Default\Service Worker\CacheStorage\579544fd7d0441717f082c9eb123588966aa57ac\70b31a3c-9c62-42ae-936f-bbc365817254\eaf75b8fe5189380_0;ruta-larga
nombre;00_CONTROL\.ig-profile\Default\Service Worker\CacheStorage\579544fd7d0441717f082c9eb123588966aa57ac\70b31a3c-9c62-42ae-936f-bbc365817254\ebfec19c01a2e65b_0;ruta-larga
nombre;00_CONTROL\.ig-profile\Default\Service Worker\CacheStorage\579544fd7d0441717f082c9eb123588966aa57ac\70b31a3c-9c62-42ae-936f-bbc365817254\eccb5f0dcff7ac51_0;ruta-larga
nombre;00_CONTROL\.ig-profile\Default\Service Worker\CacheStorage\579544fd7d0441717f082c9eb123588966aa57ac\70b31a3c-9c62-42ae-936f-bbc365817254\ed35e8f7da1e5e18_0;ruta-larga
nombre;00_CONTROL\.ig-profile\Default\Service Worker\CacheStorage\579544fd7d0441717f082c9eb123588966aa57ac\70b31a3c-9c62-42ae-936f-bbc365817254\ed88fc92ee703cf0_0;ruta-larga
nombre;00_CONTROL\.ig-profile\Default\Service Worker\CacheStorage\579544fd7d0441717f082c9eb123588966aa57ac\70b31a3c-9c62-42ae-936f-bbc365817254\edc4373b200da25f_0;ruta-larga
nombre;00_CONTROL\.ig-profile\Default\Service Worker\CacheStorage\579544fd7d0441717f082c9eb123588966aa57ac\70b31a3c-9c62-42ae-936f-bbc365817254\ee829bf4f42f1888_0;ruta-larga
nombre;00_CONTROL\.ig-profile\Default\Service Worker\CacheStorage\579544fd7d0441717f082c9eb123588966aa57ac\70b31a3c-9c62-42ae-936f-bbc365817254\ef2982b5975e4296_0;ruta-larga
nombre;00_CONTROL\.ig-profile\Default\Service Worker\CacheStorage\579544fd7d0441717f082c9eb123588966aa57ac\70b31a3c-9c62-42ae-936f-bbc365817254\ef5b2db1a8142fc9_0;ruta-larga
nombre;00_CONTROL\.ig-profile\Default\Service Worker\CacheStorage\579544fd7d0441717f082c9eb123588966aa57ac\70b31a3c-9c62-42ae-936f-bbc365817254\efbc196a4dfb22aa_0;ruta-larga
nombre;00_CONTROL\.ig-profile\Default\Service Worker\CacheStorage\579544fd7d0441717f082c9eb123588966aa57ac\70b31a3c-9c62-42ae-936f-bbc365817254\efd475c526c9c1d8_0;ruta-larga
nombre;00_CONTROL\.ig-profile\Default\Service Worker\CacheStorage\579544fd7d0441717f082c9eb123588966aa57ac\70b31a3c-9c62-42ae-936f-bbc365817254\f016fbdaf514b269_0;ruta-larga
nombre;00_CONTROL\.ig-profile\Default\Service Worker\CacheStorage\579544fd7d0441717f082c9eb123588966aa57ac\70b31a3c-9c62-42ae-936f-bbc365817254\f1263cdcb28a2882_0;ruta-larga
nombre;00_CONTROL\.ig-profile\Default\Service Worker\CacheStorage\579544fd7d0441717f082c9eb123588966aa57ac\70b31a3c-9c62-42ae-936f-bbc365817254\f22388deab1c296d_0;ruta-larga
nombre;00_CONTROL\.ig-profile\Default\Service Worker\CacheStorage\579544fd7d0441717f082c9eb123588966aa57ac\70b31a3c-9c62-42ae-936f-bbc365817254\f267e80a6f81f4b5_0;ruta-larga
nombre;00_CONTROL\.ig-profile\Default\Service Worker\CacheStorage\579544fd7d0441717f082c9eb123588966aa57ac\70b31a3c-9c62-42ae-936f-bbc365817254\f2b90e027d21b687_0;ruta-larga
nombre;00_CONTROL\.ig-profile\Default\Service Worker\CacheStorage\579544fd7d0441717f082c9eb123588966aa57ac\70b31a3c-9c62-42ae-936f-bbc365817254\f3f5fbc2f09835ce_0;ruta-larga
nombre;00_CONTROL\.ig-profile\Default\Service Worker\CacheStorage\579544fd7d0441717f082c9eb123588966aa57ac\70b31a3c-9c62-42ae-936f-bbc365817254\f4e079ef6a9cdb5e_0;ruta-larga
nombre;00_CONTROL\.ig-profile\Default\Service Worker\CacheStorage\579544fd7d0441717f082c9eb123588966aa57ac\70b31a3c-9c62-42ae-936f-bbc365817254\f529e18a77966546_0;ruta-larga
nombre;00_CONTROL\.ig-profile\Default\Service Worker\CacheStorage\579544fd7d0441717f082c9eb123588966aa57ac\70b31a3c-9c62-42ae-936f-bbc365817254\f5a310cc8b2edd28_0;ruta-larga
nombre;00_CONTROL\.ig-profile\Default\Service Worker\CacheStorage\579544fd7d0441717f082c9eb123588966aa57ac\70b31a3c-9c62-42ae-936f-bbc365817254\f5beb7f811387224_0;ruta-larga
nombre;00_CONTROL\.ig-profile\Default\Service Worker\CacheStorage\579544fd7d0441717f082c9eb123588966aa57ac\70b31a3c-9c62-42ae-936f-bbc365817254\f66df915c89a519d_0;ruta-larga
nombre;00_CONTROL\.ig-profile\Default\Service Worker\CacheStorage\579544fd7d0441717f082c9eb123588966aa57ac\70b31a3c-9c62-42ae-936f-bbc365817254\f6c0156a2fea2845_0;ruta-larga
nombre;00_CONTROL\.ig-profile\Default\Service Worker\CacheStorage\579544fd7d0441717f082c9eb123588966aa57ac\70b31a3c-9c62-42ae-936f-bbc365817254\f6f4d65c2f0747df_0;ruta-larga
nombre;00_CONTROL\.ig-profile\Default\Service Worker\CacheStorage\579544fd7d0441717f082c9eb123588966aa57ac\70b31a3c-9c62-42ae-936f-bbc365817254\f71b17f7ebd58e9d_0;ruta-larga
nombre;00_CONTROL\.ig-profile\Default\Service Worker\CacheStorage\579544fd7d0441717f082c9eb123588966aa57ac\70b31a3c-9c62-42ae-936f-bbc365817254\f791b588370f3828_0;ruta-larga
nombre;00_CONTROL\.ig-profile\Default\Service Worker\CacheStorage\579544fd7d0441717f082c9eb123588966aa57ac\70b31a3c-9c62-42ae-936f-bbc365817254\f7ae4156a119fb28_0;ruta-larga
nombre;00_CONTROL\.ig-profile\Default\Service Worker\CacheStorage\579544fd7d0441717f082c9eb123588966aa57ac\70b31a3c-9c62-42ae-936f-bbc365817254\f877fef425749231_0;ruta-larga
nombre;00_CONTROL\.ig-profile\Default\Service Worker\CacheStorage\579544fd7d0441717f082c9eb123588966aa57ac\70b31a3c-9c62-42ae-936f-bbc365817254\f8901d129c274bed_0;ruta-larga
nombre;00_CONTROL\.ig-profile\Default\Service Worker\CacheStorage\579544fd7d0441717f082c9eb123588966aa57ac\70b31a3c-9c62-42ae-936f-bbc365817254\f895d0a6446241da_0;ruta-larga
nombre;00_CONTROL\.ig-profile\Default\Service Worker\CacheStorage\579544fd7d0441717f082c9eb123588966aa57ac\70b31a3c-9c62-42ae-936f-bbc365817254\f8d79728ff97f661_0;ruta-larga
nombre;00_CONTROL\.ig-profile\Default\Service Worker\CacheStorage\579544fd7d0441717f082c9eb123588966aa57ac\70b31a3c-9c62-42ae-936f-bbc365817254\f8e0d7196e603f5c_0;ruta-larga
nombre;00_CONTROL\.ig-profile\Default\Service Worker\CacheStorage\579544fd7d0441717f082c9eb123588966aa57ac\70b31a3c-9c62-42ae-936f-bbc365817254\fa4ed36594c5557d_0;ruta-larga
nombre;00_CONTROL\.ig-profile\Default\Service Worker\CacheStorage\579544fd7d0441717f082c9eb123588966aa57ac\70b31a3c-9c62-42ae-936f-bbc365817254\fb0c98a284d9915a_0;ruta-larga
nombre;00_CONTROL\.ig-profile\Default\Service Worker\CacheStorage\579544fd7d0441717f082c9eb123588966aa57ac\70b31a3c-9c62-42ae-936f-bbc365817254\fb96252ef371bd49_0;ruta-larga
nombre;00_CONTROL\.ig-profile\Default\Service Worker\CacheStorage\579544fd7d0441717f082c9eb123588966aa57ac\70b31a3c-9c62-42ae-936f-bbc365817254\fcbc1da413162718_0;ruta-larga
nombre;00_CONTROL\.ig-profile\Default\Service Worker\CacheStorage\579544fd7d0441717f082c9eb123588966aa57ac\70b31a3c-9c62-42ae-936f-bbc365817254\fd1abaa0e6192be7_0;ruta-larga
nombre;00_CONTROL\.ig-profile\Default\Service Worker\CacheStorage\579544fd7d0441717f082c9eb123588966aa57ac\70b31a3c-9c62-42ae-936f-bbc365817254\fd5f5589973f3caa_0;ruta-larga
nombre;00_CONTROL\.ig-profile\Default\Service Worker\CacheStorage\579544fd7d0441717f082c9eb123588966aa57ac\70b31a3c-9c62-42ae-936f-bbc365817254\fe0825ba0022493e_0;ruta-larga
nombre;00_CONTROL\.ig-profile\Default\Service Worker\CacheStorage\579544fd7d0441717f082c9eb123588966aa57ac\70b31a3c-9c62-42ae-936f-bbc365817254\fe0863a94af0f7c9_0;ruta-larga
nombre;00_CONTROL\.ig-profile\Default\Service Worker\CacheStorage\579544fd7d0441717f082c9eb123588966aa57ac\70b31a3c-9c62-42ae-936f-bbc365817254\fe756b47c45a5730_0;ruta-larga
nombre;00_CONTROL\.ig-profile\Default\Service Worker\CacheStorage\579544fd7d0441717f082c9eb123588966aa57ac\70b31a3c-9c62-42ae-936f-bbc365817254\fe8c580bed1de761_0;ruta-larga
nombre;00_CONTROL\.ig-profile\Default\Service Worker\CacheStorage\579544fd7d0441717f082c9eb123588966aa57ac\70b31a3c-9c62-42ae-936f-bbc365817254\febdb5cc1f915199_0;ruta-larga
nombre;00_CONTROL\.ig-profile\Default\Service Worker\CacheStorage\579544fd7d0441717f082c9eb123588966aa57ac\70b31a3c-9c62-42ae-936f-bbc365817254\ff36c015dd67add3_0;ruta-larga
nombre;00_CONTROL\.ig-profile\Default\Service Worker\CacheStorage\579544fd7d0441717f082c9eb123588966aa57ac\70b31a3c-9c62-42ae-936f-bbc365817254\ffa1cfeb1d201a97_0;ruta-larga
nombre;00_CONTROL\.ig-profile\Default\Service Worker\CacheStorage\579544fd7d0441717f082c9eb123588966aa57ac\70b31a3c-9c62-42ae-936f-bbc365817254\index-dir\the-real-index;ruta-larga
nombre;00_CONTROL\.ig-profile\Default\Service Worker\CacheStorage\579544fd7d0441717f082c9eb123588966aa57ac\9b743d5b-c8be-470d-a5f7-de1c1b00d9d4\7f08f0e5f7ed34e5_0;ruta-larga
nombre;00_CONTROL\.ig-profile\Default\Service Worker\CacheStorage\579544fd7d0441717f082c9eb123588966aa57ac\9b743d5b-c8be-470d-a5f7-de1c1b00d9d4\b2005066068b53bf_0;ruta-larga
nombre;00_CONTROL\.ig-profile\Default\Service Worker\CacheStorage\579544fd7d0441717f082c9eb123588966aa57ac\9b743d5b-c8be-470d-a5f7-de1c1b00d9d4\b22e5651a969af87_0;ruta-larga
nombre;00_CONTROL\.ig-profile\Default\Service Worker\CacheStorage\579544fd7d0441717f082c9eb123588966aa57ac\9b743d5b-c8be-470d-a5f7-de1c1b00d9d4\index-dir\the-real-index;ruta-larga
nombre;00_CONTROL\.ig-profile\Default\Service Worker\CacheStorage\f278ba7242a4b0474c6478429cbbac36bd73e18d\63b0ad6d-1a5a-4060-86b8-33d9caffe274\080f915ea078118a_0;ruta-larga
nombre;00_CONTROL\.ig-profile\Default\Service Worker\CacheStorage\f278ba7242a4b0474c6478429cbbac36bd73e18d\63b0ad6d-1a5a-4060-86b8-33d9caffe274\0c7ca62737dccf75_0;ruta-larga
nombre;00_CONTROL\.ig-profile\Default\Service Worker\CacheStorage\f278ba7242a4b0474c6478429cbbac36bd73e18d\63b0ad6d-1a5a-4060-86b8-33d9caffe274\0e570a5993230d0a_0;ruta-larga
nombre;00_CONTROL\.ig-profile\Default\Service Worker\CacheStorage\f278ba7242a4b0474c6478429cbbac36bd73e18d\63b0ad6d-1a5a-4060-86b8-33d9caffe274\10995cd5ba637876_0;ruta-larga
nombre;00_CONTROL\.ig-profile\Default\Service Worker\CacheStorage\f278ba7242a4b0474c6478429cbbac36bd73e18d\63b0ad6d-1a5a-4060-86b8-33d9caffe274\10c55faa09235c8b_0;ruta-larga
nombre;00_CONTROL\.ig-profile\Default\Service Worker\CacheStorage\f278ba7242a4b0474c6478429cbbac36bd73e18d\63b0ad6d-1a5a-4060-86b8-33d9caffe274\1c9f8ea9d96951fb_0;ruta-larga
nombre;00_CONTROL\.ig-profile\Default\Service Worker\CacheStorage\f278ba7242a4b0474c6478429cbbac36bd73e18d\63b0ad6d-1a5a-4060-86b8-33d9caffe274\220fb2ee695ed241_0;ruta-larga
nombre;00_CONTROL\.ig-profile\Default\Service Worker\CacheStorage\f278ba7242a4b0474c6478429cbbac36bd73e18d\63b0ad6d-1a5a-4060-86b8-33d9caffe274\314c122e07d6bb66_0;ruta-larga
nombre;00_CONTROL\.ig-profile\Default\Service Worker\CacheStorage\f278ba7242a4b0474c6478429cbbac36bd73e18d\63b0ad6d-1a5a-4060-86b8-33d9caffe274\327aa8d571b15d4e_0;ruta-larga
nombre;00_CONTROL\.ig-profile\Default\Service Worker\CacheStorage\f278ba7242a4b0474c6478429cbbac36bd73e18d\63b0ad6d-1a5a-4060-86b8-33d9caffe274\463203b260e87778_0;ruta-larga
nombre;00_CONTROL\.ig-profile\Default\Service Worker\CacheStorage\f278ba7242a4b0474c6478429cbbac36bd73e18d\63b0ad6d-1a5a-4060-86b8-33d9caffe274\481ec232333f4763_0;ruta-larga
nombre;00_CONTROL\.ig-profile\Default\Service Worker\CacheStorage\f278ba7242a4b0474c6478429cbbac36bd73e18d\63b0ad6d-1a5a-4060-86b8-33d9caffe274\486910a000e794bd_0;ruta-larga
nombre;00_CONTROL\.ig-profile\Default\Service Worker\CacheStorage\f278ba7242a4b0474c6478429cbbac36bd73e18d\63b0ad6d-1a5a-4060-86b8-33d9caffe274\4cfaa271d76bf53f_0;ruta-larga
nombre;00_CONTROL\.ig-profile\Default\Service Worker\CacheStorage\f278ba7242a4b0474c6478429cbbac36bd73e18d\63b0ad6d-1a5a-4060-86b8-33d9caffe274\54d30886af56dca1_0;ruta-larga
nombre;00_CONTROL\.ig-profile\Default\Service Worker\CacheStorage\f278ba7242a4b0474c6478429cbbac36bd73e18d\63b0ad6d-1a5a-4060-86b8-33d9caffe274\6ac2eb3b27cc6c9d_0;ruta-larga
nombre;00_CONTROL\.ig-profile\Default\Service Worker\CacheStorage\f278ba7242a4b0474c6478429cbbac36bd73e18d\63b0ad6d-1a5a-4060-86b8-33d9caffe274\74cd3af4c1d573c4_0;ruta-larga
nombre;00_CONTROL\.ig-profile\Default\Service Worker\CacheStorage\f278ba7242a4b0474c6478429cbbac36bd73e18d\63b0ad6d-1a5a-4060-86b8-33d9caffe274\78142062675918b9_0;ruta-larga
nombre;00_CONTROL\.ig-profile\Default\Service Worker\CacheStorage\f278ba7242a4b0474c6478429cbbac36bd73e18d\63b0ad6d-1a5a-4060-86b8-33d9caffe274\797d43ed3348b3e3_0;ruta-larga
nombre;00_CONTROL\.ig-profile\Default\Service Worker\CacheStorage\f278ba7242a4b0474c6478429cbbac36bd73e18d\63b0ad6d-1a5a-4060-86b8-33d9caffe274\88a476813439adfd_0;ruta-larga
nombre;00_CONTROL\.ig-profile\Default\Service Worker\CacheStorage\f278ba7242a4b0474c6478429cbbac36bd73e18d\63b0ad6d-1a5a-4060-86b8-33d9caffe274\8aa49a822d4b2b05_0;ruta-larga
nombre;00_CONTROL\.ig-profile\Default\Service Worker\CacheStorage\f278ba7242a4b0474c6478429cbbac36bd73e18d\63b0ad6d-1a5a-4060-86b8-33d9caffe274\8fed3ac770aa6643_0;ruta-larga
nombre;00_CONTROL\.ig-profile\Default\Service Worker\CacheStorage\f278ba7242a4b0474c6478429cbbac36bd73e18d\63b0ad6d-1a5a-4060-86b8-33d9caffe274\9d60c29301eb465d_0;ruta-larga
nombre;00_CONTROL\.ig-profile\Default\Service Worker\CacheStorage\f278ba7242a4b0474c6478429cbbac36bd73e18d\63b0ad6d-1a5a-4060-86b8-33d9caffe274\9de18b14ad6f9a2d_0;ruta-larga
nombre;00_CONTROL\.ig-profile\Default\Service Worker\CacheStorage\f278ba7242a4b0474c6478429cbbac36bd73e18d\63b0ad6d-1a5a-4060-86b8-33d9caffe274\a035edb6c21bba1d_0;ruta-larga
nombre;00_CONTROL\.ig-profile\Default\Service Worker\CacheStorage\f278ba7242a4b0474c6478429cbbac36bd73e18d\63b0ad6d-1a5a-4060-86b8-33d9caffe274\a9555db2f00d16e5_0;ruta-larga
nombre;00_CONTROL\.ig-profile\Default\Service Worker\CacheStorage\f278ba7242a4b0474c6478429cbbac36bd73e18d\63b0ad6d-1a5a-4060-86b8-33d9caffe274\adef4d8f179b89c3_0;ruta-larga
nombre;00_CONTROL\.ig-profile\Default\Service Worker\CacheStorage\f278ba7242a4b0474c6478429cbbac36bd73e18d\63b0ad6d-1a5a-4060-86b8-33d9caffe274\b955b0db9146f248_0;ruta-larga
nombre;00_CONTROL\.ig-profile\Default\Service Worker\CacheStorage\f278ba7242a4b0474c6478429cbbac36bd73e18d\63b0ad6d-1a5a-4060-86b8-33d9caffe274\bde693892187bd6f_0;ruta-larga
nombre;00_CONTROL\.ig-profile\Default\Service Worker\CacheStorage\f278ba7242a4b0474c6478429cbbac36bd73e18d\63b0ad6d-1a5a-4060-86b8-33d9caffe274\c0525a82984a36d9_0;ruta-larga
nombre;00_CONTROL\.ig-profile\Default\Service Worker\CacheStorage\f278ba7242a4b0474c6478429cbbac36bd73e18d\63b0ad6d-1a5a-4060-86b8-33d9caffe274\c3d9403896f46a2c_0;ruta-larga
nombre;00_CONTROL\.ig-profile\Default\Service Worker\CacheStorage\f278ba7242a4b0474c6478429cbbac36bd73e18d\63b0ad6d-1a5a-4060-86b8-33d9caffe274\c76d8204969fb031_0;ruta-larga
nombre;00_CONTROL\.ig-profile\Default\Service Worker\CacheStorage\f278ba7242a4b0474c6478429cbbac36bd73e18d\63b0ad6d-1a5a-4060-86b8-33d9caffe274\c9be454d252448c4_0;ruta-larga
nombre;00_CONTROL\.ig-profile\Default\Service Worker\CacheStorage\f278ba7242a4b0474c6478429cbbac36bd73e18d\63b0ad6d-1a5a-4060-86b8-33d9caffe274\cfe299372f9a6026_0;ruta-larga
nombre;00_CONTROL\.ig-profile\Default\Service Worker\CacheStorage\f278ba7242a4b0474c6478429cbbac36bd73e18d\63b0ad6d-1a5a-4060-86b8-33d9caffe274\dc36cfb859525ebf_0;ruta-larga
nombre;00_CONTROL\.ig-profile\Default\Service Worker\CacheStorage\f278ba7242a4b0474c6478429cbbac36bd73e18d\63b0ad6d-1a5a-4060-86b8-33d9caffe274\ebb6c6d4ef091b42_0;ruta-larga
nombre;00_CONTROL\.ig-profile\Default\Service Worker\CacheStorage\f278ba7242a4b0474c6478429cbbac36bd73e18d\63b0ad6d-1a5a-4060-86b8-33d9caffe274\ed5a116ab2e90336_0;ruta-larga
nombre;00_CONTROL\.ig-profile\Default\Service Worker\CacheStorage\f278ba7242a4b0474c6478429cbbac36bd73e18d\63b0ad6d-1a5a-4060-86b8-33d9caffe274\f348317dbfc604c4_0;ruta-larga
nombre;00_CONTROL\.ig-profile\Default\Service Worker\CacheStorage\f278ba7242a4b0474c6478429cbbac36bd73e18d\63b0ad6d-1a5a-4060-86b8-33d9caffe274\f37c87cb65c2dad1_0;ruta-larga
nombre;00_CONTROL\.ig-profile\Default\Service Worker\CacheStorage\f278ba7242a4b0474c6478429cbbac36bd73e18d\63b0ad6d-1a5a-4060-86b8-33d9caffe274\f6a6d7275b1c494a_0;ruta-larga
nombre;00_CONTROL\.ig-profile\Default\Service Worker\CacheStorage\f278ba7242a4b0474c6478429cbbac36bd73e18d\63b0ad6d-1a5a-4060-86b8-33d9caffe274\f8d33d9d4e8cc420_0;ruta-larga
nombre;00_CONTROL\.ig-profile\Default\Service Worker\CacheStorage\f278ba7242a4b0474c6478429cbbac36bd73e18d\63b0ad6d-1a5a-4060-86b8-33d9caffe274\index-dir\the-real-index;ruta-larga
nombre;03_ESCALA\DOCUMENTACION_ENTREGADA\PREGUNTAS  TESTIMONIOS.docx;doble-espacio
nombre;ARCHIVO_DOCUMENTAL\06_ARCHIVO_HISTORICO\ACADEMICO_LEGACY_2026-08-28\Admción.-Exposic\Adción por Objetivos Gris[1].pptx;corchetes
nombre;ARCHIVO_DOCUMENTAL\06_ARCHIVO_HISTORICO\ACADEMICO_LEGACY_2026-08-28\Evaluaciones Admción\1er. Quiz  Admción 2010 II Nocturno. 2 L.A.[1] (Autoguardado).docx;"corchetes;doble-espacio;ruta-larga"
nombre;ARCHIVO_DOCUMENTAL\06_ARCHIVO_HISTORICO\ACADEMICO_LEGACY_2026-08-28\Evaluaciones Admción\1er. Quiz  Admción 2010 Nocturno. 2 L.A.[1] (Autoguardado).docx;"corchetes;doble-espacio"
nombre;ARCHIVO_DOCUMENTAL\06_ARCHIVO_HISTORICO\ACADEMICO_LEGACY_2026-08-28\Evaluaciones Admción\1er. Quiz  Admción 2010 Nocturno. 3L.A.[1] (Autoguardado).docx;"corchetes;doble-espacio"
nombre;ARCHIVO_DOCUMENTAL\06_ARCHIVO_HISTORICO\ACADEMICO_LEGACY_2026-08-28\Evaluaciones Admción\1er. Quiz  Admción 2010. 2 L.A.[1] (Autoguardado).docx;"corchetes;doble-espacio"
nombre;ARCHIVO_DOCUMENTAL\06_ARCHIVO_HISTORICO\ACADEMICO_LEGACY_2026-08-28\Evaluaciones Admción\1er. Quiz  Admción 2010.II.docx;doble-espacio
nombre;ARCHIVO_DOCUMENTAL\06_ARCHIVO_HISTORICO\ACADEMICO_LEGACY_2026-08-28\Evaluaciones Admción\1er. Quiz  Admción 2011-II.docx;doble-espacio
nombre;ARCHIVO_DOCUMENTAL\06_ARCHIVO_HISTORICO\ACADEMICO_LEGACY_2026-08-28\Evaluaciones Admción\1er. Quiz  Admción 2011.docx;doble-espacio
nombre;ARCHIVO_DOCUMENTAL\06_ARCHIVO_HISTORICO\ACADEMICO_LEGACY_2026-08-28\Evaluaciones Admción\1er. Quiz  Admción Diurno. 2 L.A.[1].doc;"corchetes;doble-espacio"
nombre;ARCHIVO_DOCUMENTAL\06_ARCHIVO_HISTORICO\ACADEMICO_LEGACY_2026-08-28\Evaluaciones Admción\1er. Quiz  Admción Nocturno. 2 L.A.[1] (Autoguardado).doc;"corchetes;doble-espacio"
nombre;ARCHIVO_DOCUMENTAL\06_ARCHIVO_HISTORICO\ACADEMICO_LEGACY_2026-08-28\Evaluaciones Admción\2do. Quiz   Admción(A1) 2010. 2 L.A.[1] (Autoguardado).docx;"corchetes;doble-espacio;copias-(1)(1)"
nombre;ARCHIVO_DOCUMENTAL\06_ARCHIVO_HISTORICO\ACADEMICO_LEGACY_2026-08-28\Evaluaciones Admción\2do. Quiz   Admción2012.docx;doble-espacio
nombre;ARCHIVO_DOCUMENTAL\06_ARCHIVO_HISTORICO\ACADEMICO_LEGACY_2026-08-28\Evaluaciones Admción\2do. Quiz . Quiz  Admción 2010. 2 L.A.[1] (Autoguardado).docx;"corchetes;doble-espacio"
nombre;ARCHIVO_DOCUMENTAL\06_ARCHIVO_HISTORICO\ACADEMICO_LEGACY_2026-08-28\Evaluaciones Admción\2do. Quiz . Quiz  Admción 2010. II.docx;doble-espacio
nombre;ARCHIVO_DOCUMENTAL\06_ARCHIVO_HISTORICO\ACADEMICO_LEGACY_2026-08-28\Evaluaciones Admción\2do. Quiz . Quiz  Admción B2.docx;doble-espacio
nombre;ARCHIVO_DOCUMENTAL\06_ARCHIVO_HISTORICO\ACADEMICO_LEGACY_2026-08-28\Evaluaciones Admción\2do. Quiz . Quiz  Admción B22.docx;doble-espacio
nombre;ARCHIVO_DOCUMENTAL\06_ARCHIVO_HISTORICO\ACADEMICO_LEGACY_2026-08-28\Evaluaciones Admción\2do. Quiz . Quiz  Admción2  2010. II.docx;doble-espacio
nombre;ARCHIVO_DOCUMENTAL\06_ARCHIVO_HISTORICO\ACADEMICO_LEGACY_2026-08-28\Evaluaciones Admción\2do. Quiz . Quiz  Admción2  2013.docx;doble-espacio
nombre;ARCHIVO_DOCUMENTAL\06_ARCHIVO_HISTORICO\ACADEMICO_LEGACY_2026-08-28\Evaluaciones Admción\2do. Quiz . Quiz  Admción3 2010. II.docx;doble-espacio
nombre;ARCHIVO_DOCUMENTAL\06_ARCHIVO_HISTORICO\ACADEMICO_LEGACY_2026-08-28\Evaluaciones Admción\2do.Quiz  Admción Nocturno. 2 L.A.[1] (Autoguardado).doc;"corchetes;doble-espacio"
nombre;ARCHIVO_DOCUMENTAL\06_ARCHIVO_HISTORICO\ACADEMICO_LEGACY_2026-08-28\Evaluaciones Admción\Final  Pensam. Adm. 3.docx;doble-espacio
nombre;ARCHIVO_DOCUMENTAL\06_ARCHIVO_HISTORICO\ACADEMICO_LEGACY_2026-08-28\Evaluaciones Admción\Final Admción Nocturno. 2 L.A.[1] (Autoguardado).doc;corchetes
nombre;ARCHIVO_DOCUMENTAL\06_ARCHIVO_HISTORICO\ACADEMICO_LEGACY_2026-08-28\Evaluaciones Admción\Final Admción Nocturno. 4 L.A.[1] (Autoguardado).docx;corchetes
nombre;ARCHIVO_DOCUMENTAL\06_ARCHIVO_HISTORICO\ACADEMICO_LEGACY_2026-08-28\Evaluaciones Admción\Final Admción Nocturno. 5 L.A.[1] (Autoguardado).docx;corchetes
nombre;ARCHIVO_DOCUMENTAL\06_ARCHIVO_HISTORICO\ACADEMICO_LEGACY_2026-08-28\Evaluaciones Admción\Final Admción32 L.A.[1] (Autoguardado).docx;corchetes
nombre;ARCHIVO_DOCUMENTAL\06_ARCHIVO_HISTORICO\ACADEMICO_LEGACY_2026-08-28\Evaluaciones Admción\FubalAdmción Nocturno. 2 L.A.[1] (Autoguardado).doc;corchetes
nombre;ARCHIVO_DOCUMENTAL\06_ARCHIVO_HISTORICO\ACADEMICO_LEGACY_2026-08-28\Evaluaciones Admción\Habilitación  Admción. nocturno 2011.docx;doble-espacio
nombre;ARCHIVO_DOCUMENTAL\06_ARCHIVO_HISTORICO\ACADEMICO_LEGACY_2026-08-28\Evaluaciones Admción\Habilitación Pens. Admt.L.A.[1] (Autoguardado).docx;corchetes
nombre;ARCHIVO_DOCUMENTAL\06_ARCHIVO_HISTORICO\ACADEMICO_LEGACY_2026-08-28\Evaluaciones Admción\Parcial Pensam Admt. 2 L.A.[1].doc;corchetes
nombre;ARCHIVO_DOCUMENTAL\06_ARCHIVO_HISTORICO\ACADEMICO_LEGACY_2026-08-28\Evaluaciones Admción\Parcial Pensam Admt. A1 .[1].doc;corchetes
nombre;ARCHIVO_DOCUMENTAL\06_ARCHIVO_HISTORICO\ACADEMICO_LEGACY_2026-08-28\Evaluaciones Admción\Parcial Pensam Admt. L.A.[1].doc;corchetes
nombre;ARCHIVO_DOCUMENTAL\06_ARCHIVO_HISTORICO\ACADEMICO_LEGACY_2026-08-28\Evaluaciones Admción\~$o. Quiz . Quiz  Admción 2010. II.docx;doble-espacio
nombre;ARCHIVO_DOCUMENTAL\06_ARCHIVO_HISTORICO\ACADEMICO_LEGACY_2026-08-28\Evaluaciones Admción\~$o. Quiz . Quiz  Admción2  2010. II.docx;doble-espacio
nombre;ARCHIVO_DOCUMENTAL\06_ARCHIVO_HISTORICO\ACADEMICO_LEGACY_2026-08-28\Evaluaciones Admción\~$r. Quiz  Admción 2010 Nocturno. 2 L.A.[1] (Autoguardado).docx;"corchetes;doble-espacio"
nombre;ARCHIVO_DOCUMENTAL\06_ARCHIVO_HISTORICO\ACADEMICO_LEGACY_2026-08-28\Evaluaciones\Conversión tasas-Diurno 2[1].docx;corchetes
nombre;ARCHIVO_DOCUMENTAL\06_ARCHIVO_HISTORICO\ACADEMICO_LEGACY_2026-08-28\Evaluaciones\Conversión tasas-ITM[1].docx;corchetes
nombre;ARCHIVO_DOCUMENTAL\06_ARCHIVO_HISTORICO\ACADEMICO_LEGACY_2026-08-28\Evaluaciones\Conversión tasas-Junio 15 2[1].docx;corchetes
nombre;ARCHIVO_DOCUMENTAL\06_ARCHIVO_HISTORICO\ACADEMICO_LEGACY_2026-08-28\Evaluaciones\Final  Pensam. Adm. 2.doc;doble-espacio
nombre;ARCHIVO_DOCUMENTAL\06_ARCHIVO_HISTORICO\ACADEMICO_LEGACY_2026-08-28\Evaluaciones\Gerencia_de_Proyectos 2[1]_(Autoguardado).doc;corchetes
nombre;ARCHIVO_DOCUMENTAL\06_ARCHIVO_HISTORICO\ACADEMICO_LEGACY_2026-08-28\Evaluaciones\Gerencia_de_Proyectos Nocturno B[1]_(Autoguardado).doc;corchetes
nombre;ARCHIVO_DOCUMENTAL\06_ARCHIVO_HISTORICO\ACADEMICO_LEGACY_2026-08-28\Evaluaciones\Gerencia_de_Proyectos Nocturno[1]_(Autoguardado).doc;corchetes
nombre;ARCHIVO_DOCUMENTAL\06_ARCHIVO_HISTORICO\ACADEMICO_LEGACY_2026-08-28\Evaluaciones\Gerencia_de_Proyectos[1]_(Autoguardado).doc;corchetes
nombre;ARCHIVO_DOCUMENTAL\06_ARCHIVO_HISTORICO\ACADEMICO_LEGACY_2026-08-28\Evaluaciones\Habilitación  Pensam. Adm. 3.docx;doble-espacio
nombre;ARCHIVO_DOCUMENTAL\06_ARCHIVO_HISTORICO\ACADEMICO_LEGACY_2026-08-28\Evaluaciones\Habilitación[1].docx;corchetes
nombre;ARCHIVO_DOCUMENTAL\06_ARCHIVO_HISTORICO\ACADEMICO_LEGACY_2026-08-28\Evaluaciones\Interés Compuesto 2 ITM 2[1].docx;corchetes
nombre;ARCHIVO_DOCUMENTAL\06_ARCHIVO_HISTORICO\ACADEMICO_LEGACY_2026-08-28\Evaluaciones\Interés Compuesto ITM 2[1].docx;corchetes
nombre;ARCHIVO_DOCUMENTAL\06_ARCHIVO_HISTORICO\ACADEMICO_LEGACY_2026-08-28\Evaluaciones\Interés Compuesto ITM 3[1].docx;corchetes
nombre;ARCHIVO_DOCUMENTAL\06_ARCHIVO_HISTORICO\ACADEMICO_LEGACY_2026-08-28\Evaluaciones\Parcial Conversión tasas 2-Diurno 2010 2[1].docx;corchetes
nombre;ARCHIVO_DOCUMENTAL\06_ARCHIVO_HISTORICO\ACADEMICO_LEGACY_2026-08-28\Evaluaciones\Parcial Conversión tasas-Diurno 2010 2[1].docx;corchetes
nombre;ARCHIVO_DOCUMENTAL\06_ARCHIVO_HISTORICO\ACADEMICO_LEGACY_2026-08-28\Evaluaciones\Parcial Conversión tasas-Diurno 2[1].docx;corchetes
nombre;ARCHIVO_DOCUMENTAL\06_ARCHIVO_HISTORICO\ACADEMICO_LEGACY_2026-08-28\Evaluaciones\Parcial Conversión tasas-Nocturno 2[1].docx;corchetes
nombre;ARCHIVO_DOCUMENTAL\06_ARCHIVO_HISTORICO\ACADEMICO_LEGACY_2026-08-28\Evaluaciones\Quiz Anualidades  Amortizac. 2 ITM.docx;doble-espacio
nombre;ARCHIVO_DOCUMENTAL\06_ARCHIVO_HISTORICO\ACADEMICO_LEGACY_2026-08-28\Evaluaciones\Quiz Anualidades  Amortizac. ITM.docx;doble-espacio
nombre;ARCHIVO_DOCUMENTAL\06_ARCHIVO_HISTORICO\ACADEMICO_LEGACY_2026-08-28\Evaluaciones\Quiz Anualidades itm  4.docx;doble-espacio
nombre;ARCHIVO_DOCUMENTAL\06_ARCHIVO_HISTORICO\ACADEMICO_LEGACY_2026-08-28\Evaluaciones\Quiz Anualidades itm  5.docx;doble-espacio
nombre;ARCHIVO_DOCUMENTAL\06_ARCHIVO_HISTORICO\ACADEMICO_LEGACY_2026-08-28\Evaluaciones\Quiz Anualidadesitm  2.docx;doble-espacio
nombre;ARCHIVO_DOCUMENTAL\06_ARCHIVO_HISTORICO\ACADEMICO_LEGACY_2026-08-28\Evaluaciones\Quiz Conversión tasas-Nocturno 2 2[1].docx;corchetes
nombre;ARCHIVO_DOCUMENTAL\06_ARCHIVO_HISTORICO\ACADEMICO_LEGACY_2026-08-28\Evaluaciones\Quiz Conversión tasas-Nocturno 2[1].docx;corchetes
nombre;ARCHIVO_DOCUMENTAL\06_ARCHIVO_HISTORICO\ACADEMICO_LEGACY_2026-08-28\Evaluaciones\Quiz Final  ITM.docx;doble-espacio
nombre;ARCHIVO_DOCUMENTAL\06_ARCHIVO_HISTORICO\ACADEMICO_LEGACY_2026-08-28\Evaluaciones\Quiz Final 2  ITM.docx;doble-espacio
nombre;ARCHIVO_DOCUMENTAL\06_ARCHIVO_HISTORICO\ACADEMICO_LEGACY_2026-08-28\Evaluaciones\Quiz Interés Compuesto 2[1].doc;corchetes
nombre;ARCHIVO_DOCUMENTAL\06_ARCHIVO_HISTORICO\ACADEMICO_LEGACY_2026-08-28\Evaluaciones\Quiz Interés Compuesto L.A.[1].doc;corchetes
nombre;ARCHIVO_DOCUMENTAL\06_ARCHIVO_HISTORICO\ACADEMICO_LEGACY_2026-08-28\Evaluaciones\Quizl Conversión tasas 2 ITM-Diurno 2[1].docx;corchetes
nombre;ARCHIVO_DOCUMENTAL\06_ARCHIVO_HISTORICO\ACADEMICO_LEGACY_2026-08-28\Evaluaciones\Quizl Conversión tasas ITM-Diurno 2[1].docx;corchetes
nombre;ARCHIVO_DOCUMENTAL\06_ARCHIVO_HISTORICO\ACADEMICO_LEGACY_2026-08-28\Evaluaciones\~$nversión tasas-Diurno 2[1].docx;corchetes
nombre;ARCHIVO_DOCUMENTAL\06_ARCHIVO_HISTORICO\ACADEMICO_LEGACY_2026-08-28\Evaluaciones\~$rcial Pensam Admt. 2 L.A.[1].doc;corchetes
nombre;ARCHIVO_DOCUMENTAL\06_ARCHIVO_HISTORICO\ACADEMICO_LEGACY_2026-08-28\Evaluaciones\~$rencia_de_Proyectos[1]_(Autoguardado).doc;corchetes
nombre;ARCHIVO_DOCUMENTAL\06_ARCHIVO_HISTORICO\ACADEMICO_LEGACY_2026-08-28\JORGE JUL 4\(Microsoft Word - IMAGINARIOS DE ORGANIZACION Y DE RESPONSABILIDAD SOCIAL.pdf;ruta-larga
nombre;ARCHIVO_DOCUMENTAL\06_ARCHIVO_HISTORICO\ACADEMICO_LEGACY_2026-08-28\JORGE JUL 4\ARTÍCULO EVOLUCIÓN 2 [1]...docx;corchetes
nombre;ARCHIVO_DOCUMENTAL\06_ARCHIVO_HISTORICO\ACADEMICO_LEGACY_2026-08-28\JORGE JUL 4\arbol%20de%20deciciones[1].docx;corchetes
nombre;ARCHIVO_DOCUMENTAL\06_ARCHIVO_HISTORICO\ACADEMICO_LEGACY_2026-08-28\Temas Admción\Adción por Objetivos[1].pptx;corchetes
nombre;ARCHIVO_DOCUMENTAL\06_ARCHIVO_HISTORICO\ACADEMICO_LEGACY_2026-08-28\Temas Admción\DIAPOSITIVAS_ELTON MAYO[1].ppt;corchetes
nombre;ARCHIVO_DOCUMENTAL\06_ARCHIVO_HISTORICO\ACADEMICO_LEGACY_2026-08-28\Temas Admción\EL_EXPERIMENTO_DE_HAWTHORNE[1].ppt;corchetes
nombre;ARCHIVO_DOCUMENTAL\06_ARCHIVO_HISTORICO\ACADEMICO_LEGACY_2026-08-28\Temas Admción\Max_weber_2_(2)[1]_SANTIAGO[1].pptx;corchetes
nombre;ARCHIVO_DOCUMENTAL\06_ARCHIVO_HISTORICO\ACADEMICO_LEGACY_2026-08-28\Temas Admción\Pensam. Adtivo\Conceptos  Admción..pptx;doble-espacio
nombre;ARCHIVO_DOCUMENTAL\06_ARCHIVO_HISTORICO\ACADEMICO_LEGACY_2026-08-28\Temas Admción\Pensam. Adtivo\EXPOSIC.ADMON.APO_SABADO_10[1].ppt;corchetes
nombre;ARCHIVO_DOCUMENTAL\06_ARCHIVO_HISTORICO\ACADEMICO_LEGACY_2026-08-28\Temas Admción\fayol_y_sus_principios[1]1.pptx;corchetes
nombre;ARCHIVO_DOCUMENTAL\06_ARCHIVO_HISTORICO\ACADEMICO_LEGACY_2026-08-28\Tesis 2011\NUEVAS FINANZAS PARA EL DESARROLLO DE LAS PEQUEÑAS Y MEDIANAS EMPRESAS LATINOAMERICANAS.docx;ruta-larga
nombre;ARCHIVO_DOCUMENTAL\06_ARCHIVO_HISTORICO\ACADEMICO_LEGACY_2026-08-28\Tesis\Tesis_Marzo_28_2009[1].doc;corchetes
nombre;ARCHIVO_DOCUMENTAL\06_ARCHIVO_HISTORICO\ACADEMICO_LEGACY_2026-08-28\Tesis\Tesis_Noviembre_18_DEFINITIVA_-10[1].11.2009.doc;corchetes
nombre;ARCHIVO_DOCUMENTAL\06_ARCHIVO_HISTORICO\ACADEMICO_LEGACY_2026-08-28\Videos\Little Richard   Tutti Frutti[1].mp3;"corchetes;doble-espacio"
nombre;ARCHIVO_DOCUMENTAL\06_ARCHIVO_HISTORICO\ACADEMICO_LEGACY_2026-08-28\Videos\Little Richard   Tutti Frutti[2].mp3;"corchetes;doble-espacio"
nombre;ARCHIVO_DOCUMENTAL\06_ARCHIVO_HISTORICO\ACADEMICO_LEGACY_2026-08-28\Videos\Little Richard Tutti Frutti lyrics[1].mp3;corchetes
nombre;ARCHIVO_DOCUMENTAL\06_ARCHIVO_HISTORICO\ACADEMICO_LEGACY_2026-08-28\Videos\Little Richard, Tutti Frutti[1].mp3;corchetes
nombre;ARCHIVO_DOCUMENTAL\06_ARCHIVO_HISTORICO\ACADEMICO_LEGACY_2026-08-28\informatica\Los alimentos constructores son los que contienen proteínas se encargan de brindarnos las sustancias necesarias.docx;ruta-larga
nombre;MARC\20_PRODUCTO_DESPIERTA\01_CURRICULO\LEC 1\LEC 1 TEMA 2  VIBRACION Y FRECUENCIA.docx;doble-espacio
nombre;MARC\20_PRODUCTO_DESPIERTA\01_CURRICULO\LEC 2\LEC 11- LAS LEYES UNIVERSALES\LEYES  GRUPO 1.docx;doble-espacio
nombre;MARC\20_PRODUCTO_DESPIERTA\01_CURRICULO\LEC 2\LEC 11- LAS LEYES UNIVERSALES\LEYES  GRUPO 2.docx;doble-espacio
nombre;MARC\20_PRODUCTO_DESPIERTA\01_CURRICULO\LEC 2\LEC 2  LA MENTE.docx;doble-espacio
nombre;MARC\20_PRODUCTO_DESPIERTA\01_CURRICULO\LEC 3\LEC 3   El SER y el EGO.docx;doble-espacio
nombre;MARC\20_PRODUCTO_DESPIERTA\02_HERRAMIENTAS\[PD] Documentos - Como cambiar creencias con la PNL.pdf;corchetes
nombre;MARC\20_PRODUCTO_DESPIERTA\03_MENTORIA\LEC 1  LAS ASOCIACIONES    PLACER - DOLOR.docx;doble-espacio
nombre;MARC\20_PRODUCTO_DESPIERTA\03_MENTORIA\MENTORIA   CLASE  3.docx;doble-espacio
nombre;MARC\20_PRODUCTO_DESPIERTA\04_CHARLAS_TALLERES\CHARLA  PROMOCIÓN TALLER PAREJAS CONSCIENTES.docx;doble-espacio
nombre;MARC\20_PRODUCTO_DESPIERTA\04_CHARLAS_TALLERES\TALLER   RELACIÓN DE PAREJA CONSCIENTE.docx;doble-espacio
nombre;MARC\20_PRODUCTO_DESPIERTA\04_CHARLAS_TALLERES\TEMARIO  TALLER I E.docx;doble-espacio
nombre;MARC\21_TESTIMONIOS\PREGUNTAS  TESTIMONIOS.docx;doble-espacio
nombre;MARC\21_TESTIMONIOS\VIDEOS\ELENA    TESTIMONIO 3.mp4;doble-espacio
nombre;MARC\21_TESTIMONIOS\VIDEOS\VICENT        TESTIMONIO 2.mp4;doble-espacio
nombre;MARC\22_LEAD_MAGNET_EBOOK\LA LOCA EN TU CABEZA\MOCK UP - GENERADOR DE BEST SELLERS 3 (1) (1).pdf;copias-(1)(1)
nombre;MARC\22_LEAD_MAGNET_EBOOK\LA LOCA EN TU CABEZA\PORTADA EBOOK - GENERADOR DE BEST SELLERS 3 (1) (1).pdf;copias-(1)(1)
nombre;MARC\22_LEAD_MAGNET_EBOOK\LA LOCA EN TU CABEZA\✅ La Loca en Tu Cabeza - BORRADOR (Recuperado automáticamente).docx;emoji-en-nombre
nombre;MARC\22_LEAD_MAGNET_EBOOK\LA LOCA EN TU CABEZA\✅ La Loca en Tu Cabeza - BORRADOR.docx;emoji-en-nombre
nombre;MARC\22_LEAD_MAGNET_EBOOK\LA LOCA EN TU CABEZA\✅ La Loca en Tu Cabeza.docx;emoji-en-nombre
nombre;MARC\22_LEAD_MAGNET_EBOOK\LA LOCA EN TU CABEZA\✅ La Loca en Tu Cabeza.pdf;emoji-en-nombre
nombre;MARC\22_LEAD_MAGNET_EBOOK\LA LOCA EN TU CABEZA\🇺🇸 The Madness in Your Head.docx;emoji-en-nombre
nombre;MARC\22_LEAD_MAGNET_EBOOK\LA LOCA EN TU CABEZA\🇺🇸 The Madness in Your Head.pdf;emoji-en-nombre
nombre;MARC\Chat de WhatsApp con MARC (ÚLTIMO EL MÁS RECIENTE)\Chat de WhatsApp con Marc Souza Gil\5.0 IE6 - Contrato de prestación de servicios y garantía de resultados.pdf;ruta-larga
backup;AUDITORIA_GLOBAL\20_INVENTARIO_TOTAL_ARCHIVOS.csv.bak;archivo .bak/~ (conservar)
backup;AURORA\WEB_SOBERANIA_VITAL\index.html.bak_20260904_v1;archivo .bak/~ (conservar)
backup;MARC\APP_DESPIERTA\index.html.bak_20260904_v1;archivo .bak/~ (conservar)
backup;MARC\APP_DESPIERTA\sw.js.bak_20260904_v1;archivo .bak/~ (conservar)
backup;MARC\WEB_DESPIERTA\index.html.bak_20260904_v1;archivo .bak/~ (conservar)
backup;opencode.json.bak;archivo .bak/~ (conservar)
pesado;MARC\24_MEDIA\03_TALLER_EMPRENDIMIENTO\Emprendimiento desde el Ser - 3.mp4;462.5 MB
pesado;MARC\24_MEDIA\03_TALLER_EMPRENDIMIENTO\Emprendimiento desde el Ser - 2.mp4;449.7 MB
pesado;MARC\24_MEDIA\03_TALLER_EMPRENDIMIENTO\Emprendimiento desde el Ser - 4.mp4;341.0 MB
pesado;MARC\24_MEDIA\03_TALLER_EMPRENDIMIENTO\Emprendimiento desde el Ser - 1.mp4;315.8 MB
pesado;MARC\21_TESTIMONIOS\VIDEOS\ANA TESTIMONIO 4.mp4;283.6 MB
pesado;MARC\21_TESTIMONIOS\VIDEOS\ELENA    TESTIMONIO 3.mp4;175.8 MB
pesado;MARC\21_TESTIMONIOS\VIDEOS\VICENT        TESTIMONIO 2.mp4;173.3 MB
pesado;MARC\21_TESTIMONIOS\VIDEOS\GABI TESTIMONIO 1.mp4;173.3 MB
pesado;MARC\24_MEDIA\03_TALLER_EMPRENDIMIENTO\Video Con su salud.mp4;86.2 MB
pesado;MARC\21_TESTIMONIOS\VERSIONES_WEB\ANA_TESTIMONIO_4_web.mp4;55.1 MB
pesado;MARC\24_MEDIA\02_PODCAST_RECONECTA\Reconecta-t 2 Conocerse_part#3.mp3;44.3 MB
pesado;MARC\24_MEDIA\02_PODCAST_RECONECTA\Reconecta-t 4.mp3;40.9 MB
pesado;MARC\24_MEDIA\02_PODCAST_RECONECTA\Reconecta-t 3 De_que_depende_la_felicidad_#2.mp3;34.2 MB
pesado;MARC\21_TESTIMONIOS\VERSIONES_WEB\ELENA_TESTIMONIO_3_web.mp4;33.9 MB
pesado;MARC\24_MEDIA\02_PODCAST_RECONECTA\Reconecta-t 1 Porque_algunos_SI_y_otros_NO_#1 (1).mp3;33.4 MB
pesado;MARC\21_TESTIMONIOS\VERSIONES_WEB\VICENT_TESTIMONIO_2_web.mp4;33.3 MB
pesado;MARC\21_TESTIMONIOS\VERSIONES_WEB\GABI_TESTIMONIO_1_web.mp4;29.0 MB
