ruta_relativa;nombre;ext;categoria;proyecto;bytes;modificado
00_CONTROL\.ig-profile\BrowserMetrics-spare.pma;BrowserMetrics-spare.pma;.pma;otro;00_CONTROL;4194304;2026-09-05 11:31
00_CONTROL\.ig-profile\CertificateRevocation\10758\LICENSE;LICENSE;;otro;00_CONTROL;1558;2026-09-05 02:06
00_CONTROL\.ig-profile\CertificateRevocation\10758\_metadata\verified_contents.json;verified_contents.json;.json;codigo;00_CONTROL;1512;2026-09-05 02:06
00_CONTROL\.ig-profile\CertificateRevocation\10758\crl-set;crl-set;;otro;00_CONTROL;1438627;2026-09-05 02:06
00_CONTROL\.ig-profile\CertificateRevocation\10758\manifest.json;manifest.json;.json;codigo;00_CONTROL;95;2026-09-05 02:06
00_CONTROL\.ig-profile\CrashpadMetrics-active.pma;CrashpadMetrics-active.pma;.pma;otro;00_CONTROL;1048576;2026-09-05 11:30
00_CONTROL\.ig-profile\Crashpad\metadata;metadata;;otro;00_CONTROL;0;2026-09-04 22:43
00_CONTROL\.ig-profile\Crashpad\settings.dat;settings.dat;.dat;otro;00_CONTROL;40;2026-09-05 14:33
00_CONTROL\.ig-profile\Crowd Deny\2026.8.27.61\Preload Data;Preload Data;;otro;00_CONTROL;292469;2026-08-26 20:04
00_CONTROL\.ig-profile\Crowd Deny\2026.8.27.61\_metadata\verified_contents.json;verified_contents.json;.json;codigo;00_CONTROL;1766;2026-08-26 20:04
00_CONTROL\.ig-profile\Crowd Deny\2026.8.27.61\manifest.json;manifest.json;.json;codigo;00_CONTROL;108;2026-08-26 20:04
00_CONTROL\.ig-profile\Default\Account Web Data;Account Web Data;;otro;00_CONTROL;77824;2026-09-05 11:14
00_CONTROL\.ig-profile\Default\Account Web Data-journal;Account Web Data-journal;;otro;00_CONTROL;0;2026-09-05 11:14
00_CONTROL\.ig-profile\Default\AdBlock Custom Resources\000003.log;000003.log;.log;otro;00_CONTROL;0;2026-09-04 22:43
00_CONTROL\.ig-profile\Default\AdBlock Custom Resources\CURRENT;CURRENT;;otro;00_CONTROL;16;2026-09-04 22:43
00_CONTROL\.ig-profile\Default\AdBlock Custom Resources\LOCK;LOCK;;otro;00_CONTROL;0;2026-09-04 22:43
00_CONTROL\.ig-profile\Default\AdBlock Custom Resources\LOG;LOG;;otro;00_CONTROL;452;2026-09-05 11:30
00_CONTROL\.ig-profile\Default\AdBlock Custom Resources\LOG.old;LOG.old;.old;otro;00_CONTROL;452;2026-09-05 11:14
00_CONTROL\.ig-profile\Default\AdBlock Custom Resources\MANIFEST-000001;MANIFEST-000001;;otro;00_CONTROL;41;2026-09-04 22:43
00_CONTROL\.ig-profile\Default\Affiliation Database;Affiliation Database;;otro;00_CONTROL;53248;2026-09-04 22:43
00_CONTROL\.ig-profile\Default\Affiliation Database-journal;Affiliation Database-journal;;otro;00_CONTROL;0;2026-09-04 22:43
00_CONTROL\.ig-profile\Default\AutofillStrikeDatabase\LOCK;LOCK;;otro;00_CONTROL;0;2026-09-04 22:43
00_CONTROL\.ig-profile\Default\AutofillStrikeDatabase\LOG;LOG;;otro;00_CONTROL;0;2026-09-05 11:30
00_CONTROL\.ig-profile\Default\AutofillStrikeDatabase\LOG.old;LOG.old;.old;otro;00_CONTROL;0;2026-09-05 11:14
00_CONTROL\.ig-profile\Default\BookmarkMergedSurfaceOrdering;BookmarkMergedSurfaceOrdering;;otro;00_CONTROL;6;2026-09-05 11:30
00_CONTROL\.ig-profile\Default\BraveWallet\Brave Wallet Storage\000003.log;000003.log;.log;otro;00_CONTROL;0;2026-09-04 22:43
00_CONTROL\.ig-profile\Default\BraveWallet\Brave Wallet Storage\CURRENT;CURRENT;;otro;00_CONTROL;16;2026-09-04 22:43
00_CONTROL\.ig-profile\Default\BraveWallet\Brave Wallet Storage\LOCK;LOCK;;otro;00_CONTROL;0;2026-09-04 22:43
00_CONTROL\.ig-profile\Default\BraveWallet\Brave Wallet Storage\LOG;LOG;;otro;00_CONTROL;468;2026-09-05 11:30
00_CONTROL\.ig-profile\Default\BraveWallet\Brave Wallet Storage\LOG.old;LOG.old;.old;otro;00_CONTROL;468;2026-09-05 11:14
00_CONTROL\.ig-profile\Default\BraveWallet\Brave Wallet Storage\MANIFEST-000001;MANIFEST-000001;;otro;00_CONTROL;41;2026-09-04 22:43
00_CONTROL\.ig-profile\Default\BudgetDatabase\LOCK;LOCK;;otro;00_CONTROL;0;2026-09-04 22:43
00_CONTROL\.ig-profile\Default\BudgetDatabase\LOG;LOG;;otro;00_CONTROL;0;2026-09-05 11:30
00_CONTROL\.ig-profile\Default\BudgetDatabase\LOG.old;LOG.old;.old;otro;00_CONTROL;0;2026-09-05 11:14
00_CONTROL\.ig-profile\Default\Cache\Cache_Data\data_0;data_0;;otro;00_CONTROL;81920;2026-09-05 14:28
00_CONTROL\.ig-profile\Default\Cache\Cache_Data\data_1;data_1;;otro;00_CONTROL;1056768;2026-09-05 14:33
00_CONTROL\.ig-profile\Default\Cache\Cache_Data\data_2;data_2;;otro;00_CONTROL;4202496;2026-09-05 11:55
00_CONTROL\.ig-profile\Default\Cache\Cache_Data\data_3;data_3;;otro;00_CONTROL;16785408;2026-09-05 11:33
00_CONTROL\.ig-profile\Default\Cache\Cache_Data\f_000001;f_000001;;otro;00_CONTROL;33809;2026-09-04 22:43
00_CONTROL\.ig-profile\Default\Cache\Cache_Data\f_000002;f_000002;;otro;00_CONTROL;77953;2026-09-04 22:43
00_CONTROL\.ig-profile\Default\Cache\Cache_Data\f_000003;f_000003;;otro;00_CONTROL;19831;2026-09-04 22:43
00_CONTROL\.ig-profile\Default\Cache\Cache_Data\f_000004;f_000004;;otro;00_CONTROL;24516;2026-09-04 22:43
00_CONTROL\.ig-profile\Default\Cache\Cache_Data\f_000005;f_000005;;otro;00_CONTROL;28053;2026-09-04 22:43
00_CONTROL\.ig-profile\Default\Cache\Cache_Data\f_000006;f_000006;;otro;00_CONTROL;65002;2026-09-04 22:43
00_CONTROL\.ig-profile\Default\Cache\Cache_Data\f_000007;f_000007;;otro;00_CONTROL;35628;2026-09-04 22:43
00_CONTROL\.ig-profile\Default\Cache\Cache_Data\f_000008;f_000008;;otro;00_CONTROL;80842;2026-09-04 22:43
00_CONTROL\.ig-profile\Default\Cache\Cache_Data\f_000009;f_000009;;otro;00_CONTROL;197279;2026-09-04 22:43
00_CONTROL\.ig-profile\Default\Cache\Cache_Data\f_00000a;f_00000a;;otro;00_CONTROL;217401;2026-09-04 22:43
00_CONTROL\.ig-profile\Default\Cache\Cache_Data\f_00000b;f_00000b;;otro;00_CONTROL;565818;2026-09-04 22:43
00_CONTROL\.ig-profile\Default\Cache\Cache_Data\f_00000c;f_00000c;;otro;00_CONTROL;810370;2026-09-04 22:43
00_CONTROL\.ig-profile\Default\Cache\Cache_Data\f_00000d;f_00000d;;otro;00_CONTROL;33192;2026-09-04 22:43
00_CONTROL\.ig-profile\Default\Cache\Cache_Data\f_00000e;f_00000e;;otro;00_CONTROL;183220;2026-09-04 22:43
00_CONTROL\.ig-profile\Default\Cache\Cache_Data\f_00000f;f_00000f;;otro;00_CONTROL;32097;2026-09-04 22:43
00_CONTROL\.ig-profile\Default\Cache\Cache_Data\f_000010;f_000010;;otro;00_CONTROL;27446;2026-09-04 22:43
00_CONTROL\.ig-profile\Default\Cache\Cache_Data\f_000011;f_000011;;otro;00_CONTROL;25578;2026-09-04 22:43
00_CONTROL\.ig-profile\Default\Cache\Cache_Data\f_000012;f_000012;;otro;00_CONTROL;30990;2026-09-04 22:43
00_CONTROL\.ig-profile\Default\Cache\Cache_Data\f_000013;f_000013;;otro;00_CONTROL;22429;2026-09-04 22:43
00_CONTROL\.ig-profile\Default\Cache\Cache_Data\f_000014;f_000014;;otro;00_CONTROL;16645;2026-09-04 22:43
00_CONTROL\.ig-profile\Default\Cache\Cache_Data\f_000015;f_000015;;otro;00_CONTROL;197126;2026-09-04 22:49
00_CONTROL\.ig-profile\Default\Cache\Cache_Data\f_000016;f_000016;;otro;00_CONTROL;672104;2026-09-04 22:49
00_CONTROL\.ig-profile\Default\Cache\Cache_Data\f_000017;f_000017;;otro;00_CONTROL;213959;2026-09-04 22:49
00_CONTROL\.ig-profile\Default\Cache\Cache_Data\f_000018;f_000018;;otro;00_CONTROL;22466;2026-09-04 22:49
00_CONTROL\.ig-profile\Default\Cache\Cache_Data\f_000019;f_000019;;otro;00_CONTROL;26381;2026-09-04 22:49
00_CONTROL\.ig-profile\Default\Cache\Cache_Data\f_00001a;f_00001a;;otro;00_CONTROL;100955;2026-09-04 22:49
00_CONTROL\.ig-profile\Default\Cache\Cache_Data\f_00001b;f_00001b;;otro;00_CONTROL;26296;2026-09-04 22:49
00_CONTROL\.ig-profile\Default\Cache\Cache_Data\f_00001c;f_00001c;;otro;00_CONTROL;354092;2026-09-04 22:49
00_CONTROL\.ig-profile\Default\Cache\Cache_Data\f_00001d;f_00001d;;otro;00_CONTROL;42354;2026-09-04 22:49
00_CONTROL\.ig-profile\Default\Cache\Cache_Data\f_00001e;f_00001e;;otro;00_CONTROL;354092;2026-09-04 22:49
00_CONTROL\.ig-profile\Default\Cache\Cache_Data\f_00001f;f_00001f;;otro;00_CONTROL;40128;2026-09-04 22:49
00_CONTROL\.ig-profile\Default\Cache\Cache_Data\f_000020;f_000020;;otro;00_CONTROL;28923;2026-09-04 22:49
00_CONTROL\.ig-profile\Default\Cache\Cache_Data\f_000021;f_000021;;otro;00_CONTROL;644513;2026-09-04 22:49
00_CONTROL\.ig-profile\Default\Cache\Cache_Data\f_000022;f_000022;;otro;00_CONTROL;25948;2026-09-04 22:49
00_CONTROL\.ig-profile\Default\Cache\Cache_Data\f_000023;f_000023;;otro;00_CONTROL;25186;2026-09-04 22:49
00_CONTROL\.ig-profile\Default\Cache\Cache_Data\f_000024;f_000024;;otro;00_CONTROL;1822778;2026-09-04 22:49
00_CONTROL\.ig-profile\Default\Cache\Cache_Data\f_000025;f_000025;;otro;00_CONTROL;228182;2026-09-04 22:49
00_CONTROL\.ig-profile\Default\Cache\Cache_Data\f_000026;f_000026;;otro;00_CONTROL;532674;2026-09-04 22:49
00_CONTROL\.ig-profile\Default\Cache\Cache_Data\f_000027;f_000027;;otro;00_CONTROL;69427;2026-09-04 22:49
00_CONTROL\.ig-profile\Default\Cache\Cache_Data\f_000028;f_000028;;otro;00_CONTROL;219524;2026-09-04 22:49
00_CONTROL\.ig-profile\Default\Cache\Cache_Data\f_000029;f_000029;;otro;00_CONTROL;1246182;2026-09-04 22:49
00_CONTROL\.ig-profile\Default\Cache\Cache_Data\f_00002a;f_00002a;;otro;00_CONTROL;412616;2026-09-04 22:49
00_CONTROL\.ig-profile\Default\Cache\Cache_Data\f_00002b;f_00002b;;otro;00_CONTROL;289284;2026-09-04 22:49
00_CONTROL\.ig-profile\Default\Cache\Cache_Data\f_00002c;f_00002c;;otro;00_CONTROL;74185;2026-09-04 23:25
00_CONTROL\.ig-profile\Default\Cache\Cache_Data\f_00002d;f_00002d;;otro;00_CONTROL;868402;2026-09-04 23:25
00_CONTROL\.ig-profile\Default\Cache\Cache_Data\f_00002e;f_00002e;;otro;00_CONTROL;571923;2026-09-04 23:25
00_CONTROL\.ig-profile\Default\Cache\Cache_Data\f_00002f;f_00002f;;otro;00_CONTROL;2311394;2026-09-04 23:25
00_CONTROL\.ig-profile\Default\Cache\Cache_Data\f_000030;f_000030;;otro;00_CONTROL;243007;2026-09-04 23:25
00_CONTROL\.ig-profile\Default\Cache\Cache_Data\f_000031;f_000031;;otro;00_CONTROL;73855;2026-09-04 23:25
00_CONTROL\.ig-profile\Default\Cache\Cache_Data\f_000032;f_000032;;otro;00_CONTROL;646530;2026-09-04 23:25
00_CONTROL\.ig-profile\Default\Cache\Cache_Data\f_000033;f_000033;;otro;00_CONTROL;196811;2026-09-04 23:25
00_CONTROL\.ig-profile\Default\Cache\Cache_Data\f_000034;f_000034;;otro;00_CONTROL;201963;2026-09-04 23:26
00_CONTROL\.ig-profile\Default\Cache\Cache_Data\f_000035;f_000035;;otro;00_CONTROL;185562;2026-09-04 23:26
00_CONTROL\.ig-profile\Default\Cache\Cache_Data\f_000036;f_000036;;otro;00_CONTROL;931319;2026-09-04 23:26
00_CONTROL\.ig-profile\Default\Cache\Cache_Data\f_000037;f_000037;;otro;00_CONTROL;217401;2026-09-04 23:26
00_CONTROL\.ig-profile\Default\Cache\Cache_Data\f_000038;f_000038;;otro;00_CONTROL;23402;2026-09-04 23:26
00_CONTROL\.ig-profile\Default\Cache\Cache_Data\f_000039;f_000039;;otro;00_CONTROL;36095;2026-09-04 23:26
00_CONTROL\.ig-profile\Default\Cache\Cache_Data\f_00003a;f_00003a;;otro;00_CONTROL;39649;2026-09-04 23:26
00_CONTROL\.ig-profile\Default\Cache\Cache_Data\f_00003b;f_00003b;;otro;00_CONTROL;48655;2026-09-04 23:26
00_CONTROL\.ig-profile\Default\Cache\Cache_Data\f_00003c;f_00003c;;otro;00_CONTROL;319944;2026-09-04 23:26
00_CONTROL\.ig-profile\Default\Cache\Cache_Data\f_00003d;f_00003d;;otro;00_CONTROL;37012;2026-09-04 23:26
00_CONTROL\.ig-profile\Default\Cache\Cache_Data\f_00003e;f_00003e;;otro;00_CONTROL;32508;2026-09-04 23:26
00_CONTROL\.ig-profile\Default\Cache\Cache_Data\f_00003f;f_00003f;;otro;00_CONTROL;41282;2026-09-04 23:26
00_CONTROL\.ig-profile\Default\Cache\Cache_Data\f_000040;f_000040;;otro;00_CONTROL;263066;2026-09-04 23:26
00_CONTROL\.ig-profile\Default\Cache\Cache_Data\f_000041;f_000041;;otro;00_CONTROL;154781;2026-09-04 23:26
00_CONTROL\.ig-profile\Default\Cache\Cache_Data\f_000042;f_000042;;otro;00_CONTROL;57329;2026-09-04 23:26
00_CONTROL\.ig-profile\Default\Cache\Cache_Data\f_000043;f_000043;;otro;00_CONTROL;45296;2026-09-04 23:26
00_CONTROL\.ig-profile\Default\Cache\Cache_Data\f_000044;f_000044;;otro;00_CONTROL;79882;2026-09-04 23:26
00_CONTROL\.ig-profile\Default\Cache\Cache_Data\f_000045;f_000045;;otro;00_CONTROL;77953;2026-09-04 23:26
00_CONTROL\.ig-profile\Default\Cache\Cache_Data\f_000046;f_000046;;otro;00_CONTROL;37958;2026-09-04 23:26
00_CONTROL\.ig-profile\Default\Cache\Cache_Data\f_000047;f_000047;;otro;00_CONTROL;202474;2026-09-04 23:27
00_CONTROL\.ig-profile\Default\Cache\Cache_Data\f_000048;f_000048;;otro;00_CONTROL;81149;2026-09-04 23:27
00_CONTROL\.ig-profile\Default\Cache\Cache_Data\f_000049;f_000049;;otro;00_CONTROL;1249454;2026-09-04 23:27
00_CONTROL\.ig-profile\Default\Cache\Cache_Data\f_00004a;f_00004a;;otro;00_CONTROL;290243;2026-09-04 23:27
00_CONTROL\.ig-profile\Default\Cache\Cache_Data\f_00004b;f_00004b;;otro;00_CONTROL;222271;2026-09-04 23:27
00_CONTROL\.ig-profile\Default\Cache\Cache_Data\f_00004c;f_00004c;;otro;00_CONTROL;32097;2026-09-04 23:27
00_CONTROL\.ig-profile\Default\Cache\Cache_Data\f_00004d;f_00004d;;otro;00_CONTROL;27446;2026-09-04 23:27
00_CONTROL\.ig-profile\Default\Cache\Cache_Data\f_00004e;f_00004e;;otro;00_CONTROL;50601;2026-09-04 23:27
00_CONTROL\.ig-profile\Default\Cache\Cache_Data\f_00004f;f_00004f;;otro;00_CONTROL;291022;2026-09-04 23:27
00_CONTROL\.ig-profile\Default\Cache\Cache_Data\f_000050;f_000050;;otro;00_CONTROL;16584;2026-09-04 23:27
00_CONTROL\.ig-profile\Default\Cache\Cache_Data\f_000051;f_000051;;otro;00_CONTROL;37985;2026-09-04 23:27
00_CONTROL\.ig-profile\Default\Cache\Cache_Data\f_000052;f_000052;;otro;00_CONTROL;31578;2026-09-04 23:27
00_CONTROL\.ig-profile\Default\Cache\Cache_Data\f_000053;f_000053;;otro;00_CONTROL;24720;2026-09-04 23:27
00_CONTROL\.ig-profile\Default\Cache\Cache_Data\f_000054;f_000054;;otro;00_CONTROL;287897;2026-09-04 23:27
00_CONTROL\.ig-profile\Default\Cache\Cache_Data\f_000055;f_000055;;otro;00_CONTROL;19851;2026-09-04 23:27
00_CONTROL\.ig-profile\Default\Cache\Cache_Data\f_000056;f_000056;;otro;00_CONTROL;330716;2026-09-04 23:27
00_CONTROL\.ig-profile\Default\Cache\Cache_Data\f_000057;f_000057;;otro;00_CONTROL;248658;2026-09-04 23:27
00_CONTROL\.ig-profile\Default\Cache\Cache_Data\f_000058;f_000058;;otro;00_CONTROL;240613;2026-09-04 23:27
00_CONTROL\.ig-profile\Default\Cache\Cache_Data\f_000059;f_000059;;otro;00_CONTROL;32707;2026-09-04 23:27
00_CONTROL\.ig-profile\Default\Cache\Cache_Data\f_00005a;f_00005a;;otro;00_CONTROL;74850;2026-09-04 23:27
00_CONTROL\.ig-profile\Default\Cache\Cache_Data\f_00005b;f_00005b;;otro;00_CONTROL;31832;2026-09-04 23:27
00_CONTROL\.ig-profile\Default\Cache\Cache_Data\f_00005c;f_00005c;;otro;00_CONTROL;201976;2026-09-04 23:28
00_CONTROL\.ig-profile\Default\Cache\Cache_Data\f_00005d;f_00005d;;otro;00_CONTROL;39382;2026-09-04 23:28
00_CONTROL\.ig-profile\Default\Cache\Cache_Data\f_00005e;f_00005e;;otro;00_CONTROL;45951;2026-09-04 23:28
00_CONTROL\.ig-profile\Default\Cache\Cache_Data\f_00005f;f_00005f;;otro;00_CONTROL;88958;2026-09-04 23:28
00_CONTROL\.ig-profile\Default\Cache\Cache_Data\f_000060;f_000060;;otro;00_CONTROL;1190864;2026-09-04 23:28
00_CONTROL\.ig-profile\Default\Cache\Cache_Data\f_000061;f_000061;;otro;00_CONTROL;144092;2026-09-04 23:28
00_CONTROL\.ig-profile\Default\Cache\Cache_Data\f_000062;f_000062;;otro;00_CONTROL;141976;2026-09-04 23:28
00_CONTROL\.ig-profile\Default\Cache\Cache_Data\f_000063;f_000063;;otro;00_CONTROL;482400;2026-09-04 23:28
00_CONTROL\.ig-profile\Default\Cache\Cache_Data\f_000064;f_000064;;otro;00_CONTROL;59426;2026-09-04 23:28
00_CONTROL\.ig-profile\Default\Cache\Cache_Data\f_000065;f_000065;;otro;00_CONTROL;59426;2026-09-04 23:28
00_CONTROL\.ig-profile\Default\Cache\Cache_Data\f_000066;f_000066;;otro;00_CONTROL;90142;2026-09-04 23:28
00_CONTROL\.ig-profile\Default\Cache\Cache_Data\f_000067;f_000067;;otro;00_CONTROL;177637;2026-09-04 23:28
00_CONTROL\.ig-profile\Default\Cache\Cache_Data\f_000068;f_000068;;otro;00_CONTROL;127175;2026-09-04 23:28
00_CONTROL\.ig-profile\Default\Cache\Cache_Data\f_000069;f_000069;;otro;00_CONTROL;253508;2026-09-04 23:28
00_CONTROL\.ig-profile\Default\Cache\Cache_Data\f_00006a;f_00006a;;otro;00_CONTROL;274289;2026-09-04 23:28
00_CONTROL\.ig-profile\Default\Cache\Cache_Data\f_00006b;f_00006b;;otro;00_CONTROL;2993719;2026-09-04 23:28
00_CONTROL\.ig-profile\Default\Cache\Cache_Data\f_00006c;f_00006c;;otro;00_CONTROL;204798;2026-09-04 23:30
00_CONTROL\.ig-profile\Default\Cache\Cache_Data\f_00006d;f_00006d;;otro;00_CONTROL;128547;2026-09-04 23:30
00_CONTROL\.ig-profile\Default\Cache\Cache_Data\f_00006e;f_00006e;;otro;00_CONTROL;986259;2026-09-04 23:30
00_CONTROL\.ig-profile\Default\Cache\Cache_Data\f_00006f;f_00006f;;otro;00_CONTROL;76798;2026-09-04 23:30
00_CONTROL\.ig-profile\Default\Cache\Cache_Data\f_000070;f_000070;;otro;00_CONTROL;656593;2026-09-04 23:30
00_CONTROL\.ig-profile\Default\Cache\Cache_Data\f_000071;f_000071;;otro;00_CONTROL;175846;2026-09-04 23:30
00_CONTROL\.ig-profile\Default\Cache\Cache_Data\f_000072;f_000072;;otro;00_CONTROL;171805;2026-09-04 23:30
00_CONTROL\.ig-profile\Default\Cache\Cache_Data\f_000073;f_000073;;otro;00_CONTROL;249627;2026-09-04 23:30
00_CONTROL\.ig-profile\Default\Cache\Cache_Data\f_000074;f_000074;;otro;00_CONTROL;194599;2026-09-04 23:30
00_CONTROL\.ig-profile\Default\Cache\Cache_Data\f_000075;f_000075;;otro;00_CONTROL;20867;2026-09-04 23:30
00_CONTROL\.ig-profile\Default\Cache\Cache_Data\f_000076;f_000076;;otro;00_CONTROL;850954;2026-09-04 23:30
00_CONTROL\.ig-profile\Default\Cache\Cache_Data\f_000077;f_000077;;otro;00_CONTROL;1528686;2026-09-04 23:30
00_CONTROL\.ig-profile\Default\Cache\Cache_Data\f_000078;f_000078;;otro;00_CONTROL;26292;2026-09-04 23:31
00_CONTROL\.ig-profile\Default\Cache\Cache_Data\f_000079;f_000079;;otro;00_CONTROL;17699;2026-09-04 23:31
00_CONTROL\.ig-profile\Default\Cache\Cache_Data\f_00007a;f_00007a;;otro;00_CONTROL;17844;2026-09-04 23:31
00_CONTROL\.ig-profile\Default\Cache\Cache_Data\f_00007b;f_00007b;;otro;00_CONTROL;59426;2026-09-04 23:31
00_CONTROL\.ig-profile\Default\Cache\Cache_Data\f_00007c;f_00007c;;otro;00_CONTROL;127175;2026-09-04 23:31
00_CONTROL\.ig-profile\Default\Cache\Cache_Data\f_00007d;f_00007d;;otro;00_CONTROL;85153;2026-09-04 23:31
00_CONTROL\.ig-profile\Default\Cache\Cache_Data\f_00007e;f_00007e;;otro;00_CONTROL;22240;2026-09-04 23:31
00_CONTROL\.ig-profile\Default\Cache\Cache_Data\f_00007f;f_00007f;;otro;00_CONTROL;43324;2026-09-04 23:31
00_CONTROL\.ig-profile\Default\Cache\Cache_Data\f_000080;f_000080;;otro;00_CONTROL;90142;2026-09-04 23:31
00_CONTROL\.ig-profile\Default\Cache\Cache_Data\f_000081;f_000081;;otro;00_CONTROL;177637;2026-09-04 23:31
00_CONTROL\.ig-profile\Default\Cache\Cache_Data\f_000082;f_000082;;otro;00_CONTROL;253508;2026-09-04 23:31
00_CONTROL\.ig-profile\Default\Cache\Cache_Data\f_000083;f_000083;;otro;00_CONTROL;312000;2026-09-04 23:31
00_CONTROL\.ig-profile\Default\Cache\Cache_Data\f_000084;f_000084;;otro;00_CONTROL;77953;2026-09-04 23:31
00_CONTROL\.ig-profile\Default\Cache\Cache_Data\f_000085;f_000085;;otro;00_CONTROL;112042;2026-09-04 23:31
00_CONTROL\.ig-profile\Default\Cache\Cache_Data\f_000086;f_000086;;otro;00_CONTROL;609257;2026-09-04 23:31
00_CONTROL\.ig-profile\Default\Cache\Cache_Data\f_000087;f_000087;;otro;00_CONTROL;228881;2026-09-04 23:31
00_CONTROL\.ig-profile\Default\Cache\Cache_Data\f_000088;f_000088;;otro;00_CONTROL;25142;2026-09-04 23:31
00_CONTROL\.ig-profile\Default\Cache\Cache_Data\f_000089;f_000089;;otro;00_CONTROL;19817;2026-09-04 23:31
00_CONTROL\.ig-profile\Default\Cache\Cache_Data\f_00008a;f_00008a;;otro;00_CONTROL;16437;2026-09-04 23:31
00_CONTROL\.ig-profile\Default\Cache\Cache_Data\f_00008b;f_00008b;;otro;00_CONTROL;183220;2026-09-04 23:31
00_CONTROL\.ig-profile\Default\Cache\Cache_Data\f_00008c;f_00008c;;otro;00_CONTROL;102607;2026-09-04 23:31
00_CONTROL\.ig-profile\Default\Cache\Cache_Data\f_00008d;f_00008d;;otro;00_CONTROL;41084;2026-09-04 23:31
00_CONTROL\.ig-profile\Default\Cache\Cache_Data\f_00008e;f_00008e;;otro;00_CONTROL;185658;2026-09-04 23:31
00_CONTROL\.ig-profile\Default\Cache\Cache_Data\f_00008f;f_00008f;;otro;00_CONTROL;2420868;2026-09-04 23:31
00_CONTROL\.ig-profile\Default\Cache\Cache_Data\f_000090;f_000090;;otro;00_CONTROL;22313;2026-09-04 23:33
00_CONTROL\.ig-profile\Default\Cache\Cache_Data\f_000091;f_000091;;otro;00_CONTROL;17153;2026-09-04 23:33
00_CONTROL\.ig-profile\Default\Cache\Cache_Data\f_000092;f_000092;;otro;00_CONTROL;1123644;2026-09-04 23:33
00_CONTROL\.ig-profile\Default\Cache\Cache_Data\f_000093;f_000093;;otro;00_CONTROL;83473;2026-09-04 23:48
00_CONTROL\.ig-profile\Default\Cache\Cache_Data\f_000094;f_000094;;otro;00_CONTROL;18812;2026-09-04 23:48
00_CONTROL\.ig-profile\Default\Cache\Cache_Data\f_000095;f_000095;;otro;00_CONTROL;18963;2026-09-04 23:48
00_CONTROL\.ig-profile\Default\Cache\Cache_Data\f_000096;f_000096;;otro;00_CONTROL;35628;2026-09-04 23:48
00_CONTROL\.ig-profile\Default\Cache\Cache_Data\f_000097;f_000097;;otro;00_CONTROL;110899;2026-09-04 23:48
00_CONTROL\.ig-profile\Default\Cache\Cache_Data\f_000098;f_000098;;otro;00_CONTROL;46096;2026-09-04 23:48
00_CONTROL\.ig-profile\Default\Cache\Cache_Data\f_000099;f_000099;;otro;00_CONTROL;17735;2026-09-04 23:48
00_CONTROL\.ig-profile\Default\Cache\Cache_Data\f_00009a;f_00009a;;otro;00_CONTROL;61006;2026-09-04 23:48
00_CONTROL\.ig-profile\Default\Cache\Cache_Data\f_00009b;f_00009b;;otro;00_CONTROL;1454491;2026-09-04 23:51
00_CONTROL\.ig-profile\Default\Cache\Cache_Data\f_00009c;f_00009c;;otro;00_CONTROL;2809379;2026-09-04 23:51
00_CONTROL\.ig-profile\Default\Cache\Cache_Data\f_00009d;f_00009d;;otro;00_CONTROL;29094;2026-09-04 23:52
00_CONTROL\.ig-profile\Default\Cache\Cache_Data\f_00009e;f_00009e;;otro;00_CONTROL;109252;2026-09-04 23:52
00_CONTROL\.ig-profile\Default\Cache\Cache_Data\f_00009f;f_00009f;;otro;00_CONTROL;59426;2026-09-04 23:52
00_CONTROL\.ig-profile\Default\Cache\Cache_Data\f_0000a0;f_0000a0;;otro;00_CONTROL;101074;2026-09-04 23:52
00_CONTROL\.ig-profile\Default\Cache\Cache_Data\f_0000a1;f_0000a1;;otro;00_CONTROL;111198;2026-09-04 23:54
00_CONTROL\.ig-profile\Default\Cache\Cache_Data\f_0000a2;f_0000a2;;otro;00_CONTROL;562482;2026-09-04 23:54
00_CONTROL\.ig-profile\Default\Cache\Cache_Data\f_0000a3;f_0000a3;;otro;00_CONTROL;93447;2026-09-04 23:54
00_CONTROL\.ig-profile\Default\Cache\Cache_Data\f_0000a4;f_0000a4;;otro;00_CONTROL;55256;2026-09-05 00:53
00_CONTROL\.ig-profile\Default\Cache\Cache_Data\f_0000a5;f_0000a5;;otro;00_CONTROL;316229;2026-09-05 00:53
00_CONTROL\.ig-profile\Default\Cache\Cache_Data\f_0000a6;f_0000a6;;otro;00_CONTROL;246425;2026-09-05 00:53
00_CONTROL\.ig-profile\Default\Cache\Cache_Data\f_0000a7;f_0000a7;;otro;00_CONTROL;20904;2026-09-05 00:54
00_CONTROL\.ig-profile\Default\Cache\Cache_Data\f_0000a8;f_0000a8;;otro;00_CONTROL;81686;2026-09-05 00:54
00_CONTROL\.ig-profile\Default\Cache\Cache_Data\f_0000a9;f_0000a9;;otro;00_CONTROL;40631;2026-09-05 00:54
00_CONTROL\.ig-profile\Default\Cache\Cache_Data\f_0000aa;f_0000aa;;otro;00_CONTROL;55165;2026-09-05 00:54
00_CONTROL\.ig-profile\Default\Cache\Cache_Data\f_0000ab;f_0000ab;;otro;00_CONTROL;66128;2026-09-05 00:55
00_CONTROL\.ig-profile\Default\Cache\Cache_Data\f_0000ac;f_0000ac;;otro;00_CONTROL;98507;2026-09-05 00:55
00_CONTROL\.ig-profile\Default\Cache\Cache_Data\f_0000ae;f_0000ae;;otro;00_CONTROL;58597;2026-09-05 00:55
00_CONTROL\.ig-profile\Default\Cache\Cache_Data\f_0000af;f_0000af;;otro;00_CONTROL;433746;2026-09-05 00:55
00_CONTROL\.ig-profile\Default\Cache\Cache_Data\f_0000b0;f_0000b0;;otro;00_CONTROL;460395;2026-09-05 00:55
00_CONTROL\.ig-profile\Default\Cache\Cache_Data\f_0000b1;f_0000b1;;otro;00_CONTROL;48256;2026-09-05 00:55
00_CONTROL\.ig-profile\Default\Cache\Cache_Data\f_0000b2;f_0000b2;;otro;00_CONTROL;26543;2026-09-05 00:55
00_CONTROL\.ig-profile\Default\Cache\Cache_Data\f_0000b3;f_0000b3;;otro;00_CONTROL;25159;2026-09-05 00:55
00_CONTROL\.ig-profile\Default\Cache\Cache_Data\f_0000b4;f_0000b4;;otro;00_CONTROL;136051;2026-09-05 00:55
00_CONTROL\.ig-profile\Default\Cache\Cache_Data\f_0000b5;f_0000b5;;otro;00_CONTROL;48622;2026-09-05 00:55
00_CONTROL\.ig-profile\Default\Cache\Cache_Data\f_0000b6;f_0000b6;;otro;00_CONTROL;581038;2026-09-05 00:55
00_CONTROL\.ig-profile\Default\Cache\Cache_Data\f_0000b7;f_0000b7;;otro;00_CONTROL;39548;2026-09-05 00:55
00_CONTROL\.ig-profile\Default\Cache\Cache_Data\f_0000b8;f_0000b8;;otro;00_CONTROL;504925;2026-09-05 00:55
00_CONTROL\.ig-profile\Default\Cache\Cache_Data\f_0000b9;f_0000b9;;otro;00_CONTROL;80502;2026-09-05 00:55
00_CONTROL\.ig-profile\Default\Cache\Cache_Data\f_0000ba;f_0000ba;;otro;00_CONTROL;40128;2026-09-05 00:55
00_CONTROL\.ig-profile\Default\Cache\Cache_Data\f_0000bb;f_0000bb;;otro;00_CONTROL;17942;2026-09-05 00:55
00_CONTROL\.ig-profile\Default\Cache\Cache_Data\f_0000bc;f_0000bc;;otro;00_CONTROL;156778;2026-09-05 00:55
00_CONTROL\.ig-profile\Default\Cache\Cache_Data\f_0000bd;f_0000bd;;otro;00_CONTROL;33729;2026-09-05 00:55
00_CONTROL\.ig-profile\Default\Cache\Cache_Data\f_0000be;f_0000be;;otro;00_CONTROL;221707;2026-09-05 00:55
00_CONTROL\.ig-profile\Default\Cache\Cache_Data\f_0000bf;f_0000bf;;otro;00_CONTROL;251216;2026-09-05 00:55
00_CONTROL\.ig-profile\Default\Cache\Cache_Data\f_0000c0;f_0000c0;;otro;00_CONTROL;357410;2026-09-05 00:55
00_CONTROL\.ig-profile\Default\Cache\Cache_Data\f_0000c1;f_0000c1;;otro;00_CONTROL;23409;2026-09-05 00:55
00_CONTROL\.ig-profile\Default\Cache\Cache_Data\f_0000c2;f_0000c2;;otro;00_CONTROL;242585;2026-09-05 00:55
00_CONTROL\.ig-profile\Default\Cache\Cache_Data\f_0000c3;f_0000c3;;otro;00_CONTROL;20334;2026-09-05 00:55
00_CONTROL\.ig-profile\Default\Cache\Cache_Data\f_0000c4;f_0000c4;;otro;00_CONTROL;94849;2026-09-05 00:55
00_CONTROL\.ig-profile\Default\Cache\Cache_Data\f_0000c5;f_0000c5;;otro;00_CONTROL;17801;2026-09-05 00:55
00_CONTROL\.ig-profile\Default\Cache\Cache_Data\f_0000c6;f_0000c6;;otro;00_CONTROL;1806936;2026-09-05 00:55
00_CONTROL\.ig-profile\Default\Cache\Cache_Data\f_0000c7;f_0000c7;;otro;00_CONTROL;42630;2026-09-05 00:55
00_CONTROL\.ig-profile\Default\Cache\Cache_Data\f_0000c8;f_0000c8;;otro;00_CONTROL;25024;2026-09-05 00:55
00_CONTROL\.ig-profile\Default\Cache\Cache_Data\f_0000c9;f_0000c9;;otro;00_CONTROL;53692;2026-09-05 00:55
00_CONTROL\.ig-profile\Default\Cache\Cache_Data\f_0000ca;f_0000ca;;otro;00_CONTROL;63541;2026-09-05 00:55
00_CONTROL\.ig-profile\Default\Cache\Cache_Data\f_0000cb;f_0000cb;;otro;00_CONTROL;45606;2026-09-05 00:55
00_CONTROL\.ig-profile\Default\Cache\Cache_Data\f_0000cc;f_0000cc;;otro;00_CONTROL;40214;2026-09-05 00:55
00_CONTROL\.ig-profile\Default\Cache\Cache_Data\f_0000cd;f_0000cd;;otro;00_CONTROL;24457;2026-09-05 00:55
00_CONTROL\.ig-profile\Default\Cache\Cache_Data\f_0000ce;f_0000ce;;otro;00_CONTROL;21867;2026-09-05 00:55
00_CONTROL\.ig-profile\Default\Cache\Cache_Data\f_0000cf;f_0000cf;;otro;00_CONTROL;23409;2026-09-05 00:55
00_CONTROL\.ig-profile\Default\Cache\Cache_Data\f_0000d0;f_0000d0;;otro;00_CONTROL;41761;2026-09-05 00:55
00_CONTROL\.ig-profile\Default\Cache\Cache_Data\f_0000d1;f_0000d1;;otro;00_CONTROL;657904;2026-09-05 00:55
00_CONTROL\.ig-profile\Default\Cache\Cache_Data\f_0000d2;f_0000d2;;otro;00_CONTROL;1772149;2026-09-05 00:55
00_CONTROL\.ig-profile\Default\Cache\Cache_Data\f_0000d3;f_0000d3;;otro;00_CONTROL;17801;2026-09-05 00:55
00_CONTROL\.ig-profile\Default\Cache\Cache_Data\f_0000d4;f_0000d4;;otro;00_CONTROL;416948;2026-09-05 00:55
00_CONTROL\.ig-profile\Default\Cache\Cache_Data\f_0000d5;f_0000d5;;otro;00_CONTROL;42630;2026-09-05 00:55
00_CONTROL\.ig-profile\Default\Cache\Cache_Data\f_0000d6;f_0000d6;;otro;00_CONTROL;27075;2026-09-05 00:56
00_CONTROL\.ig-profile\Default\Cache\Cache_Data\f_0000d7;f_0000d7;;otro;00_CONTROL;53692;2026-09-05 00:56
00_CONTROL\.ig-profile\Default\Cache\Cache_Data\f_0000d8;f_0000d8;;otro;00_CONTROL;63541;2026-09-05 00:56
00_CONTROL\.ig-profile\Default\Cache\Cache_Data\f_0000d9;f_0000d9;;otro;00_CONTROL;442244;2026-09-05 00:56
00_CONTROL\.ig-profile\Default\Cache\Cache_Data\f_0000da;f_0000da;;otro;00_CONTROL;71809;2026-09-05 00:56
00_CONTROL\.ig-profile\Default\Cache\Cache_Data\f_0000db;f_0000db;;otro;00_CONTROL;28417;2026-09-05 00:56
00_CONTROL\.ig-profile\Default\Cache\Cache_Data\f_0000dc;f_0000dc;;otro;00_CONTROL;98705;2026-09-05 00:56
00_CONTROL\.ig-profile\Default\Cache\Cache_Data\f_0000dd;f_0000dd;;otro;00_CONTROL;654079;2026-09-05 00:56
00_CONTROL\.ig-profile\Default\Cache\Cache_Data\f_0000de;f_0000de;;otro;00_CONTROL;110626;2026-09-05 00:56
00_CONTROL\.ig-profile\Default\Cache\Cache_Data\f_0000df;f_0000df;;otro;00_CONTROL;46926;2026-09-05 00:56
00_CONTROL\.ig-profile\Default\Cache\Cache_Data\f_0000e0;f_0000e0;;otro;00_CONTROL;44000;2026-09-05 00:56
00_CONTROL\.ig-profile\Default\Cache\Cache_Data\f_0000e1;f_0000e1;;otro;00_CONTROL;60210;2026-09-05 00:56
00_CONTROL\.ig-profile\Default\Cache\Cache_Data\f_0000e2;f_0000e2;;otro;00_CONTROL;30671;2026-09-05 00:56
00_CONTROL\.ig-profile\Default\Cache\Cache_Data\f_0000e3;f_0000e3;;otro;00_CONTROL;65249;2026-09-05 00:56
00_CONTROL\.ig-profile\Default\Cache\Cache_Data\f_0000e4;f_0000e4;;otro;00_CONTROL;233388;2026-09-05 00:56
00_CONTROL\.ig-profile\Default\Cache\Cache_Data\f_0000e5;f_0000e5;;otro;00_CONTROL;24450;2026-09-05 00:56
00_CONTROL\.ig-profile\Default\Cache\Cache_Data\f_0000e7;f_0000e7;;otro;00_CONTROL;36036;2026-09-05 00:56
00_CONTROL\.ig-profile\Default\Cache\Cache_Data\f_0000e8;f_0000e8;;otro;00_CONTROL;21736;2026-09-05 00:56
00_CONTROL\.ig-profile\Default\Cache\Cache_Data\f_0000e9;f_0000e9;;otro;00_CONTROL;47922;2026-09-05 00:56
00_CONTROL\.ig-profile\Default\Cache\Cache_Data\f_0000eb;f_0000eb;;otro;00_CONTROL;242361;2026-09-05 00:56
00_CONTROL\.ig-profile\Default\Cache\Cache_Data\f_0000ec;f_0000ec;;otro;00_CONTROL;40914;2026-09-05 00:56
00_CONTROL\.ig-profile\Default\Cache\Cache_Data\f_0000ed;f_0000ed;;otro;00_CONTROL;81776;2026-09-05 00:56
00_CONTROL\.ig-profile\Default\Cache\Cache_Data\f_0000ee;f_0000ee;;otro;00_CONTROL;45858;2026-09-05 00:56
00_CONTROL\.ig-profile\Default\Cache\Cache_Data\f_0000ef;f_0000ef;;otro;00_CONTROL;87451;2026-09-05 00:56
00_CONTROL\.ig-profile\Default\Cache\Cache_Data\f_0000f0;f_0000f0;;otro;00_CONTROL;237969;2026-09-05 00:56
00_CONTROL\.ig-profile\Default\Cache\Cache_Data\f_0000f1;f_0000f1;;otro;00_CONTROL;26219;2026-09-05 00:56
00_CONTROL\.ig-profile\Default\Cache\Cache_Data\f_0000f2;f_0000f2;;otro;00_CONTROL;43087;2026-09-05 00:56
00_CONTROL\.ig-profile\Default\Cache\Cache_Data\f_0000f3;f_0000f3;;otro;00_CONTROL;77484;2026-09-05 00:56
00_CONTROL\.ig-profile\Default\Cache\Cache_Data\f_0000f4;f_0000f4;;otro;00_CONTROL;22845;2026-09-05 00:56
00_CONTROL\.ig-profile\Default\Cache\Cache_Data\f_0000f5;f_0000f5;;otro;00_CONTROL;33246;2026-09-05 00:57
00_CONTROL\.ig-profile\Default\Cache\Cache_Data\f_0000f6;f_0000f6;;otro;00_CONTROL;53792;2026-09-05 00:57
00_CONTROL\.ig-profile\Default\Cache\Cache_Data\f_0000f7;f_0000f7;;otro;00_CONTROL;17967;2026-09-05 00:57
00_CONTROL\.ig-profile\Default\Cache\Cache_Data\f_0000f8;f_0000f8;;otro;00_CONTROL;18621;2026-09-05 00:57
00_CONTROL\.ig-profile\Default\Cache\Cache_Data\f_0000f9;f_0000f9;;otro;00_CONTROL;16410;2026-09-05 00:57
00_CONTROL\.ig-profile\Default\Cache\Cache_Data\f_0000fa;f_0000fa;;otro;00_CONTROL;41448;2026-09-05 00:57
00_CONTROL\.ig-profile\Default\Cache\Cache_Data\f_0000fb;f_0000fb;;otro;00_CONTROL;45404;2026-09-05 00:57
00_CONTROL\.ig-profile\Default\Cache\Cache_Data\f_0000fc;f_0000fc;;otro;00_CONTROL;31161;2026-09-05 00:57
00_CONTROL\.ig-profile\Default\Cache\Cache_Data\f_0000fd;f_0000fd;;otro;00_CONTROL;27926;2026-09-05 00:57
00_CONTROL\.ig-profile\Default\Cache\Cache_Data\f_0000fe;f_0000fe;;otro;00_CONTROL;22014;2026-09-05 00:57
00_CONTROL\.ig-profile\Default\Cache\Cache_Data\f_000100;f_000100;;otro;00_CONTROL;53702;2026-09-05 00:57
00_CONTROL\.ig-profile\Default\Cache\Cache_Data\f_000101;f_000101;;otro;00_CONTROL;20918;2026-09-05 00:57
00_CONTROL\.ig-profile\Default\Cache\Cache_Data\f_000102;f_000102;;otro;00_CONTROL;79458;2026-09-05 00:57
00_CONTROL\.ig-profile\Default\Cache\Cache_Data\f_000103;f_000103;;otro;00_CONTROL;17892;2026-09-05 00:57
00_CONTROL\.ig-profile\Default\Cache\Cache_Data\f_000104;f_000104;;otro;00_CONTROL;216588;2026-09-05 00:57
00_CONTROL\.ig-profile\Default\Cache\Cache_Data\f_000105;f_000105;;otro;00_CONTROL;129318;2026-09-05 00:57
00_CONTROL\.ig-profile\Default\Cache\Cache_Data\f_000106;f_000106;;otro;00_CONTROL;557715;2026-09-05 00:57
00_CONTROL\.ig-profile\Default\Cache\Cache_Data\f_000107;f_000107;;otro;00_CONTROL;27292;2026-09-05 00:57
00_CONTROL\.ig-profile\Default\Cache\Cache_Data\f_000108;f_000108;;otro;00_CONTROL;433746;2026-09-05 00:57
00_CONTROL\.ig-profile\Default\Cache\Cache_Data\f_000109;f_000109;;otro;00_CONTROL;26958;2026-09-05 00:57
00_CONTROL\.ig-profile\Default\Cache\Cache_Data\f_00010a;f_00010a;;otro;00_CONTROL;460395;2026-09-05 00:57
00_CONTROL\.ig-profile\Default\Cache\Cache_Data\f_00010b;f_00010b;;otro;00_CONTROL;117371;2026-09-05 00:57
00_CONTROL\.ig-profile\Default\Cache\Cache_Data\f_00010c;f_00010c;;otro;00_CONTROL;504925;2026-09-05 00:57
00_CONTROL\.ig-profile\Default\Cache\Cache_Data\f_00010d;f_00010d;;otro;00_CONTROL;580919;2026-09-05 00:57
00_CONTROL\.ig-profile\Default\Cache\Cache_Data\f_00010e;f_00010e;;otro;00_CONTROL;581058;2026-09-05 00:57
00_CONTROL\.ig-profile\Default\Cache\Cache_Data\f_00010f;f_00010f;;otro;00_CONTROL;78013;2026-09-05 00:57
00_CONTROL\.ig-profile\Default\Cache\Cache_Data\f_000110;f_000110;;otro;00_CONTROL;25689;2026-09-05 00:57
00_CONTROL\.ig-profile\Default\Cache\Cache_Data\f_000111;f_000111;;otro;00_CONTROL;581038;2026-09-05 00:57
00_CONTROL\.ig-profile\Default\Cache\Cache_Data\f_000112;f_000112;;otro;00_CONTROL;50996;2026-09-05 00:57
00_CONTROL\.ig-profile\Default\Cache\Cache_Data\f_000113;f_000113;;otro;00_CONTROL;51678;2026-09-05 00:57
00_CONTROL\.ig-profile\Default\Cache\Cache_Data\f_000114;f_000114;;otro;00_CONTROL;66300;2026-09-05 00:57
00_CONTROL\.ig-profile\Default\Cache\Cache_Data\f_000115;f_000115;;otro;00_CONTROL;45637;2026-09-05 00:57
00_CONTROL\.ig-profile\Default\Cache\Cache_Data\f_000116;f_000116;;otro;00_CONTROL;66300;2026-09-05 00:57
00_CONTROL\.ig-profile\Default\Cache\Cache_Data\f_000117;f_000117;;otro;00_CONTROL;150442;2026-09-05 00:57
00_CONTROL\.ig-profile\Default\Cache\Cache_Data\f_000118;f_000118;;otro;00_CONTROL;17926;2026-09-05 00:57
00_CONTROL\.ig-profile\Default\Cache\Cache_Data\f_000119;f_000119;;otro;00_CONTROL;294485;2026-09-05 00:57
00_CONTROL\.ig-profile\Default\Cache\Cache_Data\f_00011a;f_00011a;;otro;00_CONTROL;216362;2026-09-05 00:57
00_CONTROL\.ig-profile\Default\Cache\Cache_Data\f_00011b;f_00011b;;otro;00_CONTROL;19165;2026-09-05 00:57
00_CONTROL\.ig-profile\Default\Cache\Cache_Data\f_00011c;f_00011c;;otro;00_CONTROL;31933;2026-09-05 00:57
00_CONTROL\.ig-profile\Default\Cache\Cache_Data\f_00011d;f_00011d;;otro;00_CONTROL;154082;2026-09-05 00:57
00_CONTROL\.ig-profile\Default\Cache\Cache_Data\f_00011e;f_00011e;;otro;00_CONTROL;68185;2026-09-05 00:57
00_CONTROL\.ig-profile\Default\Cache\Cache_Data\f_00011f;f_00011f;;otro;00_CONTROL;255457;2026-09-05 00:57
00_CONTROL\.ig-profile\Default\Cache\Cache_Data\f_000120;f_000120;;otro;00_CONTROL;26428;2026-09-05 00:57
00_CONTROL\.ig-profile\Default\Cache\Cache_Data\f_000121;f_000121;;otro;00_CONTROL;22796;2026-09-05 00:57
00_CONTROL\.ig-profile\Default\Cache\Cache_Data\f_000122;f_000122;;otro;00_CONTROL;20408;2026-09-05 00:57
00_CONTROL\.ig-profile\Default\Cache\Cache_Data\f_000123;f_000123;;otro;00_CONTROL;35568;2026-09-05 00:57
00_CONTROL\.ig-profile\Default\Cache\Cache_Data\f_000124;f_000124;;otro;00_CONTROL;17628;2026-09-05 00:57
00_CONTROL\.ig-profile\Default\Cache\Cache_Data\f_000125;f_000125;;otro;00_CONTROL;34888;2026-09-05 00:57
00_CONTROL\.ig-profile\Default\Cache\Cache_Data\f_000126;f_000126;;otro;00_CONTROL;40572;2026-09-05 00:57
00_CONTROL\.ig-profile\Default\Cache\Cache_Data\f_000127;f_000127;;otro;00_CONTROL;47136;2026-09-05 00:57
00_CONTROL\.ig-profile\Default\Cache\Cache_Data\f_000128;f_000128;;otro;00_CONTROL;162924;2026-09-05 00:57
00_CONTROL\.ig-profile\Default\Cache\Cache_Data\f_000129;f_000129;;otro;00_CONTROL;169020;2026-09-05 00:57
00_CONTROL\.ig-profile\Default\Cache\Cache_Data\f_00012a;f_00012a;;otro;00_CONTROL;72292;2026-09-05 00:57
00_CONTROL\.ig-profile\Default\Cache\Cache_Data\f_00012b;f_00012b;;otro;00_CONTROL;66152;2026-09-05 00:57
00_CONTROL\.ig-profile\Default\Cache\Cache_Data\f_00012c;f_00012c;;otro;00_CONTROL;248432;2026-09-05 00:57
00_CONTROL\.ig-profile\Default\Cache\Cache_Data\f_00012d;f_00012d;;otro;00_CONTROL;17768;2026-09-05 00:57
00_CONTROL\.ig-profile\Default\Cache\Cache_Data\f_00012e;f_00012e;;otro;00_CONTROL;20392;2026-09-05 00:57
00_CONTROL\.ig-profile\Default\Cache\Cache_Data\f_00012f;f_00012f;;otro;00_CONTROL;17480;2026-09-05 00:57
00_CONTROL\.ig-profile\Default\Cache\Cache_Data\f_000130;f_000130;;otro;00_CONTROL;23715;2026-09-05 00:57
00_CONTROL\.ig-profile\Default\Cache\Cache_Data\f_000131;f_000131;;otro;00_CONTROL;21432;2026-09-05 00:57
00_CONTROL\.ig-profile\Default\Cache\Cache_Data\f_000132;f_000132;;otro;00_CONTROL;40880;2026-09-05 00:57
00_CONTROL\.ig-profile\Default\Cache\Cache_Data\f_000133;f_000133;;otro;00_CONTROL;23792;2026-09-05 00:57
00_CONTROL\.ig-profile\Default\Cache\Cache_Data\f_000134;f_000134;;otro;00_CONTROL;17336;2026-09-05 00:57
00_CONTROL\.ig-profile\Default\Cache\Cache_Data\f_000135;f_000135;;otro;00_CONTROL;41524;2026-09-05 00:57
00_CONTROL\.ig-profile\Default\Cache\Cache_Data\f_000136;f_000136;;otro;00_CONTROL;60948;2026-09-05 00:57
00_CONTROL\.ig-profile\Default\Cache\Cache_Data\f_000137;f_000137;;otro;00_CONTROL;17296;2026-09-05 00:57
00_CONTROL\.ig-profile\Default\Cache\Cache_Data\f_000138;f_000138;;otro;00_CONTROL;45840;2026-09-05 00:57
00_CONTROL\.ig-profile\Default\Cache\Cache_Data\f_000139;f_000139;;otro;00_CONTROL;36216;2026-09-05 00:57
00_CONTROL\.ig-profile\Default\Cache\Cache_Data\f_00013a;f_00013a;;otro;00_CONTROL;75840;2026-09-05 00:57
00_CONTROL\.ig-profile\Default\Cache\Cache_Data\f_00013b;f_00013b;;otro;00_CONTROL;563260;2026-09-05 00:57
00_CONTROL\.ig-profile\Default\Cache\Cache_Data\f_00013c;f_00013c;;otro;00_CONTROL;18721;2026-09-05 00:58
00_CONTROL\.ig-profile\Default\Cache\Cache_Data\f_00013d;f_00013d;;otro;00_CONTROL;34085;2026-09-05 00:58
00_CONTROL\.ig-profile\Default\Cache\Cache_Data\f_00013e;f_00013e;;otro;00_CONTROL;52347;2026-09-05 00:58
00_CONTROL\.ig-profile\Default\Cache\Cache_Data\f_00013f;f_00013f;;otro;00_CONTROL;110404;2026-09-05 01:56
00_CONTROL\.ig-profile\Default\Cache\Cache_Data\f_000140;f_000140;;otro;00_CONTROL;358474;2026-09-05 01:56
00_CONTROL\.ig-profile\Default\Cache\Cache_Data\f_000141;f_000141;;otro;00_CONTROL;412600;2026-09-05 01:56
00_CONTROL\.ig-profile\Default\Cache\Cache_Data\f_000142;f_000142;;otro;00_CONTROL;545608;2026-09-05 01:56
00_CONTROL\.ig-profile\Default\Cache\Cache_Data\f_000143;f_000143;;otro;00_CONTROL;186099;2026-09-05 09:58
00_CONTROL\.ig-profile\Default\Cache\Cache_Data\f_000144;f_000144;;otro;00_CONTROL;65731;2026-09-05 09:58
00_CONTROL\.ig-profile\Default\Cache\Cache_Data\f_000145;f_000145;;otro;00_CONTROL;425224;2026-09-05 09:58
00_CONTROL\.ig-profile\Default\Cache\Cache_Data\f_000146;f_000146;;otro;00_CONTROL;141100;2026-09-05 09:58
00_CONTROL\.ig-profile\Default\Cache\Cache_Data\f_000147;f_000147;;otro;00_CONTROL;1017429;2026-09-05 09:58
00_CONTROL\.ig-profile\Default\Cache\Cache_Data\f_000148;f_000148;;otro;00_CONTROL;507369;2026-09-05 09:58
00_CONTROL\.ig-profile\Default\Cache\Cache_Data\f_000149;f_000149;;otro;00_CONTROL;121546;2026-09-05 09:58
00_CONTROL\.ig-profile\Default\Cache\Cache_Data\f_00014a;f_00014a;;otro;00_CONTROL;180546;2026-09-05 09:58
00_CONTROL\.ig-profile\Default\Cache\Cache_Data\f_00014b;f_00014b;;otro;00_CONTROL;59426;2026-09-05 09:58
00_CONTROL\.ig-profile\Default\Cache\Cache_Data\f_00014c;f_00014c;;otro;00_CONTROL;57352;2026-09-05 09:58
00_CONTROL\.ig-profile\Default\Cache\Cache_Data\f_00014d;f_00014d;;otro;00_CONTROL;151178;2026-09-05 09:58
00_CONTROL\.ig-profile\Default\Cache\Cache_Data\f_00014e;f_00014e;;otro;00_CONTROL;79864;2026-09-05 09:58
00_CONTROL\.ig-profile\Default\Cache\Cache_Data\f_00014f;f_00014f;;otro;00_CONTROL;127175;2026-09-05 09:58
00_CONTROL\.ig-profile\Default\Cache\Cache_Data\f_000150;f_000150;;otro;00_CONTROL;90142;2026-09-05 09:58
00_CONTROL\.ig-profile\Default\Cache\Cache_Data\f_000151;f_000151;;otro;00_CONTROL;177637;2026-09-05 09:58
00_CONTROL\.ig-profile\Default\Cache\Cache_Data\f_000152;f_000152;;otro;00_CONTROL;253508;2026-09-05 09:58
00_CONTROL\.ig-profile\Default\Cache\Cache_Data\f_000153;f_000153;;otro;00_CONTROL;317093;2026-09-05 09:58
00_CONTROL\.ig-profile\Default\Cache\Cache_Data\f_000154;f_000154;;otro;00_CONTROL;1258693;2026-09-05 09:58
00_CONTROL\.ig-profile\Default\Cache\Cache_Data\f_000155;f_000155;;otro;00_CONTROL;17261;2026-09-05 09:59
00_CONTROL\.ig-profile\Default\Cache\Cache_Data\f_000156;f_000156;;otro;00_CONTROL;2106454;2026-09-05 09:59
00_CONTROL\.ig-profile\Default\Cache\Cache_Data\f_000157;f_000157;;otro;00_CONTROL;39280;2026-09-05 09:59
00_CONTROL\.ig-profile\Default\Cache\Cache_Data\f_000158;f_000158;;otro;00_CONTROL;188877;2026-09-05 10:00
00_CONTROL\.ig-profile\Default\Cache\Cache_Data\f_000159;f_000159;;otro;00_CONTROL;115524;2026-09-05 10:00
00_CONTROL\.ig-profile\Default\Cache\Cache_Data\f_00015a;f_00015a;;otro;00_CONTROL;217528;2026-09-05 10:00
00_CONTROL\.ig-profile\Default\Cache\Cache_Data\f_00015b;f_00015b;;otro;00_CONTROL;158948;2026-09-05 10:00
00_CONTROL\.ig-profile\Default\Cache\Cache_Data\f_00015c;f_00015c;;otro;00_CONTROL;40129;2026-09-05 10:00
00_CONTROL\.ig-profile\Default\Cache\Cache_Data\f_00015d;f_00015d;;otro;00_CONTROL;356965;2026-09-05 10:00
00_CONTROL\.ig-profile\Default\Cache\Cache_Data\f_00015e;f_00015e;;otro;00_CONTROL;987526;2026-09-05 10:00
00_CONTROL\.ig-profile\Default\Cache\Cache_Data\f_00015f;f_00015f;;otro;00_CONTROL;281234;2026-09-05 10:00
00_CONTROL\.ig-profile\Default\Cache\Cache_Data\f_000160;f_000160;;otro;00_CONTROL;20592;2026-09-05 10:00
00_CONTROL\.ig-profile\Default\Cache\Cache_Data\f_000161;f_000161;;otro;00_CONTROL;22652;2026-09-05 10:01
00_CONTROL\.ig-profile\Default\Cache\Cache_Data\f_000162;f_000162;;otro;00_CONTROL;32113;2026-09-05 10:02
00_CONTROL\.ig-profile\Default\Cache\Cache_Data\f_000163;f_000163;;otro;00_CONTROL;187019;2026-09-05 10:02
00_CONTROL\.ig-profile\Default\Cache\Cache_Data\f_000164;f_000164;;otro;00_CONTROL;620167;2026-09-05 10:03
00_CONTROL\.ig-profile\Default\Cache\Cache_Data\f_000165;f_000165;;otro;00_CONTROL;157984;2026-09-05 10:03
00_CONTROL\.ig-profile\Default\Cache\Cache_Data\f_000166;f_000166;;otro;00_CONTROL;153108;2026-09-05 10:03
00_CONTROL\.ig-profile\Default\Cache\Cache_Data\f_000167;f_000167;;otro;00_CONTROL;155554;2026-09-05 10:13
00_CONTROL\.ig-profile\Default\Cache\Cache_Data\f_000168;f_000168;;otro;00_CONTROL;387838;2026-09-05 10:13
00_CONTROL\.ig-profile\Default\Cache\Cache_Data\f_000169;f_000169;;otro;00_CONTROL;40633;2026-09-05 10:17
00_CONTROL\.ig-profile\Default\Cache\Cache_Data\f_00016a;f_00016a;;otro;00_CONTROL;191380;2026-09-05 10:17
00_CONTROL\.ig-profile\Default\Cache\Cache_Data\f_00016b;f_00016b;;otro;00_CONTROL;240877;2026-09-05 10:17
00_CONTROL\.ig-profile\Default\Cache\Cache_Data\f_00016c;f_00016c;;otro;00_CONTROL;18286;2026-09-05 10:17
00_CONTROL\.ig-profile\Default\Cache\Cache_Data\f_00016d;f_00016d;;otro;00_CONTROL;19576;2026-09-05 10:17
00_CONTROL\.ig-profile\Default\Cache\Cache_Data\f_00016e;f_00016e;;otro;00_CONTROL;100560;2026-09-05 10:17
00_CONTROL\.ig-profile\Default\Cache\Cache_Data\f_00016f;f_00016f;;otro;00_CONTROL;17898;2026-09-05 10:17
00_CONTROL\.ig-profile\Default\Cache\Cache_Data\f_000170;f_000170;;otro;00_CONTROL;316460;2026-09-05 10:17
00_CONTROL\.ig-profile\Default\Cache\Cache_Data\f_000171;f_000171;;otro;00_CONTROL;201174;2026-09-05 10:17
00_CONTROL\.ig-profile\Default\Cache\Cache_Data\f_000172;f_000172;;otro;00_CONTROL;311597;2026-09-05 10:17
00_CONTROL\.ig-profile\Default\Cache\Cache_Data\f_000173;f_000173;;otro;00_CONTROL;176995;2026-09-05 10:17
00_CONTROL\.ig-profile\Default\Cache\Cache_Data\f_000174;f_000174;;otro;00_CONTROL;37370;2026-09-05 10:17
00_CONTROL\.ig-profile\Default\Cache\Cache_Data\f_000175;f_000175;;otro;00_CONTROL;35168;2026-09-05 10:18
00_CONTROL\.ig-profile\Default\Cache\Cache_Data\f_000176;f_000176;;otro;00_CONTROL;20177;2026-09-05 10:18
00_CONTROL\.ig-profile\Default\Cache\Cache_Data\f_000177;f_000177;;otro;00_CONTROL;17166;2026-09-05 10:18
00_CONTROL\.ig-profile\Default\Cache\Cache_Data\f_000178;f_000178;;otro;00_CONTROL;46279;2026-09-05 10:21
00_CONTROL\.ig-profile\Default\Cache\Cache_Data\f_000179;f_000179;;otro;00_CONTROL;16812;2026-09-05 10:21
00_CONTROL\.ig-profile\Default\Cache\Cache_Data\f_00017a;f_00017a;;otro;00_CONTROL;17777;2026-09-05 10:21
00_CONTROL\.ig-profile\Default\Cache\Cache_Data\f_00017b;f_00017b;;otro;00_CONTROL;53629;2026-09-05 10:21
00_CONTROL\.ig-profile\Default\Cache\Cache_Data\f_00017c;f_00017c;;otro;00_CONTROL;17635;2026-09-05 10:21
00_CONTROL\.ig-profile\Default\Cache\Cache_Data\f_00017d;f_00017d;;otro;00_CONTROL;21556;2026-09-05 10:21
00_CONTROL\.ig-profile\Default\Cache\Cache_Data\f_00017e;f_00017e;;otro;00_CONTROL;23722;2026-09-05 10:21
00_CONTROL\.ig-profile\Default\Cache\Cache_Data\f_00017f;f_00017f;;otro;00_CONTROL;22132;2026-09-05 10:21
00_CONTROL\.ig-profile\Default\Cache\Cache_Data\f_000180;f_000180;;otro;00_CONTROL;171755;2026-09-05 10:21
00_CONTROL\.ig-profile\Default\Cache\Cache_Data\f_000181;f_000181;;otro;00_CONTROL;16794;2026-09-05 10:21
00_CONTROL\.ig-profile\Default\Cache\Cache_Data\f_000182;f_000182;;otro;00_CONTROL;28694;2026-09-05 10:21
00_CONTROL\.ig-profile\Default\Cache\Cache_Data\f_000183;f_000183;;otro;00_CONTROL;69888;2026-09-05 10:21
00_CONTROL\.ig-profile\Default\Cache\Cache_Data\f_000184;f_000184;;otro;00_CONTROL;186608;2026-09-05 10:24
00_CONTROL\.ig-profile\Default\Cache\Cache_Data\f_000185;f_000185;;otro;00_CONTROL;275087;2026-09-05 10:24
00_CONTROL\.ig-profile\Default\Cache\Cache_Data\f_000186;f_000186;;otro;00_CONTROL;217710;2026-09-05 10:24
00_CONTROL\.ig-profile\Default\Cache\Cache_Data\f_000187;f_000187;;otro;00_CONTROL;63032;2026-09-05 10:24
00_CONTROL\.ig-profile\Default\Cache\Cache_Data\f_000188;f_000188;;otro;00_CONTROL;140931;2026-09-05 10:24
00_CONTROL\.ig-profile\Default\Cache\Cache_Data\f_000189;f_000189;;otro;00_CONTROL;1025459;2026-09-05 10:24
00_CONTROL\.ig-profile\Default\Cache\Cache_Data\f_00018a;f_00018a;;otro;00_CONTROL;228660;2026-09-05 10:25
00_CONTROL\.ig-profile\Default\Cache\Cache_Data\f_00018b;f_00018b;;otro;00_CONTROL;87824;2026-09-05 10:25
00_CONTROL\.ig-profile\Default\Cache\Cache_Data\f_00018c;f_00018c;;otro;00_CONTROL;26672;2026-09-05 10:25
00_CONTROL\.ig-profile\Default\Cache\Cache_Data\f_00018d;f_00018d;;otro;00_CONTROL;65975;2026-09-05 10:25
00_CONTROL\.ig-profile\Default\Cache\Cache_Data\f_00018e;f_00018e;;otro;00_CONTROL;30277;2026-09-05 10:25
00_CONTROL\.ig-profile\Default\Cache\Cache_Data\f_00018f;f_00018f;;otro;00_CONTROL;82205;2026-09-05 10:25
00_CONTROL\.ig-profile\Default\Cache\Cache_Data\f_000190;f_000190;;otro;00_CONTROL;35049;2026-09-05 10:25
00_CONTROL\.ig-profile\Default\Cache\Cache_Data\f_000191;f_000191;;otro;00_CONTROL;42459;2026-09-05 10:25
00_CONTROL\.ig-profile\Default\Cache\Cache_Data\f_000192;f_000192;;otro;00_CONTROL;38424;2026-09-05 10:25
00_CONTROL\.ig-profile\Default\Cache\Cache_Data\f_000193;f_000193;;otro;00_CONTROL;67976;2026-09-05 10:34
00_CONTROL\.ig-profile\Default\Cache\Cache_Data\f_000194;f_000194;;otro;00_CONTROL;34600;2026-09-05 10:34
00_CONTROL\.ig-profile\Default\Cache\Cache_Data\f_000195;f_000195;;otro;00_CONTROL;277540;2026-09-05 10:34
00_CONTROL\.ig-profile\Default\Cache\Cache_Data\f_000196;f_000196;;otro;00_CONTROL;16592;2026-09-05 10:34
00_CONTROL\.ig-profile\Default\Cache\Cache_Data\f_000197;f_000197;;otro;00_CONTROL;24243;2026-09-05 10:34
00_CONTROL\.ig-profile\Default\Cache\Cache_Data\f_000198;f_000198;;otro;00_CONTROL;18248;2026-09-05 10:35
00_CONTROL\.ig-profile\Default\Cache\Cache_Data\f_000199;f_000199;;otro;00_CONTROL;41394;2026-09-05 10:35
00_CONTROL\.ig-profile\Default\Cache\Cache_Data\f_00019a;f_00019a;;otro;00_CONTROL;18810;2026-09-05 10:35
00_CONTROL\.ig-profile\Default\Cache\Cache_Data\f_00019b;f_00019b;;otro;00_CONTROL;29623;2026-09-05 10:35
00_CONTROL\.ig-profile\Default\Cache\Cache_Data\f_00019c;f_00019c;;otro;00_CONTROL;39970;2026-09-05 10:35
00_CONTROL\.ig-profile\Default\Cache\Cache_Data\f_00019d;f_00019d;;otro;00_CONTROL;37131;2026-09-05 10:35
00_CONTROL\.ig-profile\Default\Cache\Cache_Data\f_00019e;f_00019e;;otro;00_CONTROL;25921;2026-09-05 10:35
00_CONTROL\.ig-profile\Default\Cache\Cache_Data\f_00019f;f_00019f;;otro;00_CONTROL;42556;2026-09-05 10:35
00_CONTROL\.ig-profile\Default\Cache\Cache_Data\f_0001a0;f_0001a0;;otro;00_CONTROL;58373;2026-09-05 10:35
00_CONTROL\.ig-profile\Default\Cache\Cache_Data\f_0001a1;f_0001a1;;otro;00_CONTROL;41142;2026-09-05 10:35
00_CONTROL\.ig-profile\Default\Cache\Cache_Data\f_0001a2;f_0001a2;;otro;00_CONTROL;24510;2026-09-05 10:35
00_CONTROL\.ig-profile\Default\Cache\Cache_Data\f_0001a3;f_0001a3;;otro;00_CONTROL;39316;2026-09-05 10:35
00_CONTROL\.ig-profile\Default\Cache\Cache_Data\f_0001a4;f_0001a4;;otro;00_CONTROL;41586;2026-09-05 10:43
00_CONTROL\.ig-profile\Default\Cache\Cache_Data\f_0001a5;f_0001a5;;otro;00_CONTROL;41080;2026-09-05 10:43
00_CONTROL\.ig-profile\Default\Cache\Cache_Data\f_0001a6;f_0001a6;;otro;00_CONTROL;71857;2026-09-05 10:43
00_CONTROL\.ig-profile\Default\Cache\Cache_Data\f_0001a7;f_0001a7;;otro;00_CONTROL;70095;2026-09-05 10:43
00_CONTROL\.ig-profile\Default\Cache\Cache_Data\f_0001a8;f_0001a8;;otro;00_CONTROL;29183;2026-09-05 10:44
00_CONTROL\.ig-profile\Default\Cache\Cache_Data\f_0001a9;f_0001a9;;otro;00_CONTROL;245180;2026-09-05 10:44
00_CONTROL\.ig-profile\Default\Cache\Cache_Data\f_0001aa;f_0001aa;;otro;00_CONTROL;114203;2026-09-05 10:48
00_CONTROL\.ig-profile\Default\Cache\Cache_Data\f_0001ab;f_0001ab;;otro;00_CONTROL;620167;2026-09-05 10:48
00_CONTROL\.ig-profile\Default\Cache\Cache_Data\f_0001ac;f_0001ac;;otro;00_CONTROL;95526;2026-09-05 10:48
00_CONTROL\.ig-profile\Default\Cache\Cache_Data\f_0001ad;f_0001ad;;otro;00_CONTROL;1015776;2026-09-05 10:48
00_CONTROL\.ig-profile\Default\Cache\Cache_Data\f_0001ae;f_0001ae;;otro;00_CONTROL;176055;2026-09-05 10:48
00_CONTROL\.ig-profile\Default\Cache\Cache_Data\f_0001af;f_0001af;;otro;00_CONTROL;660372;2026-09-05 10:48
00_CONTROL\.ig-profile\Default\Cache\Cache_Data\f_0001b0;f_0001b0;;otro;00_CONTROL;260429;2026-09-05 10:48
00_CONTROL\.ig-profile\Default\Cache\Cache_Data\f_0001b1;f_0001b1;;otro;00_CONTROL;185488;2026-09-05 10:48
00_CONTROL\.ig-profile\Default\Cache\Cache_Data\f_0001b2;f_0001b2;;otro;00_CONTROL;35445;2026-09-05 10:49
00_CONTROL\.ig-profile\Default\Cache\Cache_Data\f_0001b3;f_0001b3;;otro;00_CONTROL;55147;2026-09-05 10:49
00_CONTROL\.ig-profile\Default\Cache\Cache_Data\f_0001b4;f_0001b4;;otro;00_CONTROL;22289;2026-09-05 10:49
00_CONTROL\.ig-profile\Default\Cache\Cache_Data\f_0001b5;f_0001b5;;otro;00_CONTROL;22288;2026-09-05 10:49
00_CONTROL\.ig-profile\Default\Cache\Cache_Data\f_0001b6;f_0001b6;;otro;00_CONTROL;114203;2026-09-05 10:49
00_CONTROL\.ig-profile\Default\Cache\Cache_Data\f_0001b7;f_0001b7;;otro;00_CONTROL;116511;2026-09-05 10:50
00_CONTROL\.ig-profile\Default\Cache\Cache_Data\f_0001b8;f_0001b8;;otro;00_CONTROL;982977;2026-09-05 10:50
00_CONTROL\.ig-profile\Default\Cache\Cache_Data\f_0001b9;f_0001b9;;otro;00_CONTROL;176689;2026-09-05 10:50
00_CONTROL\.ig-profile\Default\Cache\Cache_Data\f_0001ba;f_0001ba;;otro;00_CONTROL;21360;2026-09-05 10:50
00_CONTROL\.ig-profile\Default\Cache\Cache_Data\f_0001bb;f_0001bb;;otro;00_CONTROL;153108;2026-09-05 10:50
00_CONTROL\.ig-profile\Default\Cache\Cache_Data\f_0001bc;f_0001bc;;otro;00_CONTROL;124243;2026-09-05 10:50
00_CONTROL\.ig-profile\Default\Cache\Cache_Data\f_0001bd;f_0001bd;;otro;00_CONTROL;777959;2026-09-05 10:50
00_CONTROL\.ig-profile\Default\Cache\Cache_Data\f_0001be;f_0001be;;otro;00_CONTROL;81039;2026-09-05 11:14
00_CONTROL\.ig-profile\Default\Cache\Cache_Data\f_0001bf;f_0001bf;;otro;00_CONTROL;21360;2026-09-05 11:14
00_CONTROL\.ig-profile\Default\Cache\Cache_Data\f_0001c0;f_0001c0;;otro;00_CONTROL;157984;2026-09-05 11:14
00_CONTROL\.ig-profile\Default\Cache\Cache_Data\f_0001c1;f_0001c1;;otro;00_CONTROL;16963;2026-09-05 11:14
00_CONTROL\.ig-profile\Default\Cache\Cache_Data\f_0001c2;f_0001c2;;otro;00_CONTROL;27331;2026-09-05 11:14
00_CONTROL\.ig-profile\Default\Cache\Cache_Data\f_0001c3;f_0001c3;;otro;00_CONTROL;16390;2026-09-05 11:14
00_CONTROL\.ig-profile\Default\Cache\Cache_Data\f_0001c4;f_0001c4;;otro;00_CONTROL;25992;2026-09-05 11:14
00_CONTROL\.ig-profile\Default\Cache\Cache_Data\f_0001c5;f_0001c5;;otro;00_CONTROL;114009;2026-09-05 11:14
00_CONTROL\.ig-profile\Default\Cache\Cache_Data\f_0001c6;f_0001c6;;otro;00_CONTROL;777959;2026-09-05 11:14
00_CONTROL\.ig-profile\Default\Cache\Cache_Data\f_0001c7;f_0001c7;;otro;00_CONTROL;185876;2026-09-05 11:14
00_CONTROL\.ig-profile\Default\Cache\Cache_Data\f_0001c8;f_0001c8;;otro;00_CONTROL;94848;2026-09-05 11:14
00_CONTROL\.ig-profile\Default\Cache\Cache_Data\f_0001c9;f_0001c9;;otro;00_CONTROL;338572;2026-09-05 11:14
00_CONTROL\.ig-profile\Default\Cache\Cache_Data\f_0001ca;f_0001ca;;otro;00_CONTROL;203029;2026-09-05 11:14
00_CONTROL\.ig-profile\Default\Cache\Cache_Data\f_0001cb;f_0001cb;;otro;00_CONTROL;1092602;2026-09-05 11:14
00_CONTROL\.ig-profile\Default\Cache\Cache_Data\f_0001cc;f_0001cc;;otro;00_CONTROL;30990;2026-09-05 11:14
00_CONTROL\.ig-profile\Default\Cache\Cache_Data\f_0001cd;f_0001cd;;otro;00_CONTROL;188079;2026-09-05 11:14
00_CONTROL\.ig-profile\Default\Cache\Cache_Data\f_0001ce;f_0001ce;;otro;00_CONTROL;130332;2026-09-05 11:14
00_CONTROL\.ig-profile\Default\Cache\Cache_Data\f_0001d0;f_0001d0;;otro;00_CONTROL;114203;2026-09-05 11:15
00_CONTROL\.ig-profile\Default\Cache\Cache_Data\f_0001d1;f_0001d1;;otro;00_CONTROL;153108;2026-09-05 11:15
00_CONTROL\.ig-profile\Default\Cache\Cache_Data\f_0001d2;f_0001d2;;otro;00_CONTROL;253508;2026-09-05 11:15
00_CONTROL\.ig-profile\Default\Cache\Cache_Data\f_0001d3;f_0001d3;;otro;00_CONTROL;19375;2026-09-05 11:30
00_CONTROL\.ig-profile\Default\Cache\Cache_Data\f_0001d4;f_0001d4;;otro;00_CONTROL;844127;2026-09-05 11:30
00_CONTROL\.ig-profile\Default\Cache\Cache_Data\f_0001d5;f_0001d5;;otro;00_CONTROL;854162;2026-09-05 11:30
00_CONTROL\.ig-profile\Default\Cache\Cache_Data\f_0001d6;f_0001d6;;otro;00_CONTROL;129981;2026-09-05 11:33
00_CONTROL\.ig-profile\Default\Cache\Cache_Data\f_0001d7;f_0001d7;;otro;00_CONTROL;222909;2026-09-05 11:33
00_CONTROL\.ig-profile\Default\Cache\Cache_Data\f_0001d8;f_0001d8;;otro;00_CONTROL;745421;2026-09-05 11:33
00_CONTROL\.ig-profile\Default\Cache\Cache_Data\f_0001d9;f_0001d9;;otro;00_CONTROL;1207996;2026-09-05 11:33
00_CONTROL\.ig-profile\Default\Cache\Cache_Data\f_0001da;f_0001da;;otro;00_CONTROL;1787205;2026-09-05 11:33
00_CONTROL\.ig-profile\Default\Cache\Cache_Data\index;index;;otro;00_CONTROL;524656;2026-09-04 22:43
00_CONTROL\.ig-profile\Default\Cache\No_Vary_Search\journal.baj;journal.baj;.baj;otro;00_CONTROL;24092;2026-09-05 11:33
00_CONTROL\.ig-profile\Default\Cache\No_Vary_Search\snapshot.baf;snapshot.baf;.baf;otro;00_CONTROL;154308;2026-09-05 11:30
00_CONTROL\.ig-profile\Default\ClientCertificates\LOCK;LOCK;;otro;00_CONTROL;0;2026-09-04 22:43
00_CONTROL\.ig-profile\Default\ClientCertificates\LOG;LOG;;otro;00_CONTROL;0;2026-09-05 11:30
00_CONTROL\.ig-profile\Default\ClientCertificates\LOG.old;LOG.old;.old;otro;00_CONTROL;0;2026-09-05 11:14
00_CONTROL\.ig-profile\Default\Code Cache\js\009a69afc9820bee_0;009a69afc9820bee_0;;otro;00_CONTROL;286;2026-09-05 10:17
00_CONTROL\.ig-profile\Default\Code Cache\js\00f6bc4c8bfa3251_0;00f6bc4c8bfa3251_0;;otro;00_CONTROL;3089;2026-09-05 10:17
00_CONTROL\.ig-profile\Default\Code Cache\js\011341cc076317ac_0;011341cc076317ac_0;;otro;00_CONTROL;415;2026-09-05 11:15
00_CONTROL\.ig-profile\Default\Code Cache\js\0146e27c82329c01_0;0146e27c82329c01_0;;otro;00_CONTROL;281;2026-09-05 10:17
00_CONTROL\.ig-profile\Default\Code Cache\js\014e91dfadd34cd0_0;014e91dfadd34cd0_0;;otro;00_CONTROL;2591;2026-09-05 00:55
00_CONTROL\.ig-profile\Default\Code Cache\js\01614ca39322d1e7_0;01614ca39322d1e7_0;;otro;00_CONTROL;11127;2026-09-05 11:15
00_CONTROL\.ig-profile\Default\Code Cache\js\017dcfebcd6642d0_0;017dcfebcd6642d0_0;;otro;00_CONTROL;260;2026-09-05 10:01
00_CONTROL\.ig-profile\Default\Code Cache\js\01db1749c2524779_0;01db1749c2524779_0;;otro;00_CONTROL;28792;2026-09-04 23:25
00_CONTROL\.ig-profile\Default\Code Cache\js\01df5c60e8187358_0;01df5c60e8187358_0;;otro;00_CONTROL;248;2026-09-05 11:15
00_CONTROL\.ig-profile\Default\Code Cache\js\01f3e789890ba8fb_0;01f3e789890ba8fb_0;;otro;00_CONTROL;54888;2026-09-04 23:27
00_CONTROL\.ig-profile\Default\Code Cache\js\0366d449f5b941c1_0;0366d449f5b941c1_0;;otro;00_CONTROL;53768;2026-09-05 10:17
00_CONTROL\.ig-profile\Default\Code Cache\js\036fd63c23603f8d_0;036fd63c23603f8d_0;;otro;00_CONTROL;5643176;2026-09-04 23:25
00_CONTROL\.ig-profile\Default\Code Cache\js\03d092ecd8ec79cf_0;03d092ecd8ec79cf_0;;otro;00_CONTROL;6334;2026-09-05 00:55
00_CONTROL\.ig-profile\Default\Code Cache\js\03d866bf611bb590_0;03d866bf611bb590_0;;otro;00_CONTROL;201224;2026-09-05 09:59
00_CONTROL\.ig-profile\Default\Code Cache\js\03e1da0ac8d9d4e0_0;03e1da0ac8d9d4e0_0;;otro;00_CONTROL;3729;2026-09-05 00:56
00_CONTROL\.ig-profile\Default\Code Cache\js\03ed94c1198668f1_0;03ed94c1198668f1_0;;otro;00_CONTROL;574;2026-09-04 23:32
00_CONTROL\.ig-profile\Default\Code Cache\js\048e38b1f459dcd8_0;048e38b1f459dcd8_0;;otro;00_CONTROL;3129;2026-09-05 10:17
00_CONTROL\.ig-profile\Default\Code Cache\js\04ba15e06a4d6056_0;04ba15e06a4d6056_0;;otro;00_CONTROL;128240;2026-09-05 10:02
00_CONTROL\.ig-profile\Default\Code Cache\js\04ca6404fb0a88d6_0;04ca6404fb0a88d6_0;;otro;00_CONTROL;6450;2026-09-05 00:53
00_CONTROL\.ig-profile\Default\Code Cache\js\059cf34e697878a9_0;059cf34e697878a9_0;;otro;00_CONTROL;55288;2026-09-05 10:17
00_CONTROL\.ig-profile\Default\Code Cache\js\05b08378e648da8c_0;05b08378e648da8c_0;;otro;00_CONTROL;6834;2026-09-05 00:56
00_CONTROL\.ig-profile\Default\Code Cache\js\06626dc64e3779d7_0;06626dc64e3779d7_0;;otro;00_CONTROL;275;2026-09-05 11:14
00_CONTROL\.ig-profile\Default\Code Cache\js\06759f153564e395_0;06759f153564e395_0;;otro;00_CONTROL;248;2026-09-05 11:31
00_CONTROL\.ig-profile\Default\Code Cache\js\068a58b36280c928_0;068a58b36280c928_0;;otro;00_CONTROL;248;2026-09-05 10:21
00_CONTROL\.ig-profile\Default\Code Cache\js\06af3151bd06df3e_0;06af3151bd06df3e_0;;otro;00_CONTROL;6848;2026-09-05 00:56
00_CONTROL\.ig-profile\Default\Code Cache\js\06c35b24c29e6b5f_0;06c35b24c29e6b5f_0;;otro;00_CONTROL;6419;2026-09-05 00:56
00_CONTROL\.ig-profile\Default\Code Cache\js\072d9ce120f24c75_0;072d9ce120f24c75_0;;otro;00_CONTROL;1540;2026-09-05 11:15
00_CONTROL\.ig-profile\Default\Code Cache\js\07305bee8d699df2_0;07305bee8d699df2_0;;otro;00_CONTROL;1811;2026-09-05 00:53
00_CONTROL\.ig-profile\Default\Code Cache\js\0783dbb800e4a30e_0;0783dbb800e4a30e_0;;otro;00_CONTROL;3255;2026-09-05 00:57
00_CONTROL\.ig-profile\Default\Code Cache\js\079876928b227ffc_0;079876928b227ffc_0;;otro;00_CONTROL;248;2026-09-05 11:55
00_CONTROL\.ig-profile\Default\Code Cache\js\07c7fd441b3b2857_0;07c7fd441b3b2857_0;;otro;00_CONTROL;431960;2026-09-05 10:43
00_CONTROL\.ig-profile\Default\Code Cache\js\080077dd1a0ef40e_0;080077dd1a0ef40e_0;;otro;00_CONTROL;3659;2026-09-05 00:55
00_CONTROL\.ig-profile\Default\Code Cache\js\08477afd2389dd24_0;08477afd2389dd24_0;;otro;00_CONTROL;30672;2026-09-05 10:17
00_CONTROL\.ig-profile\Default\Code Cache\js\0881f2105700365a_0;0881f2105700365a_0;;otro;00_CONTROL;2497;2026-09-05 10:17
00_CONTROL\.ig-profile\Default\Code Cache\js\093b7e69a4be185b_0;093b7e69a4be185b_0;;otro;00_CONTROL;248;2026-09-05 11:31
00_CONTROL\.ig-profile\Default\Code Cache\js\09b0fd1074cb8e64_0;09b0fd1074cb8e64_0;;otro;00_CONTROL;393;2026-09-05 11:15
00_CONTROL\.ig-profile\Default\Code Cache\js\09eda3ec7509e3f5_0;09eda3ec7509e3f5_0;;otro;00_CONTROL;38840;2026-09-04 22:49
00_CONTROL\.ig-profile\Default\Code Cache\js\0a3ee08ef216dd49_0;0a3ee08ef216dd49_0;;otro;00_CONTROL;764448;2026-09-04 23:32
00_CONTROL\.ig-profile\Default\Code Cache\js\0a425d207227b054_0;0a425d207227b054_0;;otro;00_CONTROL;1651;2026-09-05 11:14
00_CONTROL\.ig-profile\Default\Code Cache\js\0a4da026ae2c3150_0;0a4da026ae2c3150_0;;otro;00_CONTROL;1333;2026-09-05 00:57
00_CONTROL\.ig-profile\Default\Code Cache\js\0a96cc707eddc7a6_0;0a96cc707eddc7a6_0;;otro;00_CONTROL;248;2026-09-04 23:27
00_CONTROL\.ig-profile\Default\Code Cache\js\0a9e28698e4771cc_0;0a9e28698e4771cc_0;;otro;00_CONTROL;4561;2026-09-05 00:57
00_CONTROL\.ig-profile\Default\Code Cache\js\0abc43a1d4fa5930_0;0abc43a1d4fa5930_0;;otro;00_CONTROL;288;2026-09-05 11:16
00_CONTROL\.ig-profile\Default\Code Cache\js\0abebd8aa24c0bcd_0;0abebd8aa24c0bcd_0;;otro;00_CONTROL;288;2026-09-05 11:30
00_CONTROL\.ig-profile\Default\Code Cache\js\0b11370240138cad_0;0b11370240138cad_0;;otro;00_CONTROL;283;2026-09-05 10:17
00_CONTROL\.ig-profile\Default\Code Cache\js\0ba444dac5291440_0;0ba444dac5291440_0;;otro;00_CONTROL;937048;2026-09-05 00:55
00_CONTROL\.ig-profile\Default\Code Cache\js\0c0677d34d0456dd_0;0c0677d34d0456dd_0;;otro;00_CONTROL;282;2026-09-05 10:17
00_CONTROL\.ig-profile\Default\Code Cache\js\0c15976d8c11f408_0;0c15976d8c11f408_0;;otro;00_CONTROL;247536;2026-09-05 11:14
00_CONTROL\.ig-profile\Default\Code Cache\js\0c417f3243c253d9_0;0c417f3243c253d9_0;;otro;00_CONTROL;30624;2026-09-04 23:32
00_CONTROL\.ig-profile\Default\Code Cache\js\0c784db95f00ca10_0;0c784db95f00ca10_0;;otro;00_CONTROL;240216;2026-09-05 10:17
00_CONTROL\.ig-profile\Default\Code Cache\js\0c9caead06fe7cc7_0;0c9caead06fe7cc7_0;;otro;00_CONTROL;42456;2026-09-05 10:17
00_CONTROL\.ig-profile\Default\Code Cache\js\0ca185e29889e8ba_0;0ca185e29889e8ba_0;;otro;00_CONTROL;26832;2026-09-05 10:50
00_CONTROL\.ig-profile\Default\Code Cache\js\0caa5a80010ecfd3_0;0caa5a80010ecfd3_0;;otro;00_CONTROL;283;2026-09-05 10:17
00_CONTROL\.ig-profile\Default\Code Cache\js\0ce392ea7bc72547_0;0ce392ea7bc72547_0;;otro;00_CONTROL;28656;2026-09-05 11:16
00_CONTROL\.ig-profile\Default\Code Cache\js\0cfdc8f354f8c4e1_0;0cfdc8f354f8c4e1_0;;otro;00_CONTROL;453;2026-09-05 11:15
00_CONTROL\.ig-profile\Default\Code Cache\js\0da3d4c629077b25_0;0da3d4c629077b25_0;;otro;00_CONTROL;282;2026-09-05 10:17
00_CONTROL\.ig-profile\Default\Code Cache\js\0dbca6c36efc7cbf_0;0dbca6c36efc7cbf_0;;otro;00_CONTROL;3138;2026-09-05 10:17
00_CONTROL\.ig-profile\Default\Code Cache\js\0e336a7bc4996da9_0;0e336a7bc4996da9_0;;otro;00_CONTROL;2979;2026-09-05 11:15
00_CONTROL\.ig-profile\Default\Code Cache\js\0ea88bbdd2c7ef87_0;0ea88bbdd2c7ef87_0;;otro;00_CONTROL;1648;2026-09-05 10:17
00_CONTROL\.ig-profile\Default\Code Cache\js\0f1f331befc92f65_0;0f1f331befc92f65_0;;otro;00_CONTROL;5641;2026-09-05 10:17
00_CONTROL\.ig-profile\Default\Code Cache\js\0f9ea224d0c79ef9_0;0f9ea224d0c79ef9_0;;otro;00_CONTROL;10217;2026-09-05 10:17
00_CONTROL\.ig-profile\Default\Code Cache\js\0fa353ef3af3c425_0;0fa353ef3af3c425_0;;otro;00_CONTROL;1699;2026-09-05 00:53
00_CONTROL\.ig-profile\Default\Code Cache\js\0fa86222bb7a6c81_0;0fa86222bb7a6c81_0;;otro;00_CONTROL;187104;2026-09-04 23:31
00_CONTROL\.ig-profile\Default\Code Cache\js\10137e593a75ffe3_0;10137e593a75ffe3_0;;otro;00_CONTROL;3474;2026-09-05 10:48
00_CONTROL\.ig-profile\Default\Code Cache\js\1048b54337de6e76_0;1048b54337de6e76_0;;otro;00_CONTROL;57616;2026-09-05 10:01
00_CONTROL\.ig-profile\Default\Code Cache\js\10c61aa335009cae_0;10c61aa335009cae_0;;otro;00_CONTROL;607;2026-09-05 11:16
00_CONTROL\.ig-profile\Default\Code Cache\js\11677bf56ca52c38_0;11677bf56ca52c38_0;;otro;00_CONTROL;1766;2026-09-05 00:54
00_CONTROL\.ig-profile\Default\Code Cache\js\1184fa94bff382de_0;1184fa94bff382de_0;;otro;00_CONTROL;2721;2026-09-05 10:17
00_CONTROL\.ig-profile\Default\Code Cache\js\118b9365c9f9f637_0;118b9365c9f9f637_0;;otro;00_CONTROL;22104;2026-09-05 10:49
00_CONTROL\.ig-profile\Default\Code Cache\js\11c592f897bd1ca1_0;11c592f897bd1ca1_0;;otro;00_CONTROL;235;2026-09-04 23:27
00_CONTROL\.ig-profile\Default\Code Cache\js\12834a963f9e4359_0;12834a963f9e4359_0;;otro;00_CONTROL;288;2026-09-05 11:14
00_CONTROL\.ig-profile\Default\Code Cache\js\12ae4758e55db02b_0;12ae4758e55db02b_0;;otro;00_CONTROL;232120;2026-09-05 11:16
00_CONTROL\.ig-profile\Default\Code Cache\js\12e70a38d76f5208_0;12e70a38d76f5208_0;;otro;00_CONTROL;5057;2026-09-05 10:17
00_CONTROL\.ig-profile\Default\Code Cache\js\134e24270d76127b_0;134e24270d76127b_0;;otro;00_CONTROL;3173;2026-09-05 00:55
00_CONTROL\.ig-profile\Default\Code Cache\js\13d85afe1e1e8464_0;13d85afe1e1e8464_0;;otro;00_CONTROL;47664;2026-09-04 23:31
00_CONTROL\.ig-profile\Default\Code Cache\js\13ebc3c7de961c6e_0;13ebc3c7de961c6e_0;;otro;00_CONTROL;283;2026-09-05 10:17
00_CONTROL\.ig-profile\Default\Code Cache\js\142174e1921ec64e_0;142174e1921ec64e_0;;otro;00_CONTROL;431;2026-09-05 11:31
00_CONTROL\.ig-profile\Default\Code Cache\js\1477fe3cee82e054_0;1477fe3cee82e054_0;;otro;00_CONTROL;223;2026-09-04 22:49
00_CONTROL\.ig-profile\Default\Code Cache\js\14c9f06647976953_0;14c9f06647976953_0;;otro;00_CONTROL;7281;2026-09-05 10:17
00_CONTROL\.ig-profile\Default\Code Cache\js\14d4a95ee4fba264_0;14d4a95ee4fba264_0;;otro;00_CONTROL;310;2026-09-04 23:31
00_CONTROL\.ig-profile\Default\Code Cache\js\151acd281a3c5869_0;151acd281a3c5869_0;;otro;00_CONTROL;288;2026-09-05 11:16
00_CONTROL\.ig-profile\Default\Code Cache\js\157ac5dc69855318_0;157ac5dc69855318_0;;otro;00_CONTROL;230;2026-09-05 00:55
00_CONTROL\.ig-profile\Default\Code Cache\js\15a77cbede5dac4b_0;15a77cbede5dac4b_0;;otro;00_CONTROL;1089;2026-09-05 10:17
00_CONTROL\.ig-profile\Default\Code Cache\js\15abd2c8b1b575d1_0;15abd2c8b1b575d1_0;;otro;00_CONTROL;6102;2026-09-05 00:55
00_CONTROL\.ig-profile\Default\Code Cache\js\160c76590afe334b_0;160c76590afe334b_0;;otro;00_CONTROL;7530;2026-09-05 10:17
00_CONTROL\.ig-profile\Default\Code Cache\js\16562fce4e671e98_0;16562fce4e671e98_0;;otro;00_CONTROL;3181;2026-09-05 00:57
00_CONTROL\.ig-profile\Default\Code Cache\js\166761c96d09cc0b_0;166761c96d09cc0b_0;;otro;00_CONTROL;19144;2026-09-05 10:17
00_CONTROL\.ig-profile\Default\Code Cache\js\168066663f7b4816_0;168066663f7b4816_0;;otro;00_CONTROL;186048;2026-09-05 11:14
00_CONTROL\.ig-profile\Default\Code Cache\js\1689afaef531d748_0;1689afaef531d748_0;;otro;00_CONTROL;281;2026-09-05 10:17
00_CONTROL\.ig-profile\Default\Code Cache\js\16ff45c45cb43b0e_0;16ff45c45cb43b0e_0;;otro;00_CONTROL;268;2026-09-04 23:25
00_CONTROL\.ig-profile\Default\Code Cache\js\175869af62126101_0;175869af62126101_0;;otro;00_CONTROL;26704;2026-09-04 23:27
00_CONTROL\.ig-profile\Default\Code Cache\js\1774079ce3d08b5e_0;1774079ce3d08b5e_0;;otro;00_CONTROL;10498;2026-09-05 10:17
00_CONTROL\.ig-profile\Default\Code Cache\js\17bc0f0147bac58d_0;17bc0f0147bac58d_0;;otro;00_CONTROL;3921;2026-09-05 10:17
00_CONTROL\.ig-profile\Default\Code Cache\js\17d42d725f3787a9_0;17d42d725f3787a9_0;;otro;00_CONTROL;353;2026-09-05 11:15
00_CONTROL\.ig-profile\Default\Code Cache\js\1807695f8f07b57c_0;1807695f8f07b57c_0;;otro;00_CONTROL;3414;2026-09-05 00:56
00_CONTROL\.ig-profile\Default\Code Cache\js\18321498fd835170_0;18321498fd835170_0;;otro;00_CONTROL;239800;2026-09-05 11:16
00_CONTROL\.ig-profile\Default\Code Cache\js\18707925e57c395c_0;18707925e57c395c_0;;otro;00_CONTROL;235;2026-09-05 11:14
00_CONTROL\.ig-profile\Default\Code Cache\js\1895013abbe3af3b_0;1895013abbe3af3b_0;;otro;00_CONTROL;30032;2026-09-05 10:02
00_CONTROL\.ig-profile\Default\Code Cache\js\191e48880883d1b1_0;191e48880883d1b1_0;;otro;00_CONTROL;567;2026-09-04 23:26
00_CONTROL\.ig-profile\Default\Code Cache\js\1942a389c1501b7d_0;1942a389c1501b7d_0;;otro;00_CONTROL;47368;2026-09-05 10:01
00_CONTROL\.ig-profile\Default\Code Cache\js\197be58e2f2990b6_0;197be58e2f2990b6_0;;otro;00_CONTROL;248;2026-09-05 11:15
00_CONTROL\.ig-profile\Default\Code Cache\js\19b65905f33c4fab_0;19b65905f33c4fab_0;;otro;00_CONTROL;1163;2026-09-05 11:31
00_CONTROL\.ig-profile\Default\Code Cache\js\1a0986fb4ba2d172_0;1a0986fb4ba2d172_0;;otro;00_CONTROL;5794;2026-09-05 00:55
00_CONTROL\.ig-profile\Default\Code Cache\js\1a116aaddd6a3737_0;1a116aaddd6a3737_0;;otro;00_CONTROL;263888;2026-09-05 11:30
00_CONTROL\.ig-profile\Default\Code Cache\js\1a90c5edc2fa7971_0;1a90c5edc2fa7971_0;;otro;00_CONTROL;3293;2026-09-05 00:55
00_CONTROL\.ig-profile\Default\Code Cache\js\1aa4ce5b09a323c3_0;1aa4ce5b09a323c3_0;;otro;00_CONTROL;2777;2026-09-05 10:17
00_CONTROL\.ig-profile\Default\Code Cache\js\1aa83cb541cc75a1_0;1aa83cb541cc75a1_0;;otro;00_CONTROL;4002;2026-09-05 00:57
00_CONTROL\.ig-profile\Default\Code Cache\js\1b64519814de05f3_0;1b64519814de05f3_0;;otro;00_CONTROL;26704;2026-09-05 11:14
00_CONTROL\.ig-profile\Default\Code Cache\js\1bbfe007e1e1501a_0;1bbfe007e1e1501a_0;;otro;00_CONTROL;2684;2026-09-05 00:55
00_CONTROL\.ig-profile\Default\Code Cache\js\1c37095512cb7ec7_0;1c37095512cb7ec7_0;;otro;00_CONTROL;248;2026-09-04 23:31
00_CONTROL\.ig-profile\Default\Code Cache\js\1cfbe83b4816022d_0;1cfbe83b4816022d_0;;otro;00_CONTROL;6170;2026-09-05 00:55
00_CONTROL\.ig-profile\Default\Code Cache\js\1d44105e98717382_0;1d44105e98717382_0;;otro;00_CONTROL;240;2026-09-05 00:57
00_CONTROL\.ig-profile\Default\Code Cache\js\1d7ff383398edde8_0;1d7ff383398edde8_0;;otro;00_CONTROL;1505;2026-09-05 10:17
00_CONTROL\.ig-profile\Default\Code Cache\js\1e1717931ad0cd8d_0;1e1717931ad0cd8d_0;;otro;00_CONTROL;248;2026-09-04 23:27
00_CONTROL\.ig-profile\Default\Code Cache\js\1e4ff2e37262a3be_0;1e4ff2e37262a3be_0;;otro;00_CONTROL;604440;2026-09-04 23:32
00_CONTROL\.ig-profile\Default\Code Cache\js\1e888c56c0e9eb55_0;1e888c56c0e9eb55_0;;otro;00_CONTROL;727;2026-09-05 11:15
00_CONTROL\.ig-profile\Default\Code Cache\js\1eacc20e440bc141_0;1eacc20e440bc141_0;;otro;00_CONTROL;1359;2026-09-05 00:57
00_CONTROL\.ig-profile\Default\Code Cache\js\1f434c3ab6ee3805_0;1f434c3ab6ee3805_0;;otro;00_CONTROL;235;2026-09-04 23:27
00_CONTROL\.ig-profile\Default\Code Cache\js\2018e372cd97555c_0;2018e372cd97555c_0;;otro;00_CONTROL;4951;2026-09-05 00:58
00_CONTROL\.ig-profile\Default\Code Cache\js\2087c46178550edc_0;2087c46178550edc_0;;otro;00_CONTROL;8040;2026-09-05 11:14
00_CONTROL\.ig-profile\Default\Code Cache\js\210958563a5db021_0;210958563a5db021_0;;otro;00_CONTROL;423;2026-09-05 11:15
00_CONTROL\.ig-profile\Default\Code Cache\js\2137e629e6a9de91_0;2137e629e6a9de91_0;;otro;00_CONTROL;607;2026-09-05 11:30
00_CONTROL\.ig-profile\Default\Code Cache\js\21d2b8215a8d5518_0;21d2b8215a8d5518_0;;otro;00_CONTROL;5782;2026-09-05 00:56
00_CONTROL\.ig-profile\Default\Code Cache\js\21edd70cc648c827_0;21edd70cc648c827_0;;otro;00_CONTROL;30024;2026-09-05 11:14
00_CONTROL\.ig-profile\Default\Code Cache\js\223f100a2d948ee4_0;223f100a2d948ee4_0;;otro;00_CONTROL;197968;2026-09-05 11:14
00_CONTROL\.ig-profile\Default\Code Cache\js\2291b34b56767a6d_0;2291b34b56767a6d_0;;otro;00_CONTROL;410904;2026-09-05 11:14
00_CONTROL\.ig-profile\Default\Code Cache\js\22a31eb89370d104_0;22a31eb89370d104_0;;otro;00_CONTROL;248;2026-09-05 11:31
00_CONTROL\.ig-profile\Default\Code Cache\js\2331bc22ae546d15_0;2331bc22ae546d15_0;;otro;00_CONTROL;248;2026-09-05 10:25
00_CONTROL\.ig-profile\Default\Code Cache\js\23b20d34ee6c16f0_0;23b20d34ee6c16f0_0;;otro;00_CONTROL;9917;2026-09-04 22:43
00_CONTROL\.ig-profile\Default\Code Cache\js\2400548677a35aba_0;2400548677a35aba_0;;otro;00_CONTROL;135712;2026-09-04 23:28
00_CONTROL\.ig-profile\Default\Code Cache\js\242b722d97681ed7_0;242b722d97681ed7_0;;otro;00_CONTROL;1282;2026-09-05 00:57
00_CONTROL\.ig-profile\Default\Code Cache\js\243b10d575af7c44_0;243b10d575af7c44_0;;otro;00_CONTROL;818;2026-09-05 10:18
00_CONTROL\.ig-profile\Default\Code Cache\js\2487e374752a15dd_0;2487e374752a15dd_0;;otro;00_CONTROL;2289;2026-09-05 10:17
00_CONTROL\.ig-profile\Default\Code Cache\js\249050beddd226f6_0;249050beddd226f6_0;;otro;00_CONTROL;281;2026-09-05 10:17
00_CONTROL\.ig-profile\Default\Code Cache\js\24949966d68ae30e_0;24949966d68ae30e_0;;otro;00_CONTROL;15360;2026-09-04 23:48
00_CONTROL\.ig-profile\Default\Code Cache\js\255dc8e522423e38_0;255dc8e522423e38_0;;otro;00_CONTROL;278;2026-09-04 22:43
00_CONTROL\.ig-profile\Default\Code Cache\js\25f846253926b960_0;25f846253926b960_0;;otro;00_CONTROL;239;2026-09-05 00:54
00_CONTROL\.ig-profile\Default\Code Cache\js\26047ff3f40731e1_0;26047ff3f40731e1_0;;otro;00_CONTROL;795;2026-09-05 10:18
00_CONTROL\.ig-profile\Default\Code Cache\js\264b0c6449eb01e5_0;264b0c6449eb01e5_0;;otro;00_CONTROL;3995;2026-09-05 00:57
00_CONTROL\.ig-profile\Default\Code Cache\js\267204c618cc87d5_0;267204c618cc87d5_0;;otro;00_CONTROL;663512;2026-09-04 23:25
00_CONTROL\.ig-profile\Default\Code Cache\js\26c8811455e2f854_0;26c8811455e2f854_0;;otro;00_CONTROL;13931;2026-09-05 11:16
00_CONTROL\.ig-profile\Default\Code Cache\js\26e2572242f54c3a_0;26e2572242f54c3a_0;;otro;00_CONTROL;16642;2026-09-05 00:55
00_CONTROL\.ig-profile\Default\Code Cache\js\273a2ea5bce6b131_0;273a2ea5bce6b131_0;;otro;00_CONTROL;585;2026-09-04 23:33
00_CONTROL\.ig-profile\Default\Code Cache\js\2767a4838e5df806_0;2767a4838e5df806_0;;otro;00_CONTROL;15968;2026-09-05 11:55
00_CONTROL\.ig-profile\Default\Code Cache\js\276b4a71d38e5155_0;276b4a71d38e5155_0;;otro;00_CONTROL;8249;2026-09-05 10:17
00_CONTROL\.ig-profile\Default\Code Cache\js\277475a001bfac3e_0;277475a001bfac3e_0;;otro;00_CONTROL;327;2026-09-05 10:18
00_CONTROL\.ig-profile\Default\Code Cache\js\278746c1339e5b7c_0;278746c1339e5b7c_0;;otro;00_CONTROL;1813;2026-09-05 00:54
00_CONTROL\.ig-profile\Default\Code Cache\js\27e30a96f2e72f4c_0;27e30a96f2e72f4c_0;;otro;00_CONTROL;6577;2026-09-05 00:56
00_CONTROL\.ig-profile\Default\Code Cache\js\28b5c0e08ac3e9f0_0;28b5c0e08ac3e9f0_0;;otro;00_CONTROL;167064;2026-09-05 10:03
00_CONTROL\.ig-profile\Default\Code Cache\js\28fbd5c7849cd834_0;28fbd5c7849cd834_0;;otro;00_CONTROL;431;2026-09-05 10:18
00_CONTROL\.ig-profile\Default\Code Cache\js\2953f03447884ffd_0;2953f03447884ffd_0;;otro;00_CONTROL;1353;2026-09-05 00:55
00_CONTROL\.ig-profile\Default\Code Cache\js\29729bdce247bc06_0;29729bdce247bc06_0;;otro;00_CONTROL;235;2026-09-05 10:25
00_CONTROL\.ig-profile\Default\Code Cache\js\299f5e89aff69242_0;299f5e89aff69242_0;;otro;00_CONTROL;84104;2026-09-04 22:49
00_CONTROL\.ig-profile\Default\Code Cache\js\29df90dd19a30e99_0;29df90dd19a30e99_0;;otro;00_CONTROL;431;2026-09-05 11:30
00_CONTROL\.ig-profile\Default\Code Cache\js\29e31c59cd4a3d41_0;29e31c59cd4a3d41_0;;otro;00_CONTROL;11859;2026-09-05 10:17
00_CONTROL\.ig-profile\Default\Code Cache\js\29e4e63db80dcc4d_0;29e4e63db80dcc4d_0;;otro;00_CONTROL;796320;2026-09-05 11:16
00_CONTROL\.ig-profile\Default\Code Cache\js\2a9b604b3c309c1f_0;2a9b604b3c309c1f_0;;otro;00_CONTROL;928;2026-09-05 11:31
00_CONTROL\.ig-profile\Default\Code Cache\js\2b131afb22917c68_0;2b131afb22917c68_0;;otro;00_CONTROL;506904;2026-09-05 10:49
00_CONTROL\.ig-profile\Default\Code Cache\js\2b1db56d3d07a76b_0;2b1db56d3d07a76b_0;;otro;00_CONTROL;2866;2026-09-05 10:17
00_CONTROL\.ig-profile\Default\Code Cache\js\2b44e8efee430e95_0;2b44e8efee430e95_0;;otro;00_CONTROL;20128;2026-09-05 10:17
00_CONTROL\.ig-profile\Default\Code Cache\js\2c0969e707baf1c3_0;2c0969e707baf1c3_0;;otro;00_CONTROL;283;2026-09-05 10:17
00_CONTROL\.ig-profile\Default\Code Cache\js\2d1183acc7399e39_0;2d1183acc7399e39_0;;otro;00_CONTROL;90792;2026-09-05 10:49
00_CONTROL\.ig-profile\Default\Code Cache\js\2d14380345f5a855_0;2d14380345f5a855_0;;otro;00_CONTROL;54064;2026-09-05 10:25
00_CONTROL\.ig-profile\Default\Code Cache\js\2dadfc39903702e4_0;2dadfc39903702e4_0;;otro;00_CONTROL;3940;2026-09-05 00:56
00_CONTROL\.ig-profile\Default\Code Cache\js\2dcb7e7367fbea0e_0;2dcb7e7367fbea0e_0;;otro;00_CONTROL;3295;2026-09-05 00:57
00_CONTROL\.ig-profile\Default\Code Cache\js\2e2e5cbf66359195_0;2e2e5cbf66359195_0;;otro;00_CONTROL;288;2026-09-04 23:27
00_CONTROL\.ig-profile\Default\Code Cache\js\2e375538fae17083_0;2e375538fae17083_0;;otro;00_CONTROL;808;2026-09-05 11:15
00_CONTROL\.ig-profile\Default\Code Cache\js\2e39d469bf068752_0;2e39d469bf068752_0;;otro;00_CONTROL;4568;2026-09-05 00:57
00_CONTROL\.ig-profile\Default\Code Cache\js\2ec224465b865c1b_0;2ec224465b865c1b_0;;otro;00_CONTROL;54184;2026-09-05 10:17
00_CONTROL\.ig-profile\Default\Code Cache\js\2f087c8bd36de1ad_0;2f087c8bd36de1ad_0;;otro;00_CONTROL;548528;2026-09-05 11:14
00_CONTROL\.ig-profile\Default\Code Cache\js\2f17ba7f9ca48d37_0;2f17ba7f9ca48d37_0;;otro;00_CONTROL;122104;2026-09-05 11:14
00_CONTROL\.ig-profile\Default\Code Cache\js\2f9758cefa960594_0;2f9758cefa960594_0;;otro;00_CONTROL;22108;2026-09-05 00:55
00_CONTROL\.ig-profile\Default\Code Cache\js\2fcb45cbdf118ec7_0;2fcb45cbdf118ec7_0;;otro;00_CONTROL;6867;2026-09-05 00:56
00_CONTROL\.ig-profile\Default\Code Cache\js\2ff1171523ce30ec_0;2ff1171523ce30ec_0;;otro;00_CONTROL;8312;2026-09-04 23:33
00_CONTROL\.ig-profile\Default\Code Cache\js\2ffd3e289421a37e_0;2ffd3e289421a37e_0;;otro;00_CONTROL;55160;2026-09-05 11:16
00_CONTROL\.ig-profile\Default\Code Cache\js\3027077dbd957a7d_0;3027077dbd957a7d_0;;otro;00_CONTROL;239;2026-09-05 00:55
00_CONTROL\.ig-profile\Default\Code Cache\js\30446a8e4e647bfc_0;30446a8e4e647bfc_0;;otro;00_CONTROL;266;2026-09-05 01:00
00_CONTROL\.ig-profile\Default\Code Cache\js\3079345393a5f09e_0;3079345393a5f09e_0;;otro;00_CONTROL;1352;2026-09-05 10:48
00_CONTROL\.ig-profile\Default\Code Cache\js\3086c78404ba8c37_0;3086c78404ba8c37_0;;otro;00_CONTROL;605;2026-09-04 23:25
00_CONTROL\.ig-profile\Default\Code Cache\js\30892aa04889c711_0;30892aa04889c711_0;;otro;00_CONTROL;289;2026-09-05 11:14
00_CONTROL\.ig-profile\Default\Code Cache\js\30913f227e73a87e_0;30913f227e73a87e_0;;otro;00_CONTROL;6358;2026-09-05 00:56
00_CONTROL\.ig-profile\Default\Code Cache\js\309612f18ab4ba2a_0;309612f18ab4ba2a_0;;otro;00_CONTROL;288;2026-09-05 11:14
00_CONTROL\.ig-profile\Default\Code Cache\js\30b1fa9d8eba09dd_0;30b1fa9d8eba09dd_0;;otro;00_CONTROL;248;2026-09-04 23:48
00_CONTROL\.ig-profile\Default\Code Cache\js\30d568b2c15def92_0;30d568b2c15def92_0;;otro;00_CONTROL;387;2026-09-05 00:57
00_CONTROL\.ig-profile\Default\Code Cache\js\30da9cfb57ce65fe_0;30da9cfb57ce65fe_0;;otro;00_CONTROL;3841;2026-09-05 10:17
00_CONTROL\.ig-profile\Default\Code Cache\js\30e3d33fcd11aa03_0;30e3d33fcd11aa03_0;;otro;00_CONTROL;232120;2026-09-05 09:59
00_CONTROL\.ig-profile\Default\Code Cache\js\30ffc831a027066c_0;30ffc831a027066c_0;;otro;00_CONTROL;235;2026-09-05 11:14
00_CONTROL\.ig-profile\Default\Code Cache\js\319ca5bfabdc8e69_0;319ca5bfabdc8e69_0;;otro;00_CONTROL;4207;2026-09-05 00:57
00_CONTROL\.ig-profile\Default\Code Cache\js\31ae8766d94990c8_0;31ae8766d94990c8_0;;otro;00_CONTROL;104368;2026-09-05 10:17
00_CONTROL\.ig-profile\Default\Code Cache\js\325c0c5ad47f8cf9_0;325c0c5ad47f8cf9_0;;otro;00_CONTROL;235;2026-09-05 10:25
00_CONTROL\.ig-profile\Default\Code Cache\js\32e723166a04e11c_0;32e723166a04e11c_0;;otro;00_CONTROL;235;2026-09-05 10:25
00_CONTROL\.ig-profile\Default\Code Cache\js\330b5c1528c1732c_0;330b5c1528c1732c_0;;otro;00_CONTROL;147576;2026-09-05 11:15
00_CONTROL\.ig-profile\Default\Code Cache\js\331d078bfa509f39_0;331d078bfa509f39_0;;otro;00_CONTROL;376;2026-09-04 23:32
00_CONTROL\.ig-profile\Default\Code Cache\js\33a4aaa0cf2a97a6_0;33a4aaa0cf2a97a6_0;;otro;00_CONTROL;939;2026-09-05 11:15
00_CONTROL\.ig-profile\Default\Code Cache\js\33c698177e20b93f_0;33c698177e20b93f_0;;otro;00_CONTROL;4297;2026-09-05 10:17
00_CONTROL\.ig-profile\Default\Code Cache\js\33e8e375de283b1b_0;33e8e375de283b1b_0;;otro;00_CONTROL;306808;2026-09-04 23:33
00_CONTROL\.ig-profile\Default\Code Cache\js\342570564576c854_0;342570564576c854_0;;otro;00_CONTROL;130656;2026-09-04 22:49
00_CONTROL\.ig-profile\Default\Code Cache\js\344b55cee0913854_0;344b55cee0913854_0;;otro;00_CONTROL;275;2026-09-05 11:33
00_CONTROL\.ig-profile\Default\Code Cache\js\345f49edddf22d11_0;345f49edddf22d11_0;;otro;00_CONTROL;253;2026-09-05 11:15
00_CONTROL\.ig-profile\Default\Code Cache\js\34a8ff702f86bf19_0;34a8ff702f86bf19_0;;otro;00_CONTROL;2563;2026-09-05 00:55
00_CONTROL\.ig-profile\Default\Code Cache\js\35327494bd4a3e7c_0;35327494bd4a3e7c_0;;otro;00_CONTROL;76936;2026-09-05 10:17
00_CONTROL\.ig-profile\Default\Code Cache\js\35a0bdfe5cbabab9_0;35a0bdfe5cbabab9_0;;otro;00_CONTROL;4533;2026-09-05 00:57
00_CONTROL\.ig-profile\Default\Code Cache\js\362574d74f53a563_0;362574d74f53a563_0;;otro;00_CONTROL;298608;2026-09-04 23:27
00_CONTROL\.ig-profile\Default\Code Cache\js\36675b5952181773_0;36675b5952181773_0;;otro;00_CONTROL;384848;2026-09-05 09:59
00_CONTROL\.ig-profile\Default\Code Cache\js\36ab69c70cf7cc6b_0;36ab69c70cf7cc6b_0;;otro;00_CONTROL;394;2026-09-05 11:15
00_CONTROL\.ig-profile\Default\Code Cache\js\36ceb445836e445b_0;36ceb445836e445b_0;;otro;00_CONTROL;1741008;2026-09-05 00:55
00_CONTROL\.ig-profile\Default\Code Cache\js\370e0c5c560985c8_0;370e0c5c560985c8_0;;otro;00_CONTROL;270;2026-09-05 11:14
00_CONTROL\.ig-profile\Default\Code Cache\js\3717ecf2227db73a_0;3717ecf2227db73a_0;;otro;00_CONTROL;283;2026-09-05 10:17
00_CONTROL\.ig-profile\Default\Code Cache\js\373e5b9696c2cd53_0;373e5b9696c2cd53_0;;otro;00_CONTROL;4792;2026-09-05 00:57
00_CONTROL\.ig-profile\Default\Code Cache\js\3765041989f5221d_0;3765041989f5221d_0;;otro;00_CONTROL;1254;2026-09-05 00:57
00_CONTROL\.ig-profile\Default\Code Cache\js\37f6979e095b0c85_0;37f6979e095b0c85_0;;otro;00_CONTROL;248;2026-09-05 11:31
00_CONTROL\.ig-profile\Default\Code Cache\js\38337da0507433c0_0;38337da0507433c0_0;;otro;00_CONTROL;49224;2026-09-05 10:02
00_CONTROL\.ig-profile\Default\Code Cache\js\3865ab4125888f03_0;3865ab4125888f03_0;;otro;00_CONTROL;5241;2026-09-05 10:17
00_CONTROL\.ig-profile\Default\Code Cache\js\3875aba417419f34_0;3875aba417419f34_0;;otro;00_CONTROL;334;2026-09-05 10:18
00_CONTROL\.ig-profile\Default\Code Cache\js\3892d999ab41a4c6_0;3892d999ab41a4c6_0;;otro;00_CONTROL;1700;2026-09-05 00:53
00_CONTROL\.ig-profile\Default\Code Cache\js\38b65ae4039db6fa_0;38b65ae4039db6fa_0;;otro;00_CONTROL;320816;2026-09-04 22:49
00_CONTROL\.ig-profile\Default\Code Cache\js\38c90deaf61bc669_0;38c90deaf61bc669_0;;otro;00_CONTROL;548536;2026-09-05 11:14
00_CONTROL\.ig-profile\Default\Code Cache\js\390d6ce2c3522f70_0;390d6ce2c3522f70_0;;otro;00_CONTROL;248;2026-09-04 23:48
00_CONTROL\.ig-profile\Default\Code Cache\js\393934d8c08833d8_0;393934d8c08833d8_0;;otro;00_CONTROL;6820;2026-09-05 00:56
00_CONTROL\.ig-profile\Default\Code Cache\js\394c3da5cc6dfbc3_0;394c3da5cc6dfbc3_0;;otro;00_CONTROL;8715;2026-09-05 10:17
00_CONTROL\.ig-profile\Default\Code Cache\js\3a170aa3e8104ac3_0;3a170aa3e8104ac3_0;;otro;00_CONTROL;3722;2026-09-05 00:56
00_CONTROL\.ig-profile\Default\Code Cache\js\3a8dbf5ad7fddada_0;3a8dbf5ad7fddada_0;;otro;00_CONTROL;2019608;2026-09-04 23:25
00_CONTROL\.ig-profile\Default\Code Cache\js\3af49ea59351b63e_0;3af49ea59351b63e_0;;otro;00_CONTROL;1303;2026-09-04 22:43
00_CONTROL\.ig-profile\Default\Code Cache\js\3af8f0f2b9bba52e_0;3af8f0f2b9bba52e_0;;otro;00_CONTROL;508;2026-09-05 11:16
00_CONTROL\.ig-profile\Default\Code Cache\js\3b2a8a6c956c128d_0;3b2a8a6c956c128d_0;;otro;00_CONTROL;248;2026-09-05 11:15
00_CONTROL\.ig-profile\Default\Code Cache\js\3b5137d35bcb65c2_0;3b5137d35bcb65c2_0;;otro;00_CONTROL;255;2026-09-04 23:31
00_CONTROL\.ig-profile\Default\Code Cache\js\3b56d81f82df6be0_0;3b56d81f82df6be0_0;;otro;00_CONTROL;2482;2026-09-05 10:17
00_CONTROL\.ig-profile\Default\Code Cache\js\3bae2b320a9fa6ac_0;3bae2b320a9fa6ac_0;;otro;00_CONTROL;130352;2026-09-04 23:28
00_CONTROL\.ig-profile\Default\Code Cache\js\3bc18f98b78b58bc_0;3bc18f98b78b58bc_0;;otro;00_CONTROL;283;2026-09-05 10:17
00_CONTROL\.ig-profile\Default\Code Cache\js\3bc3a098b658767b_0;3bc3a098b658767b_0;;otro;00_CONTROL;9894;2026-09-05 10:17
00_CONTROL\.ig-profile\Default\Code Cache\js\3c0d5c22858ed642_0;3c0d5c22858ed642_0;;otro;00_CONTROL;1711;2026-09-05 11:15
00_CONTROL\.ig-profile\Default\Code Cache\js\3c3438f83bf7a2b4_0;3c3438f83bf7a2b4_0;;otro;00_CONTROL;419;2026-09-05 11:15
00_CONTROL\.ig-profile\Default\Code Cache\js\3c4f7d3aee9df6d0_0;3c4f7d3aee9df6d0_0;;otro;00_CONTROL;1594;2026-09-05 10:17
00_CONTROL\.ig-profile\Default\Code Cache\js\3c9e9273d05ef3e0_0;3c9e9273d05ef3e0_0;;otro;00_CONTROL;288;2026-09-04 23:32
00_CONTROL\.ig-profile\Default\Code Cache\js\3ca934b2db231fa4_0;3ca934b2db231fa4_0;;otro;00_CONTROL;123528;2026-09-05 10:02
00_CONTROL\.ig-profile\Default\Code Cache\js\3cb96b88628ce6aa_0;3cb96b88628ce6aa_0;;otro;00_CONTROL;418;2026-09-05 10:17
00_CONTROL\.ig-profile\Default\Code Cache\js\3cdab49ef0af2b04_0;3cdab49ef0af2b04_0;;otro;00_CONTROL;286;2026-09-04 22:49
00_CONTROL\.ig-profile\Default\Code Cache\js\3cdf2b4879216b20_0;3cdf2b4879216b20_0;;otro;00_CONTROL;6665;2026-09-05 00:56
00_CONTROL\.ig-profile\Default\Code Cache\js\3cfa92f8f3e2b2b1_0;3cfa92f8f3e2b2b1_0;;otro;00_CONTROL;322208;2026-09-05 11:14
00_CONTROL\.ig-profile\Default\Code Cache\js\3d64db1f4310a833_0;3d64db1f4310a833_0;;otro;00_CONTROL;153840;2026-09-05 11:14
00_CONTROL\.ig-profile\Default\Code Cache\js\3d7670cd93a9f3b2_0;3d7670cd93a9f3b2_0;;otro;00_CONTROL;5787;2026-09-05 00:55
00_CONTROL\.ig-profile\Default\Code Cache\js\3d838f023f4b99fe_0;3d838f023f4b99fe_0;;otro;00_CONTROL;9425;2026-09-05 10:17
00_CONTROL\.ig-profile\Default\Code Cache\js\3e746d5809dbc16e_0;3e746d5809dbc16e_0;;otro;00_CONTROL;526072;2026-09-04 23:32
00_CONTROL\.ig-profile\Default\Code Cache\js\3e762b628dd9f6de_0;3e762b628dd9f6de_0;;otro;00_CONTROL;248;2026-09-05 10:21
00_CONTROL\.ig-profile\Default\Code Cache\js\3e90e0b09f5f4a4d_0;3e90e0b09f5f4a4d_0;;otro;00_CONTROL;288;2026-09-05 10:25
00_CONTROL\.ig-profile\Default\Code Cache\js\3ec0700697dfcfb4_0;3ec0700697dfcfb4_0;;otro;00_CONTROL;669;2026-09-05 10:25
00_CONTROL\.ig-profile\Default\Code Cache\js\3edc88a1d61dd2a3_0;3edc88a1d61dd2a3_0;;otro;00_CONTROL;270;2026-09-05 11:14
00_CONTROL\.ig-profile\Default\Code Cache\js\3f0b5a7d62a0b4a1_0;3f0b5a7d62a0b4a1_0;;otro;00_CONTROL;248;2026-09-05 10:21
00_CONTROL\.ig-profile\Default\Code Cache\js\3f6cc8f45713d522_0;3f6cc8f45713d522_0;;otro;00_CONTROL;3707;2026-09-05 10:17
00_CONTROL\.ig-profile\Default\Code Cache\js\3f79e009920acfd2_0;3f79e009920acfd2_0;;otro;00_CONTROL;271;2026-09-05 11:15
00_CONTROL\.ig-profile\Default\Code Cache\js\3f7d568ef94546b3_0;3f7d568ef94546b3_0;;otro;00_CONTROL;10833;2026-09-05 10:17
00_CONTROL\.ig-profile\Default\Code Cache\js\3fc09c6d6504d026_0;3fc09c6d6504d026_0;;otro;00_CONTROL;6351;2026-09-05 00:56
00_CONTROL\.ig-profile\Default\Code Cache\js\403f76d93a14163d_0;403f76d93a14163d_0;;otro;00_CONTROL;569;2026-09-04 23:25
00_CONTROL\.ig-profile\Default\Code Cache\js\40851006077ab58f_0;40851006077ab58f_0;;otro;00_CONTROL;248;2026-09-05 10:21
00_CONTROL\.ig-profile\Default\Code Cache\js\4132d2df7f65fa8a_0;4132d2df7f65fa8a_0;;otro;00_CONTROL;275;2026-09-05 11:16
00_CONTROL\.ig-profile\Default\Code Cache\js\421e8cc4cf291dd4_0;421e8cc4cf291dd4_0;;otro;00_CONTROL;418;2026-09-05 00:55
00_CONTROL\.ig-profile\Default\Code Cache\js\429fd7ebfe9c6d22_0;429fd7ebfe9c6d22_0;;otro;00_CONTROL;248;2026-09-05 11:31
00_CONTROL\.ig-profile\Default\Code Cache\js\42b0c3f616815db0_0;42b0c3f616815db0_0;;otro;00_CONTROL;8593;2026-09-05 10:17
00_CONTROL\.ig-profile\Default\Code Cache\js\42f93e009deeb471_0;42f93e009deeb471_0;;otro;00_CONTROL;594;2026-09-04 23:25
00_CONTROL\.ig-profile\Default\Code Cache\js\4319048a36a6572c_0;4319048a36a6572c_0;;otro;00_CONTROL;3121;2026-09-05 10:17
00_CONTROL\.ig-profile\Default\Code Cache\js\434474160c9967c8_0;434474160c9967c8_0;;otro;00_CONTROL;470;2026-09-05 10:18
00_CONTROL\.ig-profile\Default\Code Cache\js\4387931ad78807bb_0;4387931ad78807bb_0;;otro;00_CONTROL;232120;2026-09-04 23:27
00_CONTROL\.ig-profile\Default\Code Cache\js\4390c95c4bef1c65_0;4390c95c4bef1c65_0;;otro;00_CONTROL;452;2026-09-05 11:15
00_CONTROL\.ig-profile\Default\Code Cache\js\43ae66b02229b084_0;43ae66b02229b084_0;;otro;00_CONTROL;286;2026-09-04 22:49
00_CONTROL\.ig-profile\Default\Code Cache\js\43b8c0329c561f98_0;43b8c0329c561f98_0;;otro;00_CONTROL;3802;2026-09-05 10:17
00_CONTROL\.ig-profile\Default\Code Cache\js\441bf0d7a9f35def_0;441bf0d7a9f35def_0;;otro;00_CONTROL;54784;2026-09-05 10:17
00_CONTROL\.ig-profile\Default\Code Cache\js\4489423f65e2dcc1_0;4489423f65e2dcc1_0;;otro;00_CONTROL;248;2026-09-05 11:15
00_CONTROL\.ig-profile\Default\Code Cache\js\449991e675dc0127_0;449991e675dc0127_0;;otro;00_CONTROL;248;2026-09-05 10:21
00_CONTROL\.ig-profile\Default\Code Cache\js\44a6db9c0b1463eb_0;44a6db9c0b1463eb_0;;otro;00_CONTROL;227432;2026-09-05 10:17
00_CONTROL\.ig-profile\Default\Code Cache\js\44a9d8d8e53c81fc_0;44a9d8d8e53c81fc_0;;otro;00_CONTROL;254224;2026-09-05 10:17
00_CONTROL\.ig-profile\Default\Code Cache\js\44fb71894921eb6d_0;44fb71894921eb6d_0;;otro;00_CONTROL;4384416;2026-09-05 11:30
00_CONTROL\.ig-profile\Default\Code Cache\js\450780c4dee7916f_0;450780c4dee7916f_0;;otro;00_CONTROL;3281;2026-09-05 00:57
00_CONTROL\.ig-profile\Default\Code Cache\js\4540d8ae541d90d1_0;4540d8ae541d90d1_0;;otro;00_CONTROL;289;2026-09-05 11:14
00_CONTROL\.ig-profile\Default\Code Cache\js\45992dfc1b8241e5_0;45992dfc1b8241e5_0;;otro;00_CONTROL;248;2026-09-05 11:55
00_CONTROL\.ig-profile\Default\Code Cache\js\4612d875e8e28155_0;4612d875e8e28155_0;;otro;00_CONTROL;286;2026-09-04 22:49
00_CONTROL\.ig-profile\Default\Code Cache\js\4716f48140e640b2_0;4716f48140e640b2_0;;otro;00_CONTROL;27184;2026-09-05 10:17
00_CONTROL\.ig-profile\Default\Code Cache\js\478ff211118a9efd_0;478ff211118a9efd_0;;otro;00_CONTROL;281;2026-09-05 10:17
00_CONTROL\.ig-profile\Default\Code Cache\js\47e8186bb94cf261_0;47e8186bb94cf261_0;;otro;00_CONTROL;235;2026-09-05 11:31
00_CONTROL\.ig-profile\Default\Code Cache\js\47f4e041249b69ab_0;47f4e041249b69ab_0;;otro;00_CONTROL;19016;2026-09-05 10:17
00_CONTROL\.ig-profile\Default\Code Cache\js\4820fb12e1d10b4d_0;4820fb12e1d10b4d_0;;otro;00_CONTROL;248;2026-09-05 11:11
00_CONTROL\.ig-profile\Default\Code Cache\js\486c442c5aa21604_0;486c442c5aa21604_0;;otro;00_CONTROL;190352;2026-09-05 10:17
00_CONTROL\.ig-profile\Default\Code Cache\js\4883704c882b3657_0;4883704c882b3657_0;;otro;00_CONTROL;4393;2026-09-05 10:17
00_CONTROL\.ig-profile\Default\Code Cache\js\48b05ffa0c8d1ab3_0;48b05ffa0c8d1ab3_0;;otro;00_CONTROL;283;2026-09-05 10:17
00_CONTROL\.ig-profile\Default\Code Cache\js\490b0b25c33db58f_0;490b0b25c33db58f_0;;otro;00_CONTROL;490;2026-09-05 10:18
00_CONTROL\.ig-profile\Default\Code Cache\js\4922823b0ec6dbaa_0;4922823b0ec6dbaa_0;;otro;00_CONTROL;358;2026-09-05 11:15
00_CONTROL\.ig-profile\Default\Code Cache\js\492a0e0ddbfe5f81_0;492a0e0ddbfe5f81_0;;otro;00_CONTROL;10521;2026-09-05 10:17
00_CONTROL\.ig-profile\Default\Code Cache\js\493352ba25e6e97f_0;493352ba25e6e97f_0;;otro;00_CONTROL;248;2026-09-05 10:25
00_CONTROL\.ig-profile\Default\Code Cache\js\49cfcf514cf3dec3_0;49cfcf514cf3dec3_0;;otro;00_CONTROL;3216;2026-09-05 00:57
00_CONTROL\.ig-profile\Default\Code Cache\js\4a0814caef349785_0;4a0814caef349785_0;;otro;00_CONTROL;119952;2026-09-05 10:00
00_CONTROL\.ig-profile\Default\Code Cache\js\4a24825c6e279264_0;4a24825c6e279264_0;;otro;00_CONTROL;4996;2026-09-05 00:58
00_CONTROL\.ig-profile\Default\Code Cache\js\4a5ddaedc30fc2da_0;4a5ddaedc30fc2da_0;;otro;00_CONTROL;282;2026-09-05 10:17
00_CONTROL\.ig-profile\Default\Code Cache\js\4aa5798bacfa32d8_0;4aa5798bacfa32d8_0;;otro;00_CONTROL;280;2026-09-05 11:33
00_CONTROL\.ig-profile\Default\Code Cache\js\4bb3b15e97ff9d71_0;4bb3b15e97ff9d71_0;;otro;00_CONTROL;6186;2026-09-05 00:56
00_CONTROL\.ig-profile\Default\Code Cache\js\4bb826382c40cf6b_0;4bb826382c40cf6b_0;;otro;00_CONTROL;235;2026-09-05 11:15
00_CONTROL\.ig-profile\Default\Code Cache\js\4bda0bfe872ac59a_0;4bda0bfe872ac59a_0;;otro;00_CONTROL;569;2026-09-04 23:25
00_CONTROL\.ig-profile\Default\Code Cache\js\4bf7cfb0b1809997_0;4bf7cfb0b1809997_0;;otro;00_CONTROL;235;2026-09-05 11:55
00_CONTROL\.ig-profile\Default\Code Cache\js\4c1447cc57685120_0;4c1447cc57685120_0;;otro;00_CONTROL;4187;2026-09-05 00:57
00_CONTROL\.ig-profile\Default\Code Cache\js\4c32474db751130e_0;4c32474db751130e_0;;otro;00_CONTROL;1529040;2026-09-05 10:17
00_CONTROL\.ig-profile\Default\Code Cache\js\4c452ad3df8ead9c_0;4c452ad3df8ead9c_0;;otro;00_CONTROL;2027;2026-09-05 10:48
00_CONTROL\.ig-profile\Default\Code Cache\js\4c56881454e605bb_0;4c56881454e605bb_0;;otro;00_CONTROL;1682;2026-09-05 10:17
00_CONTROL\.ig-profile\Default\Code Cache\js\4ca3abac9e81240e_0;4ca3abac9e81240e_0;;otro;00_CONTROL;1271;2026-09-05 11:15
00_CONTROL\.ig-profile\Default\Code Cache\js\4caadd77666f52f7_0;4caadd77666f52f7_0;;otro;00_CONTROL;398;2026-09-04 22:43
00_CONTROL\.ig-profile\Default\Code Cache\js\4d090403f1eada83_0;4d090403f1eada83_0;;otro;00_CONTROL;607;2026-09-04 23:32
00_CONTROL\.ig-profile\Default\Code Cache\js\4d37adaca2f69327_0;4d37adaca2f69327_0;;otro;00_CONTROL;7155040;2026-09-04 23:25
00_CONTROL\.ig-profile\Default\Code Cache\js\4d3ce974668eb424_0;4d3ce974668eb424_0;;otro;00_CONTROL;456392;2026-09-05 11:14
00_CONTROL\.ig-profile\Default\Code Cache\js\4e8a4e93efd224ab_0;4e8a4e93efd224ab_0;;otro;00_CONTROL;248;2026-09-04 23:27
00_CONTROL\.ig-profile\Default\Code Cache\js\4ee63a3d4375dd19_0;4ee63a3d4375dd19_0;;otro;00_CONTROL;1940888;2026-09-04 23:33
00_CONTROL\.ig-profile\Default\Code Cache\js\4f453846fc356f98_0;4f453846fc356f98_0;;otro;00_CONTROL;275;2026-09-05 10:25
00_CONTROL\.ig-profile\Default\Code Cache\js\4f88b804929e58c1_0;4f88b804929e58c1_0;;otro;00_CONTROL;248;2026-09-04 23:26
00_CONTROL\.ig-profile\Default\Code Cache\js\4fb79a851770d18c_0;4fb79a851770d18c_0;;otro;00_CONTROL;2882;2026-09-05 10:17
00_CONTROL\.ig-profile\Default\Code Cache\js\4fc74a61b34d9f80_0;4fc74a61b34d9f80_0;;otro;00_CONTROL;275;2026-09-05 11:15
00_CONTROL\.ig-profile\Default\Code Cache\js\4ff88f212534c6c9_0;4ff88f212534c6c9_0;;otro;00_CONTROL;288;2026-09-04 23:33
00_CONTROL\.ig-profile\Default\Code Cache\js\50350374321297e3_0;50350374321297e3_0;;otro;00_CONTROL;135696;2026-09-05 11:14
00_CONTROL\.ig-profile\Default\Code Cache\js\50668917cb56dae9_0;50668917cb56dae9_0;;otro;00_CONTROL;30784;2026-09-05 10:17
00_CONTROL\.ig-profile\Default\Code Cache\js\50c1c679b2901f6e_0;50c1c679b2901f6e_0;;otro;00_CONTROL;6777;2026-09-05 10:17
00_CONTROL\.ig-profile\Default\Code Cache\js\50d26aaf89234605_0;50d26aaf89234605_0;;otro;00_CONTROL;7104;2026-09-05 11:55
00_CONTROL\.ig-profile\Default\Code Cache\js\51313dcd03de02d1_0;51313dcd03de02d1_0;;otro;00_CONTROL;288;2026-09-05 11:14
00_CONTROL\.ig-profile\Default\Code Cache\js\515b8487636d5a84_0;515b8487636d5a84_0;;otro;00_CONTROL;281;2026-09-05 10:17
00_CONTROL\.ig-profile\Default\Code Cache\js\5192876c17b4a399_0;5192876c17b4a399_0;;otro;00_CONTROL;235;2026-09-05 10:01
00_CONTROL\.ig-profile\Default\Code Cache\js\5197505292cef4de_0;5197505292cef4de_0;;otro;00_CONTROL;3559;2026-09-05 00:56
00_CONTROL\.ig-profile\Default\Code Cache\js\51cc62274b934c43_0;51cc62274b934c43_0;;otro;00_CONTROL;40992;2026-09-05 10:17
00_CONTROL\.ig-profile\Default\Code Cache\js\52a3f1cdcdb838b0_0;52a3f1cdcdb838b0_0;;otro;00_CONTROL;1041936;2026-09-04 23:27
00_CONTROL\.ig-profile\Default\Code Cache\js\52b7e3ba2ae60e75_0;52b7e3ba2ae60e75_0;;otro;00_CONTROL;4200;2026-09-05 00:57
00_CONTROL\.ig-profile\Default\Code Cache\js\530615c85846700b_0;530615c85846700b_0;;otro;00_CONTROL;85856;2026-09-05 10:17
00_CONTROL\.ig-profile\Default\Code Cache\js\5308f00bffbe1ed5_0;5308f00bffbe1ed5_0;;otro;00_CONTROL;64928;2026-09-05 10:17
00_CONTROL\.ig-profile\Default\Code Cache\js\530e8926a887718d_0;530e8926a887718d_0;;otro;00_CONTROL;986464;2026-09-04 23:32
00_CONTROL\.ig-profile\Default\Code Cache\js\535da2955c04720a_0;535da2955c04720a_0;;otro;00_CONTROL;1095;2026-09-05 11:15
00_CONTROL\.ig-profile\Default\Code Cache\js\537821f33a085dad_0;537821f33a085dad_0;;otro;00_CONTROL;19984;2026-09-05 11:30
00_CONTROL\.ig-profile\Default\Code Cache\js\537b62bb5b06a541_0;537b62bb5b06a541_0;;otro;00_CONTROL;463;2026-09-05 11:15
00_CONTROL\.ig-profile\Default\Code Cache\js\5409429c4d4f02f1_0;5409429c4d4f02f1_0;;otro;00_CONTROL;677568;2026-09-05 10:49
00_CONTROL\.ig-profile\Default\Code Cache\js\540b18e8ee574c6c_0;540b18e8ee574c6c_0;;otro;00_CONTROL;2081;2026-09-05 11:15
00_CONTROL\.ig-profile\Default\Code Cache\js\541c8f7b064876c7_0;541c8f7b064876c7_0;;otro;00_CONTROL;110424;2026-09-04 23:32
00_CONTROL\.ig-profile\Default\Code Cache\js\5425a859f51cfc2a_0;5425a859f51cfc2a_0;;otro;00_CONTROL;1571;2026-09-05 10:17
00_CONTROL\.ig-profile\Default\Code Cache\js\548c3607d8f015d1_0;548c3607d8f015d1_0;;otro;00_CONTROL;607;2026-09-05 11:30
00_CONTROL\.ig-profile\Default\Code Cache\js\54d879928847f27a_0;54d879928847f27a_0;;otro;00_CONTROL;17496;2026-09-05 10:17
00_CONTROL\.ig-profile\Default\Code Cache\js\55176a1f599d09f2_0;55176a1f599d09f2_0;;otro;00_CONTROL;283;2026-09-05 10:17
00_CONTROL\.ig-profile\Default\Code Cache\js\55d7cadb5f765615_0;55d7cadb5f765615_0;;otro;00_CONTROL;3764;2026-09-05 00:56
00_CONTROL\.ig-profile\Default\Code Cache\js\560aa3cd0ec2400f_0;560aa3cd0ec2400f_0;;otro;00_CONTROL;248;2026-09-05 10:25
00_CONTROL\.ig-profile\Default\Code Cache\js\56d695dc3ba9af67_0;56d695dc3ba9af67_0;;otro;00_CONTROL;58392;2026-09-04 22:49
00_CONTROL\.ig-profile\Default\Code Cache\js\579e9bc942948629_0;579e9bc942948629_0;;otro;00_CONTROL;343;2026-09-05 00:57
00_CONTROL\.ig-profile\Default\Code Cache\js\57cf6329228c4526_0;57cf6329228c4526_0;;otro;00_CONTROL;242;2026-09-04 23:31
00_CONTROL\.ig-profile\Default\Code Cache\js\5826128308d2abfd_0;5826128308d2abfd_0;;otro;00_CONTROL;8117;2026-09-05 10:17
00_CONTROL\.ig-profile\Default\Code Cache\js\585a860a807697cf_0;585a860a807697cf_0;;otro;00_CONTROL;442;2026-09-04 23:32
00_CONTROL\.ig-profile\Default\Code Cache\js\58a5af4fa1ee5e06_0;58a5af4fa1ee5e06_0;;otro;00_CONTROL;235;2026-09-05 11:31
00_CONTROL\.ig-profile\Default\Code Cache\js\58b3fcab156cb3cc_0;58b3fcab156cb3cc_0;;otro;00_CONTROL;248;2026-09-04 23:31
00_CONTROL\.ig-profile\Default\Code Cache\js\58bc092e50bc91db_0;58bc092e50bc91db_0;;otro;00_CONTROL;33560;2026-09-05 10:03
00_CONTROL\.ig-profile\Default\Code Cache\js\58ddd1ba5ac982a9_0;58ddd1ba5ac982a9_0;;otro;00_CONTROL;548536;2026-09-05 09:59
00_CONTROL\.ig-profile\Default\Code Cache\js\592b75733d0bbdbb_0;592b75733d0bbdbb_0;;otro;00_CONTROL;1753680;2026-09-05 11:14
00_CONTROL\.ig-profile\Default\Code Cache\js\595f3d03c4225667_0;595f3d03c4225667_0;;otro;00_CONTROL;6309;2026-09-05 00:56
00_CONTROL\.ig-profile\Default\Code Cache\js\59a98ce531d0e240_0;59a98ce531d0e240_0;;otro;00_CONTROL;4328688;2026-09-05 09:59
00_CONTROL\.ig-profile\Default\Code Cache\js\59f880d763ddc0f3_0;59f880d763ddc0f3_0;;otro;00_CONTROL;3571;2026-09-05 11:15
00_CONTROL\.ig-profile\Default\Code Cache\js\5a12f0e743fb135f_0;5a12f0e743fb135f_0;;otro;00_CONTROL;4377;2026-09-05 10:17
00_CONTROL\.ig-profile\Default\Code Cache\js\5a3a906e3349ee31_0;5a3a906e3349ee31_0;;otro;00_CONTROL;256;2026-09-05 11:31
00_CONTROL\.ig-profile\Default\Code Cache\js\5a8b46bac68494ea_0;5a8b46bac68494ea_0;;otro;00_CONTROL;3240;2026-09-05 00:56
00_CONTROL\.ig-profile\Default\Code Cache\js\5b3f087febb6ac41_0;5b3f087febb6ac41_0;;otro;00_CONTROL;283;2026-09-05 10:17
00_CONTROL\.ig-profile\Default\Code Cache\js\5c7f36a025ce1cf8_0;5c7f36a025ce1cf8_0;;otro;00_CONTROL;275;2026-09-04 23:27
00_CONTROL\.ig-profile\Default\Code Cache\js\5cb14c5b03ac8691_0;5cb14c5b03ac8691_0;;otro;00_CONTROL;289;2026-09-04 22:49
00_CONTROL\.ig-profile\Default\Code Cache\js\5cbdda7d2f64d832_0;5cbdda7d2f64d832_0;;otro;00_CONTROL;2418;2026-09-05 10:17
00_CONTROL\.ig-profile\Default\Code Cache\js\5d010ee5e6bf8f25_0;5d010ee5e6bf8f25_0;;otro;00_CONTROL;429392;2026-09-05 11:14
00_CONTROL\.ig-profile\Default\Code Cache\js\5d0ded8f102e70e0_0;5d0ded8f102e70e0_0;;otro;00_CONTROL;20248;2026-09-05 10:02
00_CONTROL\.ig-profile\Default\Code Cache\js\5d2a55c34ef91e4d_0;5d2a55c34ef91e4d_0;;otro;00_CONTROL;288;2026-09-05 11:16
00_CONTROL\.ig-profile\Default\Code Cache\js\5d55ad462be403dd_0;5d55ad462be403dd_0;;otro;00_CONTROL;248;2026-09-05 11:55
00_CONTROL\.ig-profile\Default\Code Cache\js\5d5e10c976f6aa93_0;5d5e10c976f6aa93_0;;otro;00_CONTROL;256;2026-09-05 00:55
00_CONTROL\.ig-profile\Default\Code Cache\js\5d7224f4112a4a08_0;5d7224f4112a4a08_0;;otro;00_CONTROL;3489;2026-09-05 00:56
00_CONTROL\.ig-profile\Default\Code Cache\js\5daf48cbadf014c8_0;5daf48cbadf014c8_0;;otro;00_CONTROL;101568;2026-09-05 11:33
00_CONTROL\.ig-profile\Default\Code Cache\js\5ddffc80a8cefc98_0;5ddffc80a8cefc98_0;;otro;00_CONTROL;9345;2026-09-05 10:17
00_CONTROL\.ig-profile\Default\Code Cache\js\5de92dc026485f26_0;5de92dc026485f26_0;;otro;00_CONTROL;2487;2026-09-05 10:25
00_CONTROL\.ig-profile\Default\Code Cache\js\5defa6979abb4156_0;5defa6979abb4156_0;;otro;00_CONTROL;9345;2026-09-05 10:17
00_CONTROL\.ig-profile\Default\Code Cache\js\5e3fc12ae7a38d0a_0;5e3fc12ae7a38d0a_0;;otro;00_CONTROL;1923;2026-09-04 23:27
00_CONTROL\.ig-profile\Default\Code Cache\js\5e45dde43868b485_0;5e45dde43868b485_0;;otro;00_CONTROL;4933;2026-09-05 00:57
00_CONTROL\.ig-profile\Default\Code Cache\js\5eb207808a036a48_0;5eb207808a036a48_0;;otro;00_CONTROL;508;2026-09-05 11:30
00_CONTROL\.ig-profile\Default\Code Cache\js\5ec6427c43ca851d_0;5ec6427c43ca851d_0;;otro;00_CONTROL;5040;2026-09-05 11:55
00_CONTROL\.ig-profile\Default\Code Cache\js\5f25b0470e066efb_0;5f25b0470e066efb_0;;otro;00_CONTROL;235;2026-09-05 10:25
00_CONTROL\.ig-profile\Default\Code Cache\js\5f5e2902af04476b_0;5f5e2902af04476b_0;;otro;00_CONTROL;2596216;2026-09-04 23:32
00_CONTROL\.ig-profile\Default\Code Cache\js\5f9330dd7cf8cf35_0;5f9330dd7cf8cf35_0;;otro;00_CONTROL;282;2026-09-05 10:17
00_CONTROL\.ig-profile\Default\Code Cache\js\5fcf078c27ef0391_0;5fcf078c27ef0391_0;;otro;00_CONTROL;607;2026-09-04 23:32
00_CONTROL\.ig-profile\Default\Code Cache\js\5fe2771f663d6fd0_0;5fe2771f663d6fd0_0;;otro;00_CONTROL;32080;2026-09-04 23:48
00_CONTROL\.ig-profile\Default\Code Cache\js\60714e2d93290766_0;60714e2d93290766_0;;otro;00_CONTROL;391608;2026-09-05 11:14
00_CONTROL\.ig-profile\Default\Code Cache\js\60d01fd5efa7f048_0;60d01fd5efa7f048_0;;otro;00_CONTROL;448088;2026-09-04 22:49
00_CONTROL\.ig-profile\Default\Code Cache\js\60f8524fa2c27210_0;60f8524fa2c27210_0;;otro;00_CONTROL;1491;2026-09-05 10:17
00_CONTROL\.ig-profile\Default\Code Cache\js\6104d2c259f8c737_0;6104d2c259f8c737_0;;otro;00_CONTROL;1794;2026-09-04 23:31
00_CONTROL\.ig-profile\Default\Code Cache\js\61317e04a4fe04a3_0;61317e04a4fe04a3_0;;otro;00_CONTROL;15373;2026-09-05 10:17
00_CONTROL\.ig-profile\Default\Code Cache\js\61405518a1247339_0;61405518a1247339_0;;otro;00_CONTROL;1251;2026-09-05 00:57
00_CONTROL\.ig-profile\Default\Code Cache\js\618935b9b7a4c222_0;618935b9b7a4c222_0;;otro;00_CONTROL;248;2026-09-05 11:15
00_CONTROL\.ig-profile\Default\Code Cache\js\619c0ece15a102f8_0;619c0ece15a102f8_0;;otro;00_CONTROL;255;2026-09-04 23:31
00_CONTROL\.ig-profile\Default\Code Cache\js\62099812ca4e4242_0;62099812ca4e4242_0;;otro;00_CONTROL;248;2026-09-05 10:21
00_CONTROL\.ig-profile\Default\Code Cache\js\625f02416d7b45aa_0;625f02416d7b45aa_0;;otro;00_CONTROL;545152;2026-09-04 23:32
00_CONTROL\.ig-profile\Default\Code Cache\js\6261382467262a5b_0;6261382467262a5b_0;;otro;00_CONTROL;3858;2026-09-05 10:17
00_CONTROL\.ig-profile\Default\Code Cache\js\62895e72a3deb68c_0;62895e72a3deb68c_0;;otro;00_CONTROL;248;2026-09-05 11:15
00_CONTROL\.ig-profile\Default\Code Cache\js\628daf9233e87598_0;628daf9233e87598_0;;otro;00_CONTROL;303;2026-09-04 23:26
00_CONTROL\.ig-profile\Default\Code Cache\js\62fee51cd12ee6c6_0;62fee51cd12ee6c6_0;;otro;00_CONTROL;235;2026-09-05 10:25
00_CONTROL\.ig-profile\Default\Code Cache\js\636f5ea01e85e2f7_0;636f5ea01e85e2f7_0;;otro;00_CONTROL;24120;2026-09-05 10:17
00_CONTROL\.ig-profile\Default\Code Cache\js\63811cf5c1064fce_0;63811cf5c1064fce_0;;otro;00_CONTROL;384104;2026-09-05 11:30
00_CONTROL\.ig-profile\Default\Code Cache\js\6397c96b4d445009_0;6397c96b4d445009_0;;otro;00_CONTROL;145696;2026-09-05 11:14
00_CONTROL\.ig-profile\Default\Code Cache\js\63ab67a3989c9031_0;63ab67a3989c9031_0;;otro;00_CONTROL;357;2026-09-05 10:18
00_CONTROL\.ig-profile\Default\Code Cache\js\63d3cfea31734b83_0;63d3cfea31734b83_0;;otro;00_CONTROL;2712056;2026-09-04 23:25
00_CONTROL\.ig-profile\Default\Code Cache\js\645832237636a1b9_0;645832237636a1b9_0;;otro;00_CONTROL;248;2026-09-04 23:26
00_CONTROL\.ig-profile\Default\Code Cache\js\64c06400a8e65a93_0;64c06400a8e65a93_0;;otro;00_CONTROL;34248;2026-09-05 10:17
00_CONTROL\.ig-profile\Default\Code Cache\js\64db9414a16f3aa3_0;64db9414a16f3aa3_0;;otro;00_CONTROL;284;2026-09-05 10:17
00_CONTROL\.ig-profile\Default\Code Cache\js\651e603164bb1126_0;651e603164bb1126_0;;otro;00_CONTROL;242;2026-09-05 11:15
00_CONTROL\.ig-profile\Default\Code Cache\js\657336cc56774733_0;657336cc56774733_0;;otro;00_CONTROL;4625;2026-09-05 00:55
00_CONTROL\.ig-profile\Default\Code Cache\js\663f52e5ea2b5d59_0;663f52e5ea2b5d59_0;;otro;00_CONTROL;4099;2026-09-05 00:57
00_CONTROL\.ig-profile\Default\Code Cache\js\679347946ff272b4_0;679347946ff272b4_0;;otro;00_CONTROL;74456;2026-09-04 23:25
00_CONTROL\.ig-profile\Default\Code Cache\js\67b472c5cdbdfbc7_0;67b472c5cdbdfbc7_0;;otro;00_CONTROL;7025;2026-09-05 00:53
00_CONTROL\.ig-profile\Default\Code Cache\js\67db9ea47025fc81_0;67db9ea47025fc81_0;;otro;00_CONTROL;4454;2026-09-05 00:55
00_CONTROL\.ig-profile\Default\Code Cache\js\67f095b8446a6c45_0;67f095b8446a6c45_0;;otro;00_CONTROL;566376;2026-09-04 23:27
00_CONTROL\.ig-profile\Default\Code Cache\js\6806999ac8d1140b_0;6806999ac8d1140b_0;;otro;00_CONTROL;288;2026-09-05 11:15
00_CONTROL\.ig-profile\Default\Code Cache\js\680a87fe93e83863_0;680a87fe93e83863_0;;otro;00_CONTROL;6283;2026-09-05 00:56
00_CONTROL\.ig-profile\Default\Code Cache\js\694af5ae6ea05957_0;694af5ae6ea05957_0;;otro;00_CONTROL;2505;2026-09-05 10:17
00_CONTROL\.ig-profile\Default\Code Cache\js\6976b9fbab6593e2_0;6976b9fbab6593e2_0;;otro;00_CONTROL;288;2026-09-05 11:16
00_CONTROL\.ig-profile\Default\Code Cache\js\69d317a0dd483fd3_0;69d317a0dd483fd3_0;;otro;00_CONTROL;6233;2026-09-05 10:17
00_CONTROL\.ig-profile\Default\Code Cache\js\69f9f0d6b475a74c_0;69f9f0d6b475a74c_0;;otro;00_CONTROL;279;2026-09-05 11:15
00_CONTROL\.ig-profile\Default\Code Cache\js\6a3124207c68493c_0;6a3124207c68493c_0;;otro;00_CONTROL;495;2026-09-04 23:31
00_CONTROL\.ig-profile\Default\Code Cache\js\6a4771a3a45b69c9_0;6a4771a3a45b69c9_0;;otro;00_CONTROL;5766;2026-09-05 00:55
00_CONTROL\.ig-profile\Default\Code Cache\js\6a4fcf0c6d8fbaeb_0;6a4fcf0c6d8fbaeb_0;;otro;00_CONTROL;248;2026-09-05 10:21
00_CONTROL\.ig-profile\Default\Code Cache\js\6b25cd97a39e1e0f_0;6b25cd97a39e1e0f_0;;otro;00_CONTROL;122104;2026-09-05 11:14
00_CONTROL\.ig-profile\Default\Code Cache\js\6b26ee65a230cb1b_0;6b26ee65a230cb1b_0;;otro;00_CONTROL;36440;2026-09-05 10:17
00_CONTROL\.ig-profile\Default\Code Cache\js\6b7d516a83790b3d_0;6b7d516a83790b3d_0;;otro;00_CONTROL;6487;2026-09-05 00:56
00_CONTROL\.ig-profile\Default\Code Cache\js\6c1c64a3728566a9_0;6c1c64a3728566a9_0;;otro;00_CONTROL;281;2026-09-05 10:17
00_CONTROL\.ig-profile\Default\Code Cache\js\6c442e9d3c74299e_0;6c442e9d3c74299e_0;;otro;00_CONTROL;4736;2026-09-05 00:57
00_CONTROL\.ig-profile\Default\Code Cache\js\6c4a6d778ad523d6_0;6c4a6d778ad523d6_0;;otro;00_CONTROL;2272816;2026-09-05 11:30
00_CONTROL\.ig-profile\Default\Code Cache\js\6c5e78b8499c8c53_0;6c5e78b8499c8c53_0;;otro;00_CONTROL;5945;2026-09-05 10:17
00_CONTROL\.ig-profile\Default\Code Cache\js\6cac0ec6f50ba84b_0;6cac0ec6f50ba84b_0;;otro;00_CONTROL;1827;2026-09-05 00:54
00_CONTROL\.ig-profile\Default\Code Cache\js\6ddcd6bee7fe6562_0;6ddcd6bee7fe6562_0;;otro;00_CONTROL;5726;2026-09-05 00:55
00_CONTROL\.ig-profile\Default\Code Cache\js\6e6506d0ddeac9f4_0;6e6506d0ddeac9f4_0;;otro;00_CONTROL;3524;2026-09-05 00:56
00_CONTROL\.ig-profile\Default\Code Cache\js\6e78b4e213625242_0;6e78b4e213625242_0;;otro;00_CONTROL;2054584;2026-09-05 11:14
00_CONTROL\.ig-profile\Default\Code Cache\js\6e8c0b98815056ae_0;6e8c0b98815056ae_0;;otro;00_CONTROL;1326;2026-09-05 00:57
00_CONTROL\.ig-profile\Default\Code Cache\js\6ed7d486e38f22e7_0;6ed7d486e38f22e7_0;;otro;00_CONTROL;2353;2026-09-05 10:17
00_CONTROL\.ig-profile\Default\Code Cache\js\6f072bcb5abd1883_0;6f072bcb5abd1883_0;;otro;00_CONTROL;283;2026-09-05 10:17
00_CONTROL\.ig-profile\Default\Code Cache\js\6f63c176830960b3_0;6f63c176830960b3_0;;otro;00_CONTROL;281;2026-09-05 10:17
00_CONTROL\.ig-profile\Default\Code Cache\js\6f70a7df0fdf0726_0;6f70a7df0fdf0726_0;;otro;00_CONTROL;11816;2026-09-05 10:23
00_CONTROL\.ig-profile\Default\Code Cache\js\6ffa62faecaba498_0;6ffa62faecaba498_0;;otro;00_CONTROL;6931;2026-09-05 10:17
00_CONTROL\.ig-profile\Default\Code Cache\js\6ffdd651e887598d_0;6ffdd651e887598d_0;;otro;00_CONTROL;78592;2026-09-05 10:02
00_CONTROL\.ig-profile\Default\Code Cache\js\70061522515c370e_0;70061522515c370e_0;;otro;00_CONTROL;2857;2026-09-05 10:17
00_CONTROL\.ig-profile\Default\Code Cache\js\70447a08e6c6f08b_0;70447a08e6c6f08b_0;;otro;00_CONTROL;288;2026-09-05 11:11
00_CONTROL\.ig-profile\Default\Code Cache\js\70566274eb686ccc_0;70566274eb686ccc_0;;otro;00_CONTROL;298;2026-09-04 23:31
00_CONTROL\.ig-profile\Default\Code Cache\js\7088db4e6f5afa39_0;7088db4e6f5afa39_0;;otro;00_CONTROL;135704;2026-09-05 11:15
00_CONTROL\.ig-profile\Default\Code Cache\js\70a0fbea956ae45f_0;70a0fbea956ae45f_0;;otro;00_CONTROL;219;2026-09-05 00:55
00_CONTROL\.ig-profile\Default\Code Cache\js\70f4c1c5121d4794_0;70f4c1c5121d4794_0;;otro;00_CONTROL;1126;2026-09-05 10:17
00_CONTROL\.ig-profile\Default\Code Cache\js\71780456ad3a28b6_0;71780456ad3a28b6_0;;otro;00_CONTROL;125072;2026-09-05 11:16
00_CONTROL\.ig-profile\Default\Code Cache\js\71a41b7328417044_0;71a41b7328417044_0;;otro;00_CONTROL;2126;2026-09-05 00:53
00_CONTROL\.ig-profile\Default\Code Cache\js\71d61be7a3225bf8_0;71d61be7a3225bf8_0;;otro;00_CONTROL;28576;2026-09-05 10:17
00_CONTROL\.ig-profile\Default\Code Cache\js\721bd28949002d81_0;721bd28949002d81_0;;otro;00_CONTROL;2442;2026-09-05 10:17
00_CONTROL\.ig-profile\Default\Code Cache\js\723a7e5b1fa0e96d_0;723a7e5b1fa0e96d_0;;otro;00_CONTROL;182536;2026-09-04 22:49
00_CONTROL\.ig-profile\Default\Code Cache\js\7249c8ef39739c41_0;7249c8ef39739c41_0;;otro;00_CONTROL;1599;2026-09-05 10:17
00_CONTROL\.ig-profile\Default\Code Cache\js\7294e70c659ab02f_0;7294e70c659ab02f_0;;otro;00_CONTROL;387;2026-09-05 11:16
00_CONTROL\.ig-profile\Default\Code Cache\js\72abcc577deea59e_0;72abcc577deea59e_0;;otro;00_CONTROL;5135;2026-09-05 11:15
00_CONTROL\.ig-profile\Default\Code Cache\js\72bf25332f02ff33_0;72bf25332f02ff33_0;;otro;00_CONTROL;289;2026-09-04 23:27
00_CONTROL\.ig-profile\Default\Code Cache\js\72c20a585af70a0b_0;72c20a585af70a0b_0;;otro;00_CONTROL;3322;2026-09-05 00:57
00_CONTROL\.ig-profile\Default\Code Cache\js\72cf52a2b3d6dabc_0;72cf52a2b3d6dabc_0;;otro;00_CONTROL;1954;2026-09-05 10:17
00_CONTROL\.ig-profile\Default\Code Cache\js\73297eae7100c3ec_0;73297eae7100c3ec_0;;otro;00_CONTROL;5769;2026-09-05 00:56
00_CONTROL\.ig-profile\Default\Code Cache\js\7389fb3bcc6af8b9_0;7389fb3bcc6af8b9_0;;otro;00_CONTROL;6501;2026-09-05 00:56
00_CONTROL\.ig-profile\Default\Code Cache\js\739fb66480ee26e0_0;739fb66480ee26e0_0;;otro;00_CONTROL;2078224;2026-09-05 09:59
00_CONTROL\.ig-profile\Default\Code Cache\js\73d615b0d5009492_0;73d615b0d5009492_0;;otro;00_CONTROL;78136;2026-09-05 11:14
00_CONTROL\.ig-profile\Default\Code Cache\js\7400df7f58371482_0;7400df7f58371482_0;;otro;00_CONTROL;1787;2026-09-05 00:54
00_CONTROL\.ig-profile\Default\Code Cache\js\74845ec662973824_0;74845ec662973824_0;;otro;00_CONTROL;378;2026-09-05 11:15
00_CONTROL\.ig-profile\Default\Code Cache\js\748d0b23006f3eb2_0;748d0b23006f3eb2_0;;otro;00_CONTROL;1393;2026-09-05 11:15
00_CONTROL\.ig-profile\Default\Code Cache\js\74e90c787eb05eba_0;74e90c787eb05eba_0;;otro;00_CONTROL;1209;2026-09-05 10:17
00_CONTROL\.ig-profile\Default\Code Cache\js\74ef6997edd1f6b8_0;74ef6997edd1f6b8_0;;otro;00_CONTROL;18312;2026-09-05 11:14
00_CONTROL\.ig-profile\Default\Code Cache\js\75319b93f3deeab9_0;75319b93f3deeab9_0;;otro;00_CONTROL;1485104;2026-09-05 10:49
00_CONTROL\.ig-profile\Default\Code Cache\js\75fb204b7f9bed06_0;75fb204b7f9bed06_0;;otro;00_CONTROL;1315;2026-09-05 10:48
00_CONTROL\.ig-profile\Default\Code Cache\js\75fbc882d89e7347_0;75fbc882d89e7347_0;;otro;00_CONTROL;78136;2026-09-04 22:49
00_CONTROL\.ig-profile\Default\Code Cache\js\76a47854faf3e704_0;76a47854faf3e704_0;;otro;00_CONTROL;2217;2026-09-05 10:17
00_CONTROL\.ig-profile\Default\Code Cache\js\773a4d039ad5f18b_0;773a4d039ad5f18b_0;;otro;00_CONTROL;275;2026-09-05 11:33
00_CONTROL\.ig-profile\Default\Code Cache\js\776324ab9186969a_0;776324ab9186969a_0;;otro;00_CONTROL;5289;2026-09-05 10:17
00_CONTROL\.ig-profile\Default\Code Cache\js\777cb7b8dd653ff4_0;777cb7b8dd653ff4_0;;otro;00_CONTROL;248;2026-09-04 23:31
00_CONTROL\.ig-profile\Default\Code Cache\js\7833fefba50e1caa_0;7833fefba50e1caa_0;;otro;00_CONTROL;761592;2026-09-04 22:49
00_CONTROL\.ig-profile\Default\Code Cache\js\7a5e293419951649_0;7a5e293419951649_0;;otro;00_CONTROL;5015;2026-09-04 23:31
00_CONTROL\.ig-profile\Default\Code Cache\js\7a719425ed768925_0;7a719425ed768925_0;;otro;00_CONTROL;19696;2026-09-05 11:14
00_CONTROL\.ig-profile\Default\Code Cache\js\7ad743d99f0d61ff_0;7ad743d99f0d61ff_0;;otro;00_CONTROL;288;2026-09-05 11:16
00_CONTROL\.ig-profile\Default\Code Cache\js\7af8522cb2402b50_0;7af8522cb2402b50_0;;otro;00_CONTROL;227;2026-09-04 22:49
00_CONTROL\.ig-profile\Default\Code Cache\js\7affa843d8520b59_0;7affa843d8520b59_0;;otro;00_CONTROL;125072;2026-09-04 23:27
00_CONTROL\.ig-profile\Default\Code Cache\js\7ba5256125388989_0;7ba5256125388989_0;;otro;00_CONTROL;3329;2026-09-05 00:57
00_CONTROL\.ig-profile\Default\Code Cache\js\7bedf96eaa5df44e_0;7bedf96eaa5df44e_0;;otro;00_CONTROL;286;2026-09-04 22:49
00_CONTROL\.ig-profile\Default\Code Cache\js\7c0374e25202aeda_0;7c0374e25202aeda_0;;otro;00_CONTROL;572632;2026-09-05 11:16
00_CONTROL\.ig-profile\Default\Code Cache\js\7c2c57fe83700583_0;7c2c57fe83700583_0;;otro;00_CONTROL;288;2026-09-05 11:15
00_CONTROL\.ig-profile\Default\Code Cache\js\7c2ee6327c50ec2f_0;7c2ee6327c50ec2f_0;;otro;00_CONTROL;301;2026-09-05 10:18
00_CONTROL\.ig-profile\Default\Code Cache\js\7c341bfe91a11ec8_0;7c341bfe91a11ec8_0;;otro;00_CONTROL;248;2026-09-05 11:55
00_CONTROL\.ig-profile\Default\Code Cache\js\7c45fa072b1631bb_0;7c45fa072b1631bb_0;;otro;00_CONTROL;1592;2026-09-05 10:17
00_CONTROL\.ig-profile\Default\Code Cache\js\7cc905c1f7a6649c_0;7cc905c1f7a6649c_0;;otro;00_CONTROL;84360;2026-09-05 10:17
00_CONTROL\.ig-profile\Default\Code Cache\js\7d346578841b03e6_0;7d346578841b03e6_0;;otro;00_CONTROL;37936;2026-09-05 10:17
00_CONTROL\.ig-profile\Default\Code Cache\js\7db81a54531b2c5b_0;7db81a54531b2c5b_0;;otro;00_CONTROL;275;2026-09-04 23:25
00_CONTROL\.ig-profile\Default\Code Cache\js\7e4fdf33c1113559_0;7e4fdf33c1113559_0;;otro;00_CONTROL;369;2026-09-05 00:57
00_CONTROL\.ig-profile\Default\Code Cache\js\7eedd93f13b68c9c_0;7eedd93f13b68c9c_0;;otro;00_CONTROL;1986;2026-09-05 10:17
00_CONTROL\.ig-profile\Default\Code Cache\js\7f0850789f575dcf_0;7f0850789f575dcf_0;;otro;00_CONTROL;1449;2026-09-05 10:17
00_CONTROL\.ig-profile\Default\Code Cache\js\7fc831e4815b66bb_0;7fc831e4815b66bb_0;;otro;00_CONTROL;7259;2026-09-05 10:25
00_CONTROL\.ig-profile\Default\Code Cache\js\80014005a42953de_0;80014005a42953de_0;;otro;00_CONTROL;1863;2026-09-05 10:25
00_CONTROL\.ig-profile\Default\Code Cache\js\8002554f8ddda13e_0;8002554f8ddda13e_0;;otro;00_CONTROL;20368;2026-09-05 10:17
00_CONTROL\.ig-profile\Default\Code Cache\js\804600e41ee72f74_0;804600e41ee72f74_0;;otro;00_CONTROL;1125;2026-09-04 22:43
00_CONTROL\.ig-profile\Default\Code Cache\js\80675b062bf1ff3d_0;80675b062bf1ff3d_0;;otro;00_CONTROL;3482;2026-09-05 00:56
00_CONTROL\.ig-profile\Default\Code Cache\js\8068df59f96701e2_0;8068df59f96701e2_0;;otro;00_CONTROL;1008528;2026-09-04 22:49
00_CONTROL\.ig-profile\Default\Code Cache\js\807c8bd162bade56_0;807c8bd162bade56_0;;otro;00_CONTROL;347;2026-09-05 11:15
00_CONTROL\.ig-profile\Default\Code Cache\js\8081c1fe5493f5b8_0;8081c1fe5493f5b8_0;;otro;00_CONTROL;6157;2026-09-05 00:55
00_CONTROL\.ig-profile\Default\Code Cache\js\809be83ac77cdca8_0;809be83ac77cdca8_0;;otro;00_CONTROL;8803;2026-09-05 10:17
00_CONTROL\.ig-profile\Default\Code Cache\js\8153df0cffc29793_0;8153df0cffc29793_0;;otro;00_CONTROL;235;2026-09-05 10:21
00_CONTROL\.ig-profile\Default\Code Cache\js\81de5bc90d87b0d9_0;81de5bc90d87b0d9_0;;otro;00_CONTROL;18656;2026-09-04 23:33
00_CONTROL\.ig-profile\Default\Code Cache\js\823209a20ce044c3_0;823209a20ce044c3_0;;otro;00_CONTROL;283;2026-09-05 10:17
00_CONTROL\.ig-profile\Default\Code Cache\js\825415fe00b5fa6c_0;825415fe00b5fa6c_0;;otro;00_CONTROL;3441;2026-09-05 10:17
00_CONTROL\.ig-profile\Default\Code Cache\js\825e58b8203e9e1c_0;825e58b8203e9e1c_0;;otro;00_CONTROL;352;2026-09-04 23:25
00_CONTROL\.ig-profile\Default\Code Cache\js\828f20527b493f27_0;828f20527b493f27_0;;otro;00_CONTROL;283;2026-09-05 10:17
00_CONTROL\.ig-profile\Default\Code Cache\js\82b153dc2124c3c4_0;82b153dc2124c3c4_0;;otro;00_CONTROL;6118;2026-09-05 00:56
00_CONTROL\.ig-profile\Default\Code Cache\js\8303ad45f0823035_0;8303ad45f0823035_0;;otro;00_CONTROL;43784;2026-09-04 22:49
00_CONTROL\.ig-profile\Default\Code Cache\js\840b41df23eb78a6_0;840b41df23eb78a6_0;;otro;00_CONTROL;190392;2026-09-05 11:14
00_CONTROL\.ig-profile\Default\Code Cache\js\84b870491d8e4eca_0;84b870491d8e4eca_0;;otro;00_CONTROL;607;2026-09-04 23:33
00_CONTROL\.ig-profile\Default\Code Cache\js\84cc2646ea8e49ec_0;84cc2646ea8e49ec_0;;otro;00_CONTROL;1278;2026-09-05 00:57
00_CONTROL\.ig-profile\Default\Code Cache\js\85ebe3e07623b1a8_0;85ebe3e07623b1a8_0;;otro;00_CONTROL;270;2026-09-05 11:14
00_CONTROL\.ig-profile\Default\Code Cache\js\85f8347a109af3a6_0;85f8347a109af3a6_0;;otro;00_CONTROL;19768;2026-09-04 23:27
00_CONTROL\.ig-profile\Default\Code Cache\js\862b8f98fb201aeb_0;862b8f98fb201aeb_0;;otro;00_CONTROL;20576;2026-09-05 10:02
00_CONTROL\.ig-profile\Default\Code Cache\js\864d69e794fb591c_0;864d69e794fb591c_0;;otro;00_CONTROL;128888;2026-09-05 10:17
00_CONTROL\.ig-profile\Default\Code Cache\js\86676f6495276e8a_0;86676f6495276e8a_0;;otro;00_CONTROL;322184;2026-09-05 11:14
00_CONTROL\.ig-profile\Default\Code Cache\js\8686a4205fe9e043_0;8686a4205fe9e043_0;;otro;00_CONTROL;120304;2026-09-05 11:16
00_CONTROL\.ig-profile\Default\Code Cache\js\86b232eacf4f165b_0;86b232eacf4f165b_0;;otro;00_CONTROL;446;2026-09-05 11:15
00_CONTROL\.ig-profile\Default\Code Cache\js\86b3638676be8ab4_0;86b3638676be8ab4_0;;otro;00_CONTROL;281;2026-09-05 10:17
00_CONTROL\.ig-profile\Default\Code Cache\js\86e4b26d605d915a_0;86e4b26d605d915a_0;;otro;00_CONTROL;235;2026-09-05 11:55
00_CONTROL\.ig-profile\Default\Code Cache\js\8797caeafe145dc5_0;8797caeafe145dc5_0;;otro;00_CONTROL;6658;2026-09-05 00:56
00_CONTROL\.ig-profile\Default\Code Cache\js\87bcd7d646c4eed6_0;87bcd7d646c4eed6_0;;otro;00_CONTROL;647;2026-09-05 11:15
00_CONTROL\.ig-profile\Default\Code Cache\js\87dc96e49935e730_0;87dc96e49935e730_0;;otro;00_CONTROL;92080;2026-09-04 23:48
00_CONTROL\.ig-profile\Default\Code Cache\js\884d994607051f0f_0;884d994607051f0f_0;;otro;00_CONTROL;275;2026-09-04 23:25
00_CONTROL\.ig-profile\Default\Code Cache\js\88e42f3615664f49_0;88e42f3615664f49_0;;otro;00_CONTROL;235;2026-09-04 23:27
00_CONTROL\.ig-profile\Default\Code Cache\js\892e179efd6d3c14_0;892e179efd6d3c14_0;;otro;00_CONTROL;6631;2026-09-05 00:56
00_CONTROL\.ig-profile\Default\Code Cache\js\8964538d19b2e279_0;8964538d19b2e279_0;;otro;00_CONTROL;4193;2026-09-05 00:57
00_CONTROL\.ig-profile\Default\Code Cache\js\898102bb17e834fd_0;898102bb17e834fd_0;;otro;00_CONTROL;260032;2026-09-04 23:25
00_CONTROL\.ig-profile\Default\Code Cache\js\8a2ad1fc7f777233_0;8a2ad1fc7f777233_0;;otro;00_CONTROL;6442;2026-09-05 10:17
00_CONTROL\.ig-profile\Default\Code Cache\js\8a5794af0e912d18_0;8a5794af0e912d18_0;;otro;00_CONTROL;566;2026-09-05 10:17
00_CONTROL\.ig-profile\Default\Code Cache\js\8a8a38c82cae937d_0;8a8a38c82cae937d_0;;otro;00_CONTROL;4955;2026-09-05 00:58
00_CONTROL\.ig-profile\Default\Code Cache\js\8aa060daf903eab5_0;8aa060daf903eab5_0;;otro;00_CONTROL;270;2026-09-05 11:14
00_CONTROL\.ig-profile\Default\Code Cache\js\8aa2c0a622dc2bb4_0;8aa2c0a622dc2bb4_0;;otro;00_CONTROL;275;2026-09-05 11:16
00_CONTROL\.ig-profile\Default\Code Cache\js\8b75fb8cdaf8d27e_0;8b75fb8cdaf8d27e_0;;otro;00_CONTROL;680776;2026-09-05 10:17
00_CONTROL\.ig-profile\Default\Code Cache\js\8c24ea383b235395_0;8c24ea383b235395_0;;otro;00_CONTROL;235;2026-09-05 11:11
00_CONTROL\.ig-profile\Default\Code Cache\js\8c917307fceab635_0;8c917307fceab635_0;;otro;00_CONTROL;2530;2026-09-05 10:17
00_CONTROL\.ig-profile\Default\Code Cache\js\8cee5e7f8c846a05_0;8cee5e7f8c846a05_0;;otro;00_CONTROL;135448;2026-09-05 11:30
00_CONTROL\.ig-profile\Default\Code Cache\js\8d996cd553ec66bf_0;8d996cd553ec66bf_0;;otro;00_CONTROL;374;2026-09-04 22:49
00_CONTROL\.ig-profile\Default\Code Cache\js\8df5b9d91559faeb_0;8df5b9d91559faeb_0;;otro;00_CONTROL;4368;2026-09-05 00:57
00_CONTROL\.ig-profile\Default\Code Cache\js\8e52d5a23633ccd2_0;8e52d5a23633ccd2_0;;otro;00_CONTROL;7235;2026-09-05 10:17
00_CONTROL\.ig-profile\Default\Code Cache\js\8eb3b6b7c91ac073_0;8eb3b6b7c91ac073_0;;otro;00_CONTROL;4632;2026-09-05 00:55
00_CONTROL\.ig-profile\Default\Code Cache\js\8f27af1c2925423c_0;8f27af1c2925423c_0;;otro;00_CONTROL;3715;2026-09-05 00:56
00_CONTROL\.ig-profile\Default\Code Cache\js\8f976a77a24d944f_0;8f976a77a24d944f_0;;otro;00_CONTROL;248;2026-09-04 23:27
00_CONTROL\.ig-profile\Default\Code Cache\js\8f9e7fbf4d9a1a6e_0;8f9e7fbf4d9a1a6e_0;;otro;00_CONTROL;235;2026-09-04 23:27
00_CONTROL\.ig-profile\Default\Code Cache\js\8fabf97cdc38fb8b_0;8fabf97cdc38fb8b_0;;otro;00_CONTROL;766728;2026-09-04 23:25
00_CONTROL\.ig-profile\Default\Code Cache\js\90ba59be4f067f78_0;90ba59be4f067f78_0;;otro;00_CONTROL;43856;2026-09-05 10:17
00_CONTROL\.ig-profile\Default\Code Cache\js\90e48bf30fa40bae_0;90e48bf30fa40bae_0;;otro;00_CONTROL;190424;2026-09-05 11:15
00_CONTROL\.ig-profile\Default\Code Cache\js\91d25368ad509e52_0;91d25368ad509e52_0;;otro;00_CONTROL;4547;2026-09-05 00:57
00_CONTROL\.ig-profile\Default\Code Cache\js\923e311c25ef156a_0;923e311c25ef156a_0;;otro;00_CONTROL;470144;2026-09-05 11:16
00_CONTROL\.ig-profile\Default\Code Cache\js\925f6305f8bae61d_0;925f6305f8bae61d_0;;otro;00_CONTROL;3882;2026-09-05 00:55
00_CONTROL\.ig-profile\Default\Code Cache\js\9295b3ff168d33ca_0;9295b3ff168d33ca_0;;otro;00_CONTROL;288;2026-09-05 11:14
00_CONTROL\.ig-profile\Default\Code Cache\js\929c4a93f76a099a_0;929c4a93f76a099a_0;;otro;00_CONTROL;446;2026-09-05 10:17
00_CONTROL\.ig-profile\Default\Code Cache\js\929ca36d553c8950_0;929ca36d553c8950_0;;otro;00_CONTROL;1748;2026-09-05 00:53
00_CONTROL\.ig-profile\Default\Code Cache\js\92a74c0abf003583_0;92a74c0abf003583_0;;otro;00_CONTROL;22224;2026-09-05 10:01
00_CONTROL\.ig-profile\Default\Code Cache\js\92aec6bc5e22408a_0;92aec6bc5e22408a_0;;otro;00_CONTROL;435;2026-09-05 10:18
00_CONTROL\.ig-profile\Default\Code Cache\js\9314f5d81ba7999a_0;9314f5d81ba7999a_0;;otro;00_CONTROL;1107;2026-09-05 00:55
00_CONTROL\.ig-profile\Default\Code Cache\js\9380a350673f4c04_0;9380a350673f4c04_0;;otro;00_CONTROL;166968;2026-09-05 11:16
00_CONTROL\.ig-profile\Default\Code Cache\js\93a92c7531cdc1d3_0;93a92c7531cdc1d3_0;;otro;00_CONTROL;3121;2026-09-05 00:55
00_CONTROL\.ig-profile\Default\Code Cache\js\93b487d1fa4d5284_0;93b487d1fa4d5284_0;;otro;00_CONTROL;5481;2026-09-05 10:17
00_CONTROL\.ig-profile\Default\Code Cache\js\93f334213eebd473_0;93f334213eebd473_0;;otro;00_CONTROL;605;2026-09-04 23:25
00_CONTROL\.ig-profile\Default\Code Cache\js\943291408309bc6e_0;943291408309bc6e_0;;otro;00_CONTROL;4160;2026-09-05 00:57
00_CONTROL\.ig-profile\Default\Code Cache\js\94b11122cfe0fad4_0;94b11122cfe0fad4_0;;otro;00_CONTROL;4553;2026-09-05 10:17
00_CONTROL\.ig-profile\Default\Code Cache\js\9529ce7400103fde_0;9529ce7400103fde_0;;otro;00_CONTROL;2313;2026-09-05 10:17
00_CONTROL\.ig-profile\Default\Code Cache\js\9581831c8a1f82b2_0;9581831c8a1f82b2_0;;otro;00_CONTROL;26704;2026-09-05 09:59
00_CONTROL\.ig-profile\Default\Code Cache\js\95a32da929e6ae29_0;95a32da929e6ae29_0;;otro;00_CONTROL;1163;2026-09-05 10:17
00_CONTROL\.ig-profile\Default\Code Cache\js\95a79924af4ecc66_0;95a79924af4ecc66_0;;otro;00_CONTROL;354;2026-09-05 11:15
00_CONTROL\.ig-profile\Default\Code Cache\js\95d4535ba8c3e3db_0;95d4535ba8c3e3db_0;;otro;00_CONTROL;281;2026-09-05 10:17
00_CONTROL\.ig-profile\Default\Code Cache\js\9627a2f669ccc95c_0;9627a2f669ccc95c_0;;otro;00_CONTROL;31760;2026-09-04 23:27
00_CONTROL\.ig-profile\Default\Code Cache\js\967fc767dbf52d9a_0;967fc767dbf52d9a_0;;otro;00_CONTROL;286;2026-09-04 22:49
00_CONTROL\.ig-profile\Default\Code Cache\js\96e86f58c840cd76_0;96e86f58c840cd76_0;;otro;00_CONTROL;8763;2026-09-05 11:16
00_CONTROL\.ig-profile\Default\Code Cache\js\97113d238d19f4e5_0;97113d238d19f4e5_0;;otro;00_CONTROL;1491;2026-09-04 23:27
00_CONTROL\.ig-profile\Default\Code Cache\js\97250515dbe52f9c_0;97250515dbe52f9c_0;;otro;00_CONTROL;4481;2026-09-05 00:57
00_CONTROL\.ig-profile\Default\Code Cache\js\97686ac958833049_0;97686ac958833049_0;;otro;00_CONTROL;147584;2026-09-04 23:31
00_CONTROL\.ig-profile\Default\Code Cache\js\97e2a6b8d6138cb5_0;97e2a6b8d6138cb5_0;;otro;00_CONTROL;248;2026-09-05 11:15
00_CONTROL\.ig-profile\Default\Code Cache\js\982e255bdc7b81ce_0;982e255bdc7b81ce_0;;otro;00_CONTROL;442;2026-09-04 22:43
00_CONTROL\.ig-profile\Default\Code Cache\js\986cd73421ac9d7b_0;986cd73421ac9d7b_0;;otro;00_CONTROL;10400;2026-09-05 11:14
00_CONTROL\.ig-profile\Default\Code Cache\js\98743a59bc8d33c2_0;98743a59bc8d33c2_0;;otro;00_CONTROL;6164;2026-09-05 00:55
00_CONTROL\.ig-profile\Default\Code Cache\js\988db3edeaab6050_0;988db3edeaab6050_0;;otro;00_CONTROL;10217;2026-09-05 10:17
00_CONTROL\.ig-profile\Default\Code Cache\js\98d95fe9ecd69f8a_0;98d95fe9ecd69f8a_0;;otro;00_CONTROL;607;2026-09-04 23:33
00_CONTROL\.ig-profile\Default\Code Cache\js\98fdb3960889b856_0;98fdb3960889b856_0;;otro;00_CONTROL;2185;2026-09-05 10:17
00_CONTROL\.ig-profile\Default\Code Cache\js\990a5e7a1d95af10_0;990a5e7a1d95af10_0;;otro;00_CONTROL;248;2026-09-05 10:21
00_CONTROL\.ig-profile\Default\Code Cache\js\990d480985adfae8_0;990d480985adfae8_0;;otro;00_CONTROL;415;2026-09-05 11:15
00_CONTROL\.ig-profile\Default\Code Cache\js\992992a622b31306_0;992992a622b31306_0;;otro;00_CONTROL;1718;2026-09-05 00:53
00_CONTROL\.ig-profile\Default\Code Cache\js\994e2e47bc4dc7b0_0;994e2e47bc4dc7b0_0;;otro;00_CONTROL;380;2026-09-04 23:26
00_CONTROL\.ig-profile\Default\Code Cache\js\9950f280cafea807_0;9950f280cafea807_0;;otro;00_CONTROL;288;2026-09-04 23:28
00_CONTROL\.ig-profile\Default\Code Cache\js\9a0170618159877a_0;9a0170618159877a_0;;otro;00_CONTROL;4747;2026-09-05 00:57
00_CONTROL\.ig-profile\Default\Code Cache\js\9a2c04b3b099dd88_0;9a2c04b3b099dd88_0;;otro;00_CONTROL;822;2026-09-05 10:25
00_CONTROL\.ig-profile\Default\Code Cache\js\9a6a2d36f685b334_0;9a6a2d36f685b334_0;;otro;00_CONTROL;4027;2026-09-05 11:14
00_CONTROL\.ig-profile\Default\Code Cache\js\9b3b31b75e73afdd_0;9b3b31b75e73afdd_0;;otro;00_CONTROL;248;2026-09-05 10:21
00_CONTROL\.ig-profile\Default\Code Cache\js\9bde41f7f57b7678_0;9bde41f7f57b7678_0;;otro;00_CONTROL;248;2026-09-05 11:15
00_CONTROL\.ig-profile\Default\Code Cache\js\9c26933cd0bc3b25_0;9c26933cd0bc3b25_0;;otro;00_CONTROL;248;2026-09-05 10:01
00_CONTROL\.ig-profile\Default\Code Cache\js\9d44445a56aa1f06_0;9d44445a56aa1f06_0;;otro;00_CONTROL;3289;2026-09-05 00:56
00_CONTROL\.ig-profile\Default\Code Cache\js\9d55448ceca5381d_0;9d55448ceca5381d_0;;otro;00_CONTROL;397;2026-09-05 00:57
00_CONTROL\.ig-profile\Default\Code Cache\js\9d5616bd4109efc8_0;9d5616bd4109efc8_0;;otro;00_CONTROL;227;2026-09-04 22:49
00_CONTROL\.ig-profile\Default\Code Cache\js\9e3d40b17c75c8ab_0;9e3d40b17c75c8ab_0;;otro;00_CONTROL;1003;2026-09-04 23:31
00_CONTROL\.ig-profile\Default\Code Cache\js\9e84abd223b5fba0_0;9e84abd223b5fba0_0;;otro;00_CONTROL;198;2026-09-05 00:57
00_CONTROL\.ig-profile\Default\Code Cache\js\9ee5c83e624a421c_0;9ee5c83e624a421c_0;;otro;00_CONTROL;31944;2026-09-05 10:49
00_CONTROL\.ig-profile\Default\Code Cache\js\9f93626b91ab04e3_0;9f93626b91ab04e3_0;;otro;00_CONTROL;1585880;2026-09-04 23:25
00_CONTROL\.ig-profile\Default\Code Cache\js\9fd558ef8e8aac25_0;9fd558ef8e8aac25_0;;otro;00_CONTROL;281;2026-09-05 10:17
00_CONTROL\.ig-profile\Default\Code Cache\js\a024b79d5d2f9f79_0;a024b79d5d2f9f79_0;;otro;00_CONTROL;1806;2026-09-05 00:54
00_CONTROL\.ig-profile\Default\Code Cache\js\a0596a43e691875a_0;a0596a43e691875a_0;;otro;00_CONTROL;1549;2026-09-04 23:25
00_CONTROL\.ig-profile\Default\Code Cache\js\a079378dfad98119_0;a079378dfad98119_0;;otro;00_CONTROL;235;2026-09-04 23:31
00_CONTROL\.ig-profile\Default\Code Cache\js\a0dc688b749be540_0;a0dc688b749be540_0;;otro;00_CONTROL;20136;2026-09-04 23:28
00_CONTROL\.ig-profile\Default\Code Cache\js\a0edb1aa0dd1449e_0;a0edb1aa0dd1449e_0;;otro;00_CONTROL;23184;2026-09-05 10:17
00_CONTROL\.ig-profile\Default\Code Cache\js\a10a30e3c6d4db79_0;a10a30e3c6d4db79_0;;otro;00_CONTROL;8096;2026-09-05 10:23
00_CONTROL\.ig-profile\Default\Code Cache\js\a118d52ebcfa2a32_0;a118d52ebcfa2a32_0;;otro;00_CONTROL;5691;2026-09-05 11:16
00_CONTROL\.ig-profile\Default\Code Cache\js\a13aa5669a06dab7_0;a13aa5669a06dab7_0;;otro;00_CONTROL;2346;2026-09-05 10:17
00_CONTROL\.ig-profile\Default\Code Cache\js\a1860b10f754f13a_0;a1860b10f754f13a_0;;otro;00_CONTROL;1319;2026-09-05 00:57
00_CONTROL\.ig-profile\Default\Code Cache\js\a2bf89065eb9ac11_0;a2bf89065eb9ac11_0;;otro;00_CONTROL;1774;2026-09-05 00:53
00_CONTROL\.ig-profile\Default\Code Cache\js\a428a4320eb20c21_0;a428a4320eb20c21_0;;otro;00_CONTROL;1026;2026-09-05 00:55
00_CONTROL\.ig-profile\Default\Code Cache\js\a434d54d220e4261_0;a434d54d220e4261_0;;otro;00_CONTROL;607;2026-09-05 11:30
00_CONTROL\.ig-profile\Default\Code Cache\js\a4aabc48e7d520f7_0;a4aabc48e7d520f7_0;;otro;00_CONTROL;475;2026-09-05 11:16
00_CONTROL\.ig-profile\Default\Code Cache\js\a4f200c176de4302_0;a4f200c176de4302_0;;otro;00_CONTROL;1275;2026-09-05 00:57
00_CONTROL\.ig-profile\Default\Code Cache\js\a53077f6565f6d44_0;a53077f6565f6d44_0;;otro;00_CONTROL;368;2026-09-05 10:18
00_CONTROL\.ig-profile\Default\Code Cache\js\a56d80eabb49a615_0;a56d80eabb49a615_0;;otro;00_CONTROL;5353832;2026-09-04 23:33
00_CONTROL\.ig-profile\Default\Code Cache\js\a57b1c0f6c370cc0_0;a57b1c0f6c370cc0_0;;otro;00_CONTROL;26408;2026-09-05 11:14
00_CONTROL\.ig-profile\Default\Code Cache\js\a58e7b787ce331f6_0;a58e7b787ce331f6_0;;otro;00_CONTROL;57288;2026-09-05 11:14
00_CONTROL\.ig-profile\Default\Code Cache\js\a601c540c58a4a80_0;a601c540c58a4a80_0;;otro;00_CONTROL;3195;2026-09-05 00:57
00_CONTROL\.ig-profile\Default\Code Cache\js\a607451ebf4aed26_0;a607451ebf4aed26_0;;otro;00_CONTROL;248;2026-09-05 11:55
00_CONTROL\.ig-profile\Default\Code Cache\js\a648ec5f14e18aa0_0;a648ec5f14e18aa0_0;;otro;00_CONTROL;787;2026-09-05 10:25
00_CONTROL\.ig-profile\Default\Code Cache\js\a6955c3007517ac8_0;a6955c3007517ac8_0;;otro;00_CONTROL;1101080;2026-09-05 11:16
00_CONTROL\.ig-profile\Default\Code Cache\js\a6c720140234cc99_0;a6c720140234cc99_0;;otro;00_CONTROL;6635;2026-09-04 23:27
00_CONTROL\.ig-profile\Default\Code Cache\js\a6fcd2c73d445b70_0;a6fcd2c73d445b70_0;;otro;00_CONTROL;110584;2026-09-05 11:14
00_CONTROL\.ig-profile\Default\Code Cache\js\a7756bd875766b3c_0;a7756bd875766b3c_0;;otro;00_CONTROL;12363;2026-09-05 11:14
00_CONTROL\.ig-profile\Default\Code Cache\js\a79ea5d55fa801af_0;a79ea5d55fa801af_0;;otro;00_CONTROL;1480;2026-09-04 23:27
00_CONTROL\.ig-profile\Default\Code Cache\js\a7b47f038131a22e_0;a7b47f038131a22e_0;;otro;00_CONTROL;18664;2026-09-05 10:17
00_CONTROL\.ig-profile\Default\Code Cache\js\a7e97199fbfda7e7_0;a7e97199fbfda7e7_0;;otro;00_CONTROL;51016;2026-09-05 11:14
00_CONTROL\.ig-profile\Default\Code Cache\js\a8116a01c0b15447_0;a8116a01c0b15447_0;;otro;00_CONTROL;127304;2026-09-05 10:01
00_CONTROL\.ig-profile\Default\Code Cache\js\a90304482ed0c218_0;a90304482ed0c218_0;;otro;00_CONTROL;2728;2026-09-05 00:55
00_CONTROL\.ig-profile\Default\Code Cache\js\a9148c5df815a251_0;a9148c5df815a251_0;;otro;00_CONTROL;2723;2026-09-05 11:31
00_CONTROL\.ig-profile\Default\Code Cache\js\a9148e9be3c0daa0_0;a9148e9be3c0daa0_0;;otro;00_CONTROL;248;2026-09-05 11:55
00_CONTROL\.ig-profile\Default\Code Cache\js\a9396b332e47bd4e_0;a9396b332e47bd4e_0;;otro;00_CONTROL;3306;2026-09-05 10:17
00_CONTROL\.ig-profile\Default\Code Cache\js\a9cbad618b071136_0;a9cbad618b071136_0;;otro;00_CONTROL;235;2026-09-05 11:15
00_CONTROL\.ig-profile\Default\Code Cache\js\a9d812c843af5c14_0;a9d812c843af5c14_0;;otro;00_CONTROL;1615;2026-09-05 10:17
00_CONTROL\.ig-profile\Default\Code Cache\js\aa224da9687a6632_0;aa224da9687a6632_0;;otro;00_CONTROL;282;2026-09-05 10:17
00_CONTROL\.ig-profile\Default\Code Cache\js\aa4b4ee80e55dcad_0;aa4b4ee80e55dcad_0;;otro;00_CONTROL;161448;2026-09-05 10:02
00_CONTROL\.ig-profile\Default\Code Cache\js\aa8f102fbbda9c41_0;aa8f102fbbda9c41_0;;otro;00_CONTROL;124672;2026-09-05 10:17
00_CONTROL\.ig-profile\Default\Code Cache\js\aab84d190d778cee_0;aab84d190d778cee_0;;otro;00_CONTROL;442;2026-09-04 23:33
00_CONTROL\.ig-profile\Default\Code Cache\js\ab0c70dc5d260ec0_0;ab0c70dc5d260ec0_0;;otro;00_CONTROL;16912;2026-09-05 10:01
00_CONTROL\.ig-profile\Default\Code Cache\js\ab16fe001b6f8013_0;ab16fe001b6f8013_0;;otro;00_CONTROL;367;2026-09-05 11:15
00_CONTROL\.ig-profile\Default\Code Cache\js\ab4a9d7d0b42a9bc_0;ab4a9d7d0b42a9bc_0;;otro;00_CONTROL;565;2026-09-04 23:25
00_CONTROL\.ig-profile\Default\Code Cache\js\ab4dfe61c7a84f70_0;ab4dfe61c7a84f70_0;;otro;00_CONTROL;5291;2026-09-05 10:17
00_CONTROL\.ig-profile\Default\Code Cache\js\abe4c3c8657cfb1a_0;abe4c3c8657cfb1a_0;;otro;00_CONTROL;33528;2026-09-05 10:43
00_CONTROL\.ig-profile\Default\Code Cache\js\ac7684ef84a6665d_0;ac7684ef84a6665d_0;;otro;00_CONTROL;21192;2026-09-05 10:17
00_CONTROL\.ig-profile\Default\Code Cache\js\acab776731a398b4_0;acab776731a398b4_0;;otro;00_CONTROL;275;2026-09-05 11:33
00_CONTROL\.ig-profile\Default\Code Cache\js\acd72155456955ec_0;acd72155456955ec_0;;otro;00_CONTROL;288;2026-09-05 11:30
00_CONTROL\.ig-profile\Default\Code Cache\js\ad8fc90ae81e583d_0;ad8fc90ae81e583d_0;;otro;00_CONTROL;11977;2026-09-05 10:17
00_CONTROL\.ig-profile\Default\Code Cache\js\adfc388166d09efc_0;adfc388166d09efc_0;;otro;00_CONTROL;8899;2026-09-04 23:25
00_CONTROL\.ig-profile\Default\Code Cache\js\ae30f2e2df08160f_0;ae30f2e2df08160f_0;;otro;00_CONTROL;4702;2026-09-05 00:57
00_CONTROL\.ig-profile\Default\Code Cache\js\ae642c54a9257268_0;ae642c54a9257268_0;;otro;00_CONTROL;248;2026-09-04 23:31
00_CONTROL\.ig-profile\Default\Code Cache\js\ae7cf58916931294_0;ae7cf58916931294_0;;otro;00_CONTROL;4498;2026-09-05 00:57
00_CONTROL\.ig-profile\Default\Code Cache\js\aeb5c1923b1c91f6_0;aeb5c1923b1c91f6_0;;otro;00_CONTROL;2023112;2026-09-05 11:30
00_CONTROL\.ig-profile\Default\Code Cache\js\aec70580643a495d_0;aec70580643a495d_0;;otro;00_CONTROL;331;2026-09-05 11:15
00_CONTROL\.ig-profile\Default\Code Cache\js\aeef39cb7d1e5cbc_0;aeef39cb7d1e5cbc_0;;otro;00_CONTROL;598248;2026-09-05 11:14
00_CONTROL\.ig-profile\Default\Code Cache\js\aefc4e0c5b5e7bd6_0;aefc4e0c5b5e7bd6_0;;otro;00_CONTROL;364;2026-09-05 10:18
00_CONTROL\.ig-profile\Default\Code Cache\js\af91c1c10242fa31_0;af91c1c10242fa31_0;;otro;00_CONTROL;328120;2026-09-05 10:17
00_CONTROL\.ig-profile\Default\Code Cache\js\aff40d2c9d4130bb_0;aff40d2c9d4130bb_0;;otro;00_CONTROL;56512;2026-09-04 22:49
00_CONTROL\.ig-profile\Default\Code Cache\js\affb853212807f1f_0;affb853212807f1f_0;;otro;00_CONTROL;288;2026-09-04 23:52
00_CONTROL\.ig-profile\Default\Code Cache\js\b0038ae34469b467_0;b0038ae34469b467_0;;otro;00_CONTROL;248;2026-09-05 11:15
00_CONTROL\.ig-profile\Default\Code Cache\js\b013f9fc7d2d3a00_0;b013f9fc7d2d3a00_0;;otro;00_CONTROL;2242688;2026-09-05 09:59
00_CONTROL\.ig-profile\Default\Code Cache\js\b07974bea644ea24_0;b07974bea644ea24_0;;otro;00_CONTROL;38840;2026-09-05 11:33
00_CONTROL\.ig-profile\Default\Code Cache\js\b12db90b6351de91_0;b12db90b6351de91_0;;otro;00_CONTROL;607;2026-09-05 11:16
00_CONTROL\.ig-profile\Default\Code Cache\js\b13118cf4834dbe7_0;b13118cf4834dbe7_0;;otro;00_CONTROL;283;2026-09-05 10:17
00_CONTROL\.ig-profile\Default\Code Cache\js\b1a59d42aacbde05_0;b1a59d42aacbde05_0;;otro;00_CONTROL;280;2026-09-04 23:52
00_CONTROL\.ig-profile\Default\Code Cache\js\b1f864d1a6cfc2de_0;b1f864d1a6cfc2de_0;;otro;00_CONTROL;288;2026-09-04 23:32
00_CONTROL\.ig-profile\Default\Code Cache\js\b223fdd4d5adc51f_0;b223fdd4d5adc51f_0;;otro;00_CONTROL;23312;2026-09-05 10:01
00_CONTROL\.ig-profile\Default\Code Cache\js\b24f51a6d08c1f29_0;b24f51a6d08c1f29_0;;otro;00_CONTROL;4554;2026-09-05 00:57
00_CONTROL\.ig-profile\Default\Code Cache\js\b260d77916e41a26_0;b260d77916e41a26_0;;otro;00_CONTROL;3552;2026-09-05 00:56
00_CONTROL\.ig-profile\Default\Code Cache\js\b2bbf679935ee216_0;b2bbf679935ee216_0;;otro;00_CONTROL;2129;2026-09-05 10:17
00_CONTROL\.ig-profile\Default\Code Cache\js\b300420b76b05fca_0;b300420b76b05fca_0;;otro;00_CONTROL;2780;2026-09-05 00:55
00_CONTROL\.ig-profile\Default\Code Cache\js\b30b6f796895560e_0;b30b6f796895560e_0;;otro;00_CONTROL;511;2026-09-05 11:15
00_CONTROL\.ig-profile\Default\Code Cache\js\b3223e7758af0e13_0;b3223e7758af0e13_0;;otro;00_CONTROL;661120;2026-09-05 10:17
00_CONTROL\.ig-profile\Default\Code Cache\js\b343e10d616da534_0;b343e10d616da534_0;;otro;00_CONTROL;24376;2026-09-05 10:17
00_CONTROL\.ig-profile\Default\Code Cache\js\b35a6c6ac5c0cd1b_0;b35a6c6ac5c0cd1b_0;;otro;00_CONTROL;319;2026-09-05 10:17
00_CONTROL\.ig-profile\Default\Code Cache\js\b3d031abfe416370_0;b3d031abfe416370_0;;otro;00_CONTROL;282;2026-09-05 10:17
00_CONTROL\.ig-profile\Default\Code Cache\js\b475a4dcc4f06a75_0;b475a4dcc4f06a75_0;;otro;00_CONTROL;4787832;2026-09-05 10:49
00_CONTROL\.ig-profile\Default\Code Cache\js\b4f7b8b3355acd89_0;b4f7b8b3355acd89_0;;otro;00_CONTROL;324;2026-09-05 11:15
00_CONTROL\.ig-profile\Default\Code Cache\js\b50046345a1ba4b9_0;b50046345a1ba4b9_0;;otro;00_CONTROL;5742;2026-09-05 00:56
00_CONTROL\.ig-profile\Default\Code Cache\js\b541d05feea49328_0;b541d05feea49328_0;;otro;00_CONTROL;1667080;2026-09-05 00:55
00_CONTROL\.ig-profile\Default\Code Cache\js\b556d6a7de71bb9b_0;b556d6a7de71bb9b_0;;otro;00_CONTROL;4926;2026-09-05 00:57
00_CONTROL\.ig-profile\Default\Code Cache\js\b57c20e60056067d_0;b57c20e60056067d_0;;otro;00_CONTROL;374;2026-09-05 10:18
00_CONTROL\.ig-profile\Default\Code Cache\js\b58552be5d64b5d4_0;b58552be5d64b5d4_0;;otro;00_CONTROL;235;2026-09-05 10:25
00_CONTROL\.ig-profile\Default\Code Cache\js\b6672136b0857e14_0;b6672136b0857e14_0;;otro;00_CONTROL;6841;2026-09-05 00:56
00_CONTROL\.ig-profile\Default\Code Cache\js\b672718ffbbbfc2c_0;b672718ffbbbfc2c_0;;otro;00_CONTROL;4340;2026-09-05 00:57
00_CONTROL\.ig-profile\Default\Code Cache\js\b6a5be3aba9e7c76_0;b6a5be3aba9e7c76_0;;otro;00_CONTROL;13341;2026-09-05 10:25
00_CONTROL\.ig-profile\Default\Code Cache\js\b71af0ddfb5290aa_0;b71af0ddfb5290aa_0;;otro;00_CONTROL;248;2026-09-05 11:15
00_CONTROL\.ig-profile\Default\Code Cache\js\b75492207c516b89_0;b75492207c516b89_0;;otro;00_CONTROL;24040;2026-09-04 23:27
00_CONTROL\.ig-profile\Default\Code Cache\js\b772bdfda58a02b1_0;b772bdfda58a02b1_0;;otro;00_CONTROL;1106;2026-09-05 10:17
00_CONTROL\.ig-profile\Default\Code Cache\js\b7de12934b67cf8f_0;b7de12934b67cf8f_0;;otro;00_CONTROL;288;2026-09-05 10:17
00_CONTROL\.ig-profile\Default\Code Cache\js\b7f33d39bb4fe1f9_0;b7f33d39bb4fe1f9_0;;otro;00_CONTROL;235;2026-09-05 10:25
00_CONTROL\.ig-profile\Default\Code Cache\js\b82a419e44ab8f06_0;b82a419e44ab8f06_0;;otro;00_CONTROL;548552;2026-09-05 11:16
00_CONTROL\.ig-profile\Default\Code Cache\js\b8eec73513fe0a6b_0;b8eec73513fe0a6b_0;;otro;00_CONTROL;567;2026-09-04 23:26
00_CONTROL\.ig-profile\Default\Code Cache\js\b91db02a70a94f2c_0;b91db02a70a94f2c_0;;otro;00_CONTROL;4216720;2026-09-04 23:32
00_CONTROL\.ig-profile\Default\Code Cache\js\b953c8d04506b357_0;b953c8d04506b357_0;;otro;00_CONTROL;3329;2026-09-05 10:17
00_CONTROL\.ig-profile\Default\Code Cache\js\b9756530d3b756eb_0;b9756530d3b756eb_0;;otro;00_CONTROL;288;2026-09-05 11:16
00_CONTROL\.ig-profile\Default\Code Cache\js\b9d905ce30c227aa_0;b9d905ce30c227aa_0;;otro;00_CONTROL;406;2026-09-05 10:17
00_CONTROL\.ig-profile\Default\Code Cache\js\ba23c2c7b85dd9ad_0;ba23c2c7b85dd9ad_0;;otro;00_CONTROL;53224;2026-09-05 10:17
00_CONTROL\.ig-profile\Default\Code Cache\js\ba2f4e3816407f43_0;ba2f4e3816407f43_0;;otro;00_CONTROL;53280;2026-09-05 10:25
00_CONTROL\.ig-profile\Default\Code Cache\js\ba60121ae5c08b08_0;ba60121ae5c08b08_0;;otro;00_CONTROL;6679;2026-09-05 00:56
00_CONTROL\.ig-profile\Default\Code Cache\js\ba66aa3d4c4644ee_0;ba66aa3d4c4644ee_0;;otro;00_CONTROL;275;2026-09-05 11:16
00_CONTROL\.ig-profile\Default\Code Cache\js\baac8669ada620d9_0;baac8669ada620d9_0;;otro;00_CONTROL;227;2026-09-04 22:49
00_CONTROL\.ig-profile\Default\Code Cache\js\badc265a35c5db0b_0;badc265a35c5db0b_0;;otro;00_CONTROL;24336;2026-09-05 10:17
00_CONTROL\.ig-profile\Default\Code Cache\js\bbc74a99d6cd35ec_0;bbc74a99d6cd35ec_0;;otro;00_CONTROL;10458;2026-09-05 10:17
00_CONTROL\.ig-profile\Default\Code Cache\js\bc06ab2bc38c7a9e_0;bc06ab2bc38c7a9e_0;;otro;00_CONTROL;14674;2026-09-05 10:17
00_CONTROL\.ig-profile\Default\Code Cache\js\bcc8b121cd2d1702_0;bcc8b121cd2d1702_0;;otro;00_CONTROL;1370;2026-09-05 10:17
00_CONTROL\.ig-profile\Default\Code Cache\js\bcd1e1d358231803_0;bcd1e1d358231803_0;;otro;00_CONTROL;248;2026-09-05 10:25
00_CONTROL\.ig-profile\Default\Code Cache\js\bd00be28062e3338_0;bd00be28062e3338_0;;otro;00_CONTROL;2473;2026-09-05 10:17
00_CONTROL\.ig-profile\Default\Code Cache\js\bd0cc09ae22cab51_0;bd0cc09ae22cab51_0;;otro;00_CONTROL;14683;2026-09-05 10:17
00_CONTROL\.ig-profile\Default\Code Cache\js\bd0db77cd439eb3c_0;bd0db77cd439eb3c_0;;otro;00_CONTROL;111488;2026-09-05 11:14
00_CONTROL\.ig-profile\Default\Code Cache\js\bd0e9d42de91b66a_0;bd0e9d42de91b66a_0;;otro;00_CONTROL;288;2026-09-05 11:15
00_CONTROL\.ig-profile\Default\Code Cache\js\bd1883e5bd16b26e_0;bd1883e5bd16b26e_0;;otro;00_CONTROL;307;2026-09-05 11:15
00_CONTROL\.ig-profile\Default\Code Cache\js\bd63e99e8aa233cf_0;bd63e99e8aa233cf_0;;otro;00_CONTROL;114296;2026-09-04 23:27
00_CONTROL\.ig-profile\Default\Code Cache\js\bd9618a727cb9718_0;bd9618a727cb9718_0;;otro;00_CONTROL;6097;2026-09-05 00:56
00_CONTROL\.ig-profile\Default\Code Cache\js\be302e90a788a234_0;be302e90a788a234_0;;otro;00_CONTROL;235;2026-09-05 11:31
00_CONTROL\.ig-profile\Default\Code Cache\js\be35a5fef84c3dc8_0;be35a5fef84c3dc8_0;;otro;00_CONTROL;3282;2026-09-05 00:56
00_CONTROL\.ig-profile\Default\Code Cache\js\bec78d462feaf61b_0;bec78d462feaf61b_0;;otro;00_CONTROL;48416;2026-09-05 10:17
00_CONTROL\.ig-profile\Default\Code Cache\js\bf4d68bcd3e2b7d7_0;bf4d68bcd3e2b7d7_0;;otro;00_CONTROL;275;2026-09-04 22:49
00_CONTROL\.ig-profile\Default\Code Cache\js\bf5411c53c30f978_0;bf5411c53c30f978_0;;otro;00_CONTROL;556;2026-09-05 00:55
00_CONTROL\.ig-profile\Default\Code Cache\js\bf5d8263e28f8f44_0;bf5d8263e28f8f44_0;;otro;00_CONTROL;1500;2026-09-05 10:17
00_CONTROL\.ig-profile\Default\Code Cache\js\bf8f23c4c660b6a4_0;bf8f23c4c660b6a4_0;;otro;00_CONTROL;45728;2026-09-05 10:01
00_CONTROL\.ig-profile\Default\Code Cache\js\bf8fe939de0157ad_0;bf8fe939de0157ad_0;;otro;00_CONTROL;288;2026-09-04 23:27
00_CONTROL\.ig-profile\Default\Code Cache\js\bfeba6a8ad1e5d49_0;bfeba6a8ad1e5d49_0;;otro;00_CONTROL;248;2026-09-05 10:21
00_CONTROL\.ig-profile\Default\Code Cache\js\c0597210c01cdb86_0;c0597210c01cdb86_0;;otro;00_CONTROL;235;2026-09-04 23:31
00_CONTROL\.ig-profile\Default\Code Cache\js\c08954b94792e81f_0;c08954b94792e81f_0;;otro;00_CONTROL;2721;2026-09-05 00:55
00_CONTROL\.ig-profile\Default\Code Cache\js\c0c0650627b0f166_0;c0c0650627b0f166_0;;otro;00_CONTROL;358;2026-09-05 10:18
00_CONTROL\.ig-profile\Default\Code Cache\js\c0f642d746b51ce8_0;c0f642d746b51ce8_0;;otro;00_CONTROL;1127504;2026-09-05 10:24
00_CONTROL\.ig-profile\Default\Code Cache\js\c132dd217a3c80d4_0;c132dd217a3c80d4_0;;otro;00_CONTROL;2732;2026-09-05 00:55
00_CONTROL\.ig-profile\Default\Code Cache\js\c14629365bc2f5ca_0;c14629365bc2f5ca_0;;otro;00_CONTROL;275;2026-09-05 11:14
00_CONTROL\.ig-profile\Default\Code Cache\js\c155b6ad2544f295_0;c155b6ad2544f295_0;;otro;00_CONTROL;6173;2026-09-05 00:56
00_CONTROL\.ig-profile\Default\Code Cache\js\c1610638c2c4c20b_0;c1610638c2c4c20b_0;;otro;00_CONTROL;6515;2026-09-05 00:56
00_CONTROL\.ig-profile\Default\Code Cache\js\c1b44c5f1a6f59cf_0;c1b44c5f1a6f59cf_0;;otro;00_CONTROL;4347;2026-09-05 00:57
00_CONTROL\.ig-profile\Default\Code Cache\js\c2419cc7607a4d70_0;c2419cc7607a4d70_0;;otro;00_CONTROL;67616;2026-09-05 10:17
00_CONTROL\.ig-profile\Default\Code Cache\js\c29152c800c5919d_0;c29152c800c5919d_0;;otro;00_CONTROL;4519;2026-09-05 00:57
00_CONTROL\.ig-profile\Default\Code Cache\js\c2e32cbbb791ecc4_0;c2e32cbbb791ecc4_0;;otro;00_CONTROL;83720;2026-09-05 11:14
00_CONTROL\.ig-profile\Default\Code Cache\js\c2e38b0479e264f4_0;c2e38b0479e264f4_0;;otro;00_CONTROL;460368;2026-09-04 23:33
00_CONTROL\.ig-profile\Default\Code Cache\js\c2ffe1e67ee270bd_0;c2ffe1e67ee270bd_0;;otro;00_CONTROL;3538;2026-09-05 00:56
00_CONTROL\.ig-profile\Default\Code Cache\js\c30873e4bf16d40a_0;c30873e4bf16d40a_0;;otro;00_CONTROL;86768;2026-09-05 10:17
00_CONTROL\.ig-profile\Default\Code Cache\js\c336c73cf5e4f06b_0;c336c73cf5e4f06b_0;;otro;00_CONTROL;248;2026-09-05 11:31
00_CONTROL\.ig-profile\Default\Code Cache\js\c339659da492704e_0;c339659da492704e_0;;otro;00_CONTROL;1629;2026-09-05 10:17
00_CONTROL\.ig-profile\Default\Code Cache\js\c35e828a61a11195_0;c35e828a61a11195_0;;otro;00_CONTROL;581;2026-09-04 23:25
00_CONTROL\.ig-profile\Default\Code Cache\js\c39ebe03c8e7c326_0;c39ebe03c8e7c326_0;;otro;00_CONTROL;248;2026-09-05 11:15
00_CONTROL\.ig-profile\Default\Code Cache\js\c3a503fe46bace9b_0;c3a503fe46bace9b_0;;otro;00_CONTROL;1708;2026-09-05 10:17
00_CONTROL\.ig-profile\Default\Code Cache\js\c3ebc9ba80062fd8_0;c3ebc9ba80062fd8_0;;otro;00_CONTROL;1299;2026-09-05 00:57
00_CONTROL\.ig-profile\Default\Code Cache\js\c445e591da8a3bd0_0;c445e591da8a3bd0_0;;otro;00_CONTROL;154120;2026-09-04 23:52
00_CONTROL\.ig-profile\Default\Code Cache\js\c48120de0db8b2ae_0;c48120de0db8b2ae_0;;otro;00_CONTROL;288;2026-09-05 11:30
00_CONTROL\.ig-profile\Default\Code Cache\js\c4a4e9eb071d899b_0;c4a4e9eb071d899b_0;;otro;00_CONTROL;248;2026-09-04 23:31
00_CONTROL\.ig-profile\Default\Code Cache\js\c4f86d0760b086c1_0;c4f86d0760b086c1_0;;otro;00_CONTROL;355;2026-09-05 00:57
00_CONTROL\.ig-profile\Default\Code Cache\js\c5233f26e314e42f_0;c5233f26e314e42f_0;;otro;00_CONTROL;1675;2026-09-05 10:17
00_CONTROL\.ig-profile\Default\Code Cache\js\c54da2f1455be7ff_0;c54da2f1455be7ff_0;;otro;00_CONTROL;16185;2026-09-05 10:17
00_CONTROL\.ig-profile\Default\Code Cache\js\c5d020a6ab731804_0;c5d020a6ab731804_0;;otro;00_CONTROL;33488;2026-09-05 11:11
00_CONTROL\.ig-profile\Default\Code Cache\js\c5f2464c6b5b7cd0_0;c5f2464c6b5b7cd0_0;;otro;00_CONTROL;6723;2026-09-05 11:30
00_CONTROL\.ig-profile\Default\Code Cache\js\c6452ac0df324367_0;c6452ac0df324367_0;;otro;00_CONTROL;1369;2026-09-05 10:17
00_CONTROL\.ig-profile\Default\Code Cache\js\c656c2b1eac32503_0;c656c2b1eac32503_0;;otro;00_CONTROL;466088;2026-09-05 11:30
00_CONTROL\.ig-profile\Default\Code Cache\js\c692d153712420fc_0;c692d153712420fc_0;;otro;00_CONTROL;248;2026-09-05 11:15
00_CONTROL\.ig-profile\Default\Code Cache\js\c6af4e569c62e79f_0;c6af4e569c62e79f_0;;otro;00_CONTROL;235;2026-09-05 11:55
00_CONTROL\.ig-profile\Default\Code Cache\js\c7fc6256e02b49e4_0;c7fc6256e02b49e4_0;;otro;00_CONTROL;2249;2026-09-05 10:17
00_CONTROL\.ig-profile\Default\Code Cache\js\c82dcef737295a6a_0;c82dcef737295a6a_0;;otro;00_CONTROL;1399;2026-09-05 10:48
00_CONTROL\.ig-profile\Default\Code Cache\js\c848385289ea31ae_0;c848385289ea31ae_0;;otro;00_CONTROL;7000;2026-09-05 11:14
00_CONTROL\.ig-profile\Default\Code Cache\js\c8a0d197b60dfcc9_0;c8a0d197b60dfcc9_0;;otro;00_CONTROL;235;2026-09-04 23:54
00_CONTROL\.ig-profile\Default\Code Cache\js\c8c5afba63f42667_0;c8c5afba63f42667_0;;otro;00_CONTROL;235;2026-09-05 11:31
00_CONTROL\.ig-profile\Default\Code Cache\js\c8f13b7a1d19dd8c_0;c8f13b7a1d19dd8c_0;;otro;00_CONTROL;40136;2026-09-05 11:14
00_CONTROL\.ig-profile\Default\Code Cache\js\c902ff85f45a0706_0;c902ff85f45a0706_0;;otro;00_CONTROL;286;2026-09-04 22:49
00_CONTROL\.ig-profile\Default\Code Cache\js\c975fcdca23b088b_0;c975fcdca23b088b_0;;otro;00_CONTROL;8979;2026-09-04 23:48
00_CONTROL\.ig-profile\Default\Code Cache\js\c9a685260ee4f5e1_0;c9a685260ee4f5e1_0;;otro;00_CONTROL;352;2026-09-05 00:56
00_CONTROL\.ig-profile\Default\Code Cache\js\c9b0d33f5c820033_0;c9b0d33f5c820033_0;;otro;00_CONTROL;100232;2026-09-04 23:32
00_CONTROL\.ig-profile\Default\Code Cache\js\c9d2f3314f793487_0;c9d2f3314f793487_0;;otro;00_CONTROL;232112;2026-09-05 11:14
00_CONTROL\.ig-profile\Default\Code Cache\js\ca1e6fc25149a1ff_0;ca1e6fc25149a1ff_0;;otro;00_CONTROL;92072;2026-09-05 11:14
00_CONTROL\.ig-profile\Default\Code Cache\js\ca34df15a116f4e0_0;ca34df15a116f4e0_0;;otro;00_CONTROL;3947;2026-09-05 00:57
00_CONTROL\.ig-profile\Default\Code Cache\js\ca3f10c79907f1dc_0;ca3f10c79907f1dc_0;;otro;00_CONTROL;239800;2026-09-04 23:27
00_CONTROL\.ig-profile\Default\Code Cache\js\ca4dd5947571ee68_0;ca4dd5947571ee68_0;;otro;00_CONTROL;248;2026-09-05 10:25
00_CONTROL\.ig-profile\Default\Code Cache\js\ca7192c907a1e861_0;ca7192c907a1e861_0;;otro;00_CONTROL;4526;2026-09-05 00:57
00_CONTROL\.ig-profile\Default\Code Cache\js\ca8551203419a2cd_0;ca8551203419a2cd_0;;otro;00_CONTROL;993;2026-09-05 10:17
00_CONTROL\.ig-profile\Default\Code Cache\js\cb3f50158c4b5e96_0;cb3f50158c4b5e96_0;;otro;00_CONTROL;471;2026-09-05 11:15
00_CONTROL\.ig-profile\Default\Code Cache\js\cb5dc99c56c8ccc8_0;cb5dc99c56c8ccc8_0;;otro;00_CONTROL;129840;2026-09-05 11:14
00_CONTROL\.ig-profile\Default\Code Cache\js\cb8d05bf7c6b1d52_0;cb8d05bf7c6b1d52_0;;otro;00_CONTROL;355;2026-09-05 10:18
00_CONTROL\.ig-profile\Default\Code Cache\js\cd583b01086dc3c8_0;cd583b01086dc3c8_0;;otro;00_CONTROL;15819;2026-09-05 10:17
00_CONTROL\.ig-profile\Default\Code Cache\js\cd659519b1009b1b_0;cd659519b1009b1b_0;;otro;00_CONTROL;248;2026-09-05 11:15
00_CONTROL\.ig-profile\Default\Code Cache\js\ce83a512dd320873_0;ce83a512dd320873_0;;otro;00_CONTROL;1197648;2026-09-05 10:49
00_CONTROL\.ig-profile\Default\Code Cache\js\cfa00c37d4454996_0;cfa00c37d4454996_0;;otro;00_CONTROL;2742;2026-09-05 00:55
00_CONTROL\.ig-profile\Default\Code Cache\js\cfa92dc221b3b939_0;cfa92dc221b3b939_0;;otro;00_CONTROL;359;2026-09-04 23:31
00_CONTROL\.ig-profile\Default\Code Cache\js\cfe062dc8d0a3b42_0;cfe062dc8d0a3b42_0;;otro;00_CONTROL;4574;2026-09-05 00:57
00_CONTROL\.ig-profile\Default\Code Cache\js\d03dee1d431cad5b_0;d03dee1d431cad5b_0;;otro;00_CONTROL;52416;2026-09-05 10:02
00_CONTROL\.ig-profile\Default\Code Cache\js\d0a93a50ebc6fe91_0;d0a93a50ebc6fe91_0;;otro;00_CONTROL;248;2026-09-05 11:14
00_CONTROL\.ig-profile\Default\Code Cache\js\d0eb6eaa0a3ecab6_0;d0eb6eaa0a3ecab6_0;;otro;00_CONTROL;4428;2026-09-05 00:55
00_CONTROL\.ig-profile\Default\Code Cache\js\d10700f03541dd43_0;d10700f03541dd43_0;;otro;00_CONTROL;439;2026-09-05 11:15
00_CONTROL\.ig-profile\Default\Code Cache\js\d12b93033e14b9ae_0;d12b93033e14b9ae_0;;otro;00_CONTROL;4495;2026-09-05 00:57
00_CONTROL\.ig-profile\Default\Code Cache\js\d165d9da67d85268_0;d165d9da67d85268_0;;otro;00_CONTROL;3468;2026-09-05 00:56
00_CONTROL\.ig-profile\Default\Code Cache\js\d16bfc223f903fd6_0;d16bfc223f903fd6_0;;otro;00_CONTROL;299;2026-09-05 11:30
00_CONTROL\.ig-profile\Default\Code Cache\js\d1f9cf68d33b35d8_0;d1f9cf68d33b35d8_0;;otro;00_CONTROL;11955;2026-09-05 11:16
00_CONTROL\.ig-profile\Default\Code Cache\js\d2316c05a6c2d865_0;d2316c05a6c2d865_0;;otro;00_CONTROL;4228;2026-09-05 00:57
00_CONTROL\.ig-profile\Default\Code Cache\js\d24dc3cb124cdc17_0;d24dc3cb124cdc17_0;;otro;00_CONTROL;248;2026-09-05 10:25
00_CONTROL\.ig-profile\Default\Code Cache\js\d2af5080a363369a_0;d2af5080a363369a_0;;otro;00_CONTROL;67720;2026-09-05 10:25
00_CONTROL\.ig-profile\Default\Code Cache\js\d316ee2cebeeaf08_0;d316ee2cebeeaf08_0;;otro;00_CONTROL;6180;2026-09-05 00:56
00_CONTROL\.ig-profile\Default\Code Cache\js\d334ff48f1c65b68_0;d334ff48f1c65b68_0;;otro;00_CONTROL;248;2026-09-05 10:21
00_CONTROL\.ig-profile\Default\Code Cache\js\d36685786cbc9ea6_0;d36685786cbc9ea6_0;;otro;00_CONTROL;64504;2026-09-05 10:17
00_CONTROL\.ig-profile\Default\Code Cache\js\d4af651be3e866f4_0;d4af651be3e866f4_0;;otro;00_CONTROL;4214;2026-09-05 00:57
00_CONTROL\.ig-profile\Default\Code Cache\js\d4ec82f4650cf36f_0;d4ec82f4650cf36f_0;;otro;00_CONTROL;111016;2026-09-05 11:16
00_CONTROL\.ig-profile\Default\Code Cache\js\d518d15b622af3fa_0;d518d15b622af3fa_0;;otro;00_CONTROL;248;2026-09-05 11:15
00_CONTROL\.ig-profile\Default\Code Cache\js\d57407ca84b0dfb8_0;d57407ca84b0dfb8_0;;otro;00_CONTROL;267;2026-09-05 11:15
00_CONTROL\.ig-profile\Default\Code Cache\js\d6a7b4f1fdfe17b8_0;d6a7b4f1fdfe17b8_0;;otro;00_CONTROL;725;2026-09-04 22:43
00_CONTROL\.ig-profile\Default\Code Cache\js\d6da9da4ada5779c_0;d6da9da4ada5779c_0;;otro;00_CONTROL;248;2026-09-05 11:31
00_CONTROL\.ig-profile\Default\Code Cache\js\d6fe519be1c67a1b_0;d6fe519be1c67a1b_0;;otro;00_CONTROL;3517;2026-09-05 00:56
00_CONTROL\.ig-profile\Default\Code Cache\js\d70909c224bf91d4_0;d70909c224bf91d4_0;;otro;00_CONTROL;8404;2026-09-04 23:25
00_CONTROL\.ig-profile\Default\Code Cache\js\d7434fc880d69169_0;d7434fc880d69169_0;;otro;00_CONTROL;1704528;2026-09-05 11:16
00_CONTROL\.ig-profile\Default\Code Cache\js\d80b1d48d4a855e9_0;d80b1d48d4a855e9_0;;otro;00_CONTROL;235;2026-09-05 10:21
00_CONTROL\.ig-profile\Default\Code Cache\js\d839900d4b2f8c4f_0;d839900d4b2f8c4f_0;;otro;00_CONTROL;282;2026-09-05 10:17
00_CONTROL\.ig-profile\Default\Code Cache\js\d8662d3ffc9e1b20_0;d8662d3ffc9e1b20_0;;otro;00_CONTROL;286;2026-09-04 23:25
00_CONTROL\.ig-profile\Default\Code Cache\js\d8a1dbe587899012_0;d8a1dbe587899012_0;;otro;00_CONTROL;248;2026-09-05 11:55
00_CONTROL\.ig-profile\Default\Code Cache\js\d8b92599b4c9ead0_0;d8b92599b4c9ead0_0;;otro;00_CONTROL;3058;2026-09-05 10:17
00_CONTROL\.ig-profile\Default\Code Cache\js\d94fff14b92c4723_0;d94fff14b92c4723_0;;otro;00_CONTROL;235;2026-09-05 10:25
00_CONTROL\.ig-profile\Default\Code Cache\js\d95e2018030a91ce_0;d95e2018030a91ce_0;;otro;00_CONTROL;201192;2026-09-05 11:30
00_CONTROL\.ig-profile\Default\Code Cache\js\d9e0a6a5f7714c1d_0;d9e0a6a5f7714c1d_0;;otro;00_CONTROL;235;2026-09-04 23:27
00_CONTROL\.ig-profile\Default\Code Cache\js\da2e96c6bf8c0f6d_0;da2e96c6bf8c0f6d_0;;otro;00_CONTROL;248;2026-09-05 11:15
00_CONTROL\.ig-profile\Default\Code Cache\js\da553ed75632a0de_0;da553ed75632a0de_0;;otro;00_CONTROL;5803;2026-09-05 00:56
00_CONTROL\.ig-profile\Default\Code Cache\js\dac6e2f03d95e189_0;dac6e2f03d95e189_0;;otro;00_CONTROL;419;2026-09-05 11:15
00_CONTROL\.ig-profile\Default\Code Cache\js\dae2d685c1a526b3_0;dae2d685c1a526b3_0;;otro;00_CONTROL;248;2026-09-05 10:21
00_CONTROL\.ig-profile\Default\Code Cache\js\db3d6fed6fcb403e_0;db3d6fed6fcb403e_0;;otro;00_CONTROL;332600;2026-09-05 11:14
00_CONTROL\.ig-profile\Default\Code Cache\js\db5874e012ec6638_0;db5874e012ec6638_0;;otro;00_CONTROL;12269;2026-09-05 00:55
00_CONTROL\.ig-profile\Default\Code Cache\js\db970abc61ed8bde_0;db970abc61ed8bde_0;;otro;00_CONTROL;240;2026-09-04 22:49
00_CONTROL\.ig-profile\Default\Code Cache\js\dc0d48da2262889d_0;dc0d48da2262889d_0;;otro;00_CONTROL;132104;2026-09-04 23:27
00_CONTROL\.ig-profile\Default\Code Cache\js\dc2f869546f92a39_0;dc2f869546f92a39_0;;otro;00_CONTROL;248;2026-09-04 23:48
00_CONTROL\.ig-profile\Default\Code Cache\js\dc391a40e2768dda_0;dc391a40e2768dda_0;;otro;00_CONTROL;296;2026-09-05 11:31
00_CONTROL\.ig-profile\Default\Code Cache\js\dc9a3e454f910241_0;dc9a3e454f910241_0;;otro;00_CONTROL;4173;2026-09-05 00:57
00_CONTROL\.ig-profile\Default\Code Cache\js\dc9b1a5b47065432_0;dc9b1a5b47065432_0;;otro;00_CONTROL;596;2026-09-04 23:27
00_CONTROL\.ig-profile\Default\Code Cache\js\dcf847fd261d5d2d_0;dcf847fd261d5d2d_0;;otro;00_CONTROL;6454;2026-09-04 23:31
00_CONTROL\.ig-profile\Default\Code Cache\js\dcfa86dc9ff53dac_0;dcfa86dc9ff53dac_0;;otro;00_CONTROL;5810;2026-09-05 00:56
00_CONTROL\.ig-profile\Default\Code Cache\js\de5b4b3c944da6fa_0;de5b4b3c944da6fa_0;;otro;00_CONTROL;11240;2026-09-05 11:14
00_CONTROL\.ig-profile\Default\Code Cache\js\de619b1f83f6e4c1_0;de619b1f83f6e4c1_0;;otro;00_CONTROL;6522;2026-09-05 00:56
00_CONTROL\.ig-profile\Default\Code Cache\js\de69d20d97f58047_0;de69d20d97f58047_0;;otro;00_CONTROL;607;2026-09-04 23:32
00_CONTROL\.ig-profile\Default\Code Cache\js\deac99bf807ab7d1_0;deac99bf807ab7d1_0;;otro;00_CONTROL;37928;2026-09-05 11:14
00_CONTROL\.ig-profile\Default\Code Cache\js\def875a7f83fd224_0;def875a7f83fd224_0;;otro;00_CONTROL;1698;2026-09-05 10:17
00_CONTROL\.ig-profile\Default\Code Cache\js\df812820d309d3cf_0;df812820d309d3cf_0;;otro;00_CONTROL;147824;2026-09-05 11:33
00_CONTROL\.ig-profile\Default\Code Cache\js\dfdd899769ab432e_0;dfdd899769ab432e_0;;otro;00_CONTROL;6274;2026-09-05 00:55
00_CONTROL\.ig-profile\Default\Code Cache\js\dfe0fba4717c248a_0;dfe0fba4717c248a_0;;otro;00_CONTROL;451;2026-09-04 23:25
00_CONTROL\.ig-profile\Default\Code Cache\js\e0f2e90a10e96ca2_0;e0f2e90a10e96ca2_0;;otro;00_CONTROL;2585;2026-09-05 10:17
00_CONTROL\.ig-profile\Default\Code Cache\js\e3174da525fc4b46_0;e3174da525fc4b46_0;;otro;00_CONTROL;203;2026-09-05 00:56
00_CONTROL\.ig-profile\Default\Code Cache\js\e3328aaf877424d2_0;e3328aaf877424d2_0;;otro;00_CONTROL;4221;2026-09-05 00:57
00_CONTROL\.ig-profile\Default\Code Cache\js\e351c533d71733bf_0;e351c533d71733bf_0;;otro;00_CONTROL;8218;2026-09-05 10:17
00_CONTROL\.ig-profile\Default\Code Cache\js\e36f78fc86902d09_0;e36f78fc86902d09_0;;otro;00_CONTROL;4091720;2026-09-05 11:14
00_CONTROL\.ig-profile\Default\Code Cache\js\e3b8b6d9171d3df8_0;e3b8b6d9171d3df8_0;;otro;00_CONTROL;248;2026-09-05 11:31
00_CONTROL\.ig-profile\Default\Code Cache\js\e3dc70e5d29eda3f_0;e3dc70e5d29eda3f_0;;otro;00_CONTROL;6081;2026-09-05 00:55
00_CONTROL\.ig-profile\Default\Code Cache\js\e410c41ba52e165c_0;e410c41ba52e165c_0;;otro;00_CONTROL;28848;2026-09-05 10:02
00_CONTROL\.ig-profile\Default\Code Cache\js\e431695125134dbd_0;e431695125134dbd_0;;otro;00_CONTROL;248;2026-09-05 11:31
00_CONTROL\.ig-profile\Default\Code Cache\js\e47a097e9d70af33_0;e47a097e9d70af33_0;;otro;00_CONTROL;699;2026-09-05 11:15
00_CONTROL\.ig-profile\Default\Code Cache\js\e4ad804f60415d67_0;e4ad804f60415d67_0;;otro;00_CONTROL;1699;2026-09-05 11:15
00_CONTROL\.ig-profile\Default\Code Cache\js\e4b5739ecb851c40_0;e4b5739ecb851c40_0;;otro;00_CONTROL;5532;2026-09-04 22:49
00_CONTROL\.ig-profile\Default\Code Cache\js\e546702803194114_0;e546702803194114_0;;otro;00_CONTROL;13643;2026-09-05 10:48
00_CONTROL\.ig-profile\Default\Code Cache\js\e5cf5490befceb2c_0;e5cf5490befceb2c_0;;otro;00_CONTROL;248;2026-09-04 23:31
00_CONTROL\.ig-profile\Default\Code Cache\js\e72ae3a5542873c8_0;e72ae3a5542873c8_0;;otro;00_CONTROL;41568;2026-09-05 10:49
00_CONTROL\.ig-profile\Default\Code Cache\js\e75d94dcd5a5b13a_0;e75d94dcd5a5b13a_0;;otro;00_CONTROL;1327;2026-09-05 00:55
00_CONTROL\.ig-profile\Default\Code Cache\js\e76c7fcfe0bc8628_0;e76c7fcfe0bc8628_0;;otro;00_CONTROL;2537;2026-09-05 10:17
00_CONTROL\.ig-profile\Default\Code Cache\js\e7a8c7836a6e290a_0;e7a8c7836a6e290a_0;;otro;00_CONTROL;3233;2026-09-05 10:17
00_CONTROL\.ig-profile\Default\Code Cache\js\e7c33277f312b26e_0;e7c33277f312b26e_0;;otro;00_CONTROL;265768;2026-09-05 09:59
00_CONTROL\.ig-profile\Default\Code Cache\js\e7dec617152d2c77_0;e7dec617152d2c77_0;;otro;00_CONTROL;4071;2026-09-05 00:57
00_CONTROL\.ig-profile\Default\Code Cache\js\e86b8dd0d4099aa6_0;e86b8dd0d4099aa6_0;;otro;00_CONTROL;16648;2026-09-05 11:15
00_CONTROL\.ig-profile\Default\Code Cache\js\e9352f06ca110774_0;e9352f06ca110774_0;;otro;00_CONTROL;3633;2026-09-05 10:17
00_CONTROL\.ig-profile\Default\Code Cache\js\e93964c382c15885_0;e93964c382c15885_0;;otro;00_CONTROL;227;2026-09-04 22:49
00_CONTROL\.ig-profile\Default\Code Cache\js\e962f9e14a822320_0;e962f9e14a822320_0;;otro;00_CONTROL;5753;2026-09-05 00:55
00_CONTROL\.ig-profile\Default\Code Cache\js\e9c4180aa3944850_0;e9c4180aa3944850_0;;otro;00_CONTROL;5003;2026-09-05 00:58
00_CONTROL\.ig-profile\Default\Code Cache\js\e9d3d1b603779ada_0;e9d3d1b603779ada_0;;otro;00_CONTROL;14952;2026-09-05 11:55
00_CONTROL\.ig-profile\Default\Code Cache\js\ea098dae6d34f36a_0;ea098dae6d34f36a_0;;otro;00_CONTROL;26528;2026-09-05 10:17
00_CONTROL\.ig-profile\Default\Code Cache\js\ea23a9ab843951f7_0;ea23a9ab843951f7_0;;otro;00_CONTROL;1228;2026-09-05 00:57
00_CONTROL\.ig-profile\Default\Code Cache\js\ea3c0f9070f9f5c6_0;ea3c0f9070f9f5c6_0;;otro;00_CONTROL;3244;2026-09-05 00:57
00_CONTROL\.ig-profile\Default\Code Cache\js\eb065849a0983fea_0;eb065849a0983fea_0;;otro;00_CONTROL;2446;2026-09-04 23:31
00_CONTROL\.ig-profile\Default\Code Cache\js\eb1c8e2819bcb94a_0;eb1c8e2819bcb94a_0;;otro;00_CONTROL;896;2026-09-05 11:15
00_CONTROL\.ig-profile\Default\Code Cache\js\eb22bd13953eb60f_0;eb22bd13953eb60f_0;;otro;00_CONTROL;1629;2026-09-05 00:53
00_CONTROL\.ig-profile\Default\Code Cache\js\eb6591e0e510a2fb_0;eb6591e0e510a2fb_0;;otro;00_CONTROL;248;2026-09-05 10:01
00_CONTROL\.ig-profile\Default\Code Cache\js\eb6a18eda0fc2cd5_0;eb6a18eda0fc2cd5_0;;otro;00_CONTROL;946776;2026-09-05 10:17
00_CONTROL\.ig-profile\Default\Code Cache\js\ecb7d6822648bd0f_0;ecb7d6822648bd0f_0;;otro;00_CONTROL;2738;2026-09-05 00:57
00_CONTROL\.ig-profile\Default\Code Cache\js\ecd312244ed119c2_0;ecd312244ed119c2_0;;otro;00_CONTROL;14731;2026-09-05 11:16
00_CONTROL\.ig-profile\Default\Code Cache\js\ed08bab1702ad8be_0;ed08bab1702ad8be_0;;otro;00_CONTROL;605;2026-09-04 23:25
00_CONTROL\.ig-profile\Default\Code Cache\js\ed2d466486943591_0;ed2d466486943591_0;;otro;00_CONTROL;6813;2026-09-05 00:56
00_CONTROL\.ig-profile\Default\Code Cache\js\ed814d37890b369c_0;ed814d37890b369c_0;;otro;00_CONTROL;10699;2026-09-05 10:17
00_CONTROL\.ig-profile\Default\Code Cache\js\eddaf34d287dd667_0;eddaf34d287dd667_0;;otro;00_CONTROL;288;2026-09-05 11:16
00_CONTROL\.ig-profile\Default\Code Cache\js\eecbd418a2bf5d2e_0;eecbd418a2bf5d2e_0;;otro;00_CONTROL;31056;2026-09-04 23:27
00_CONTROL\.ig-profile\Default\Code Cache\js\eed7e29d1544c2d1_0;eed7e29d1544c2d1_0;;otro;00_CONTROL;235;2026-09-05 11:14
00_CONTROL\.ig-profile\Default\Code Cache\js\eedf9bd482b75543_0;eedf9bd482b75543_0;;otro;00_CONTROL;248;2026-09-04 23:48
00_CONTROL\.ig-profile\Default\Code Cache\js\ef0467b21ceff419_0;ef0467b21ceff419_0;;otro;00_CONTROL;275;2026-09-05 10:25
00_CONTROL\.ig-profile\Default\Code Cache\js\ef10cc2e8ef61c4e_0;ef10cc2e8ef61c4e_0;;otro;00_CONTROL;35024;2026-09-05 10:01
00_CONTROL\.ig-profile\Default\Code Cache\js\ef7a0b3bbfc60814_0;ef7a0b3bbfc60814_0;;otro;00_CONTROL;6300;2026-09-05 00:55
00_CONTROL\.ig-profile\Default\Code Cache\js\ef9b59c4b7d344b3_0;ef9b59c4b7d344b3_0;;otro;00_CONTROL;142856;2026-09-05 10:00
00_CONTROL\.ig-profile\Default\Code Cache\js\efe7fa2f5ecbfb66_0;efe7fa2f5ecbfb66_0;;otro;00_CONTROL;4738;2026-09-05 10:17
00_CONTROL\.ig-profile\Default\Code Cache\js\f020a7339752d2e3_0;f020a7339752d2e3_0;;otro;00_CONTROL;6570;2026-09-05 00:56
00_CONTROL\.ig-profile\Default\Code Cache\js\f05f7902b25ed443_0;f05f7902b25ed443_0;;otro;00_CONTROL;1705;2026-09-05 00:53
00_CONTROL\.ig-profile\Default\Code Cache\js\f0a5168ad4643649_0;f0a5168ad4643649_0;;otro;00_CONTROL;248;2026-09-04 23:31
00_CONTROL\.ig-profile\Default\Code Cache\js\f10071562f209578_0;f10071562f209578_0;;otro;00_CONTROL;357;2026-09-05 00:56
00_CONTROL\.ig-profile\Default\Code Cache\js\f1168b9b5cf2677f_0;f1168b9b5cf2677f_0;;otro;00_CONTROL;434632;2026-09-04 23:33
00_CONTROL\.ig-profile\Default\Code Cache\js\f11db73c022e314a_0;f11db73c022e314a_0;;otro;00_CONTROL;252;2026-09-04 22:49
00_CONTROL\.ig-profile\Default\Code Cache\js\f131052accdee61a_0;f131052accdee61a_0;;otro;00_CONTROL;263;2026-09-05 11:15
00_CONTROL\.ig-profile\Default\Code Cache\js\f16cf32a34167044_0;f16cf32a34167044_0;;otro;00_CONTROL;235;2026-09-05 10:21
00_CONTROL\.ig-profile\Default\Code Cache\js\f1744b92e09fa356_0;f1744b92e09fa356_0;;otro;00_CONTROL;152464;2026-09-04 23:25
00_CONTROL\.ig-profile\Default\Code Cache\js\f18989bb51158c09_0;f18989bb51158c09_0;;otro;00_CONTROL;2954;2026-09-05 10:17
00_CONTROL\.ig-profile\Default\Code Cache\js\f18d8bcb136caf59_0;f18d8bcb136caf59_0;;otro;00_CONTROL;5191;2026-09-05 11:15
00_CONTROL\.ig-profile\Default\Code Cache\js\f19a80e535303bcf_0;f19a80e535303bcf_0;;otro;00_CONTROL;217;2026-09-05 00:55
00_CONTROL\.ig-profile\Default\Code Cache\js\f1ec6bbb274f7ecd_0;f1ec6bbb274f7ecd_0;;otro;00_CONTROL;4742072;2026-09-05 11:16
00_CONTROL\.ig-profile\Default\Code Cache\js\f263d20db4b7f1a1_0;f263d20db4b7f1a1_0;;otro;00_CONTROL;641;2026-09-05 00:57
00_CONTROL\.ig-profile\Default\Code Cache\js\f27a58cfaaacefb4_0;f27a58cfaaacefb4_0;;otro;00_CONTROL;83880;2026-09-05 11:16
00_CONTROL\.ig-profile\Default\Code Cache\js\f293f21db688a342_0;f293f21db688a342_0;;otro;00_CONTROL;248;2026-09-04 23:54
00_CONTROL\.ig-profile\Default\Code Cache\js\f33c052393ffc7c9_0;f33c052393ffc7c9_0;;otro;00_CONTROL;288;2026-09-05 10:48
00_CONTROL\.ig-profile\Default\Code Cache\js\f36061845311e404_0;f36061845311e404_0;;otro;00_CONTROL;6635;2026-09-05 11:33
00_CONTROL\.ig-profile\Default\Code Cache\js\f384f62f72a685f5_0;f384f62f72a685f5_0;;otro;00_CONTROL;2874;2026-09-05 10:17
00_CONTROL\.ig-profile\Default\Code Cache\js\f3e7e96ea6afe8e8_0;f3e7e96ea6afe8e8_0;;otro;00_CONTROL;1626;2026-09-05 10:17
00_CONTROL\.ig-profile\Default\Code Cache\js\f46f63e5b691c8af_0;f46f63e5b691c8af_0;;otro;00_CONTROL;1929;2026-09-05 11:15
00_CONTROL\.ig-profile\Default\Code Cache\js\f4ae0145d2f5eb3e_0;f4ae0145d2f5eb3e_0;;otro;00_CONTROL;6433;2026-09-05 00:56
00_CONTROL\.ig-profile\Default\Code Cache\js\f53a36f19d5e90eb_0;f53a36f19d5e90eb_0;;otro;00_CONTROL;227;2026-09-04 22:49
00_CONTROL\.ig-profile\Default\Code Cache\js\f642870140a45c9a_0;f642870140a45c9a_0;;otro;00_CONTROL;30184;2026-09-05 10:17
00_CONTROL\.ig-profile\Default\Code Cache\js\f69dbe2dcae63745_0;f69dbe2dcae63745_0;;otro;00_CONTROL;1117512;2026-09-04 22:49
00_CONTROL\.ig-profile\Default\Code Cache\js\f7824f6c438fe70a_0;f7824f6c438fe70a_0;;otro;00_CONTROL;312;2026-09-05 10:01
00_CONTROL\.ig-profile\Default\Code Cache\js\f837685010557153_0;f837685010557153_0;;otro;00_CONTROL;362;2026-09-05 10:18
00_CONTROL\.ig-profile\Default\Code Cache\js\f897f8e2c41d81e2_0;f897f8e2c41d81e2_0;;otro;00_CONTROL;9923;2026-09-05 10:17
00_CONTROL\.ig-profile\Default\Code Cache\js\f937ec445aec6f65_0;f937ec445aec6f65_0;;otro;00_CONTROL;248;2026-09-05 10:21
00_CONTROL\.ig-profile\Default\Code Cache\js\f95cf291513d335c_0;f95cf291513d335c_0;;otro;00_CONTROL;458640;2026-09-05 09:59
00_CONTROL\.ig-profile\Default\Code Cache\js\f96dc2c80f69565c_0;f96dc2c80f69565c_0;;otro;00_CONTROL;6529;2026-09-05 00:56
00_CONTROL\.ig-profile\Default\Code Cache\js\f9b4516b08d3da1a_0;f9b4516b08d3da1a_0;;otro;00_CONTROL;3289;2026-09-05 10:17
00_CONTROL\.ig-profile\Default\Code Cache\js\fa52705583c4e8d6_0;fa52705583c4e8d6_0;;otro;00_CONTROL;243;2026-09-04 22:43
00_CONTROL\.ig-profile\Default\Code Cache\js\fa6d4805e1443273_0;fa6d4805e1443273_0;;otro;00_CONTROL;605;2026-09-04 23:25
00_CONTROL\.ig-profile\Default\Code Cache\js\fa6d96dcbab72fea_0;fa6d96dcbab72fea_0;;otro;00_CONTROL;286;2026-09-04 23:25
00_CONTROL\.ig-profile\Default\Code Cache\js\fa9987cee908910d_0;fa9987cee908910d_0;;otro;00_CONTROL;248;2026-09-05 11:14
00_CONTROL\.ig-profile\Default\Code Cache\js\face310b75dc7980_0;face310b75dc7980_0;;otro;00_CONTROL;497;2026-09-04 23:33
00_CONTROL\.ig-profile\Default\Code Cache\js\fadff8efa28a4dc5_0;fadff8efa28a4dc5_0;;otro;00_CONTROL;507;2026-09-05 11:15
00_CONTROL\.ig-profile\Default\Code Cache\js\faf6dc1fb8704faf_0;faf6dc1fb8704faf_0;;otro;00_CONTROL;1367;2026-09-04 23:27
00_CONTROL\.ig-profile\Default\Code Cache\js\fb1a9b6431774887_0;fb1a9b6431774887_0;;otro;00_CONTROL;3599;2026-09-05 00:56
00_CONTROL\.ig-profile\Default\Code Cache\js\fb302349fc5f068f_0;fb302349fc5f068f_0;;otro;00_CONTROL;4767;2026-09-05 00:57
00_CONTROL\.ig-profile\Default\Code Cache\js\fba8ed2cddba78b0_0;fba8ed2cddba78b0_0;;otro;00_CONTROL;9161;2026-09-05 10:17
00_CONTROL\.ig-profile\Default\Code Cache\js\fc53dadb840960e0_0;fc53dadb840960e0_0;;otro;00_CONTROL;235;2026-09-05 11:31
00_CONTROL\.ig-profile\Default\Code Cache\js\fca0e0b968052015_0;fca0e0b968052015_0;;otro;00_CONTROL;288;2026-09-05 11:16
00_CONTROL\.ig-profile\Default\Code Cache\js\fca6f4c0039199e9_0;fca6f4c0039199e9_0;;otro;00_CONTROL;2921;2026-09-05 10:17
00_CONTROL\.ig-profile\Default\Code Cache\js\fcb2dfe5590acec0_0;fcb2dfe5590acec0_0;;otro;00_CONTROL;2641;2026-09-05 10:17
00_CONTROL\.ig-profile\Default\Code Cache\js\fcc4389a088e094a_0;fcc4389a088e094a_0;;otro;00_CONTROL;3736;2026-09-05 00:56
00_CONTROL\.ig-profile\Default\Code Cache\js\fcfaad38e5fd9357_0;fcfaad38e5fd9357_0;;otro;00_CONTROL;286;2026-09-04 22:49
00_CONTROL\.ig-profile\Default\Code Cache\js\fd2fe76118db2dc5_0;fd2fe76118db2dc5_0;;otro;00_CONTROL;235;2026-09-05 10:25
00_CONTROL\.ig-profile\Default\Code Cache\js\fdd15c6339e153f4_0;fdd15c6339e153f4_0;;otro;00_CONTROL;201512;2026-09-04 23:28
00_CONTROL\.ig-profile\Default\Code Cache\js\fe0cf51c89e31bbd_0;fe0cf51c89e31bbd_0;;otro;00_CONTROL;534256;2026-09-05 10:48
00_CONTROL\.ig-profile\Default\Code Cache\js\fe31167a6eb7434c_0;fe31167a6eb7434c_0;;otro;00_CONTROL;70344;2026-09-05 10:17
00_CONTROL\.ig-profile\Default\Code Cache\js\fec3a9b2542d214e_0;fec3a9b2542d214e_0;;otro;00_CONTROL;242;2026-09-04 23:31
00_CONTROL\.ig-profile\Default\Code Cache\js\ff8fea9bae4ee0f2_0;ff8fea9bae4ee0f2_0;;otro;00_CONTROL;24504;2026-09-04 23:27
00_CONTROL\.ig-profile\Default\Code Cache\js\ffe21706dd99763f_0;ffe21706dd99763f_0;;otro;00_CONTROL;8387;2026-09-05 11:15
00_CONTROL\.ig-profile\Default\Code Cache\js\index;index;;otro;00_CONTROL;24;2026-09-04 22:43
00_CONTROL\.ig-profile\Default\Code Cache\js\index-dir\the-real-index;the-real-index;;otro;00_CONTROL;22392;2026-09-05 11:55
00_CONTROL\.ig-profile\Default\Code Cache\wasm\index;index;;otro;00_CONTROL;24;2026-09-04 22:43
00_CONTROL\.ig-profile\Default\Code Cache\wasm\index-dir\the-real-index;the-real-index;;otro;00_CONTROL;48;2026-09-05 09:58
00_CONTROL\.ig-profile\Default\DIPS;DIPS;;otro;00_CONTROL;36864;2026-09-05 14:33
00_CONTROL\.ig-profile\Default\DawnGraphiteCache\data_0;data_0;;otro;00_CONTROL;8192;2026-09-04 22:43
00_CONTROL\.ig-profile\Default\DawnGraphiteCache\data_1;data_1;;otro;00_CONTROL;270336;2026-09-05 14:33
00_CONTROL\.ig-profile\Default\DawnGraphiteCache\data_2;data_2;;otro;00_CONTROL;8192;2026-09-04 22:43
00_CONTROL\.ig-profile\Default\DawnGraphiteCache\data_3;data_3;;otro;00_CONTROL;8192;2026-09-04 22:43
00_CONTROL\.ig-profile\Default\DawnGraphiteCache\index;index;;otro;00_CONTROL;262512;2026-09-04 22:43
00_CONTROL\.ig-profile\Default\DawnWebGPUCache\data_0;data_0;;otro;00_CONTROL;8192;2026-09-04 22:43
00_CONTROL\.ig-profile\Default\DawnWebGPUCache\data_1;data_1;;otro;00_CONTROL;270336;2026-09-05 14:33
00_CONTROL\.ig-profile\Default\DawnWebGPUCache\data_2;data_2;;otro;00_CONTROL;8192;2026-09-04 22:43
00_CONTROL\.ig-profile\Default\DawnWebGPUCache\data_3;data_3;;otro;00_CONTROL;8192;2026-09-04 22:43
00_CONTROL\.ig-profile\Default\DawnWebGPUCache\index;index;;otro;00_CONTROL;262512;2026-09-04 22:43
00_CONTROL\.ig-profile\Default\Download Service\EntryDB\LOCK;LOCK;;otro;00_CONTROL;0;2026-09-04 22:43
00_CONTROL\.ig-profile\Default\Download Service\EntryDB\LOG;LOG;;otro;00_CONTROL;0;2026-09-05 11:30
00_CONTROL\.ig-profile\Default\Download Service\EntryDB\LOG.old;LOG.old;.old;otro;00_CONTROL;0;2026-09-05 11:14
00_CONTROL\.ig-profile\Default\Extension Cookies;Extension Cookies;;otro;00_CONTROL;20480;2026-09-04 22:43
00_CONTROL\.ig-profile\Default\Extension Cookies-journal;Extension Cookies-journal;;otro;00_CONTROL;0;2026-09-04 22:43
00_CONTROL\.ig-profile\Default\Extension Rules\000003.log;000003.log;.log;otro;00_CONTROL;76;2026-09-04 22:43
00_CONTROL\.ig-profile\Default\Extension Rules\CURRENT;CURRENT;;otro;00_CONTROL;16;2026-09-04 22:43
00_CONTROL\.ig-profile\Default\Extension Rules\LOCK;LOCK;;otro;00_CONTROL;0;2026-09-04 22:43
00_CONTROL\.ig-profile\Default\Extension Rules\LOG;LOG;;otro;00_CONTROL;393;2026-09-04 22:43
00_CONTROL\.ig-profile\Default\Extension Rules\MANIFEST-000001;MANIFEST-000001;;otro;00_CONTROL;41;2026-09-04 22:43
00_CONTROL\.ig-profile\Default\Extension Scripts\000003.log;000003.log;.log;otro;00_CONTROL;76;2026-09-04 22:43
00_CONTROL\.ig-profile\Default\Extension Scripts\CURRENT;CURRENT;;otro;00_CONTROL;16;2026-09-04 22:43
00_CONTROL\.ig-profile\Default\Extension Scripts\LOCK;LOCK;;otro;00_CONTROL;0;2026-09-04 22:43
00_CONTROL\.ig-profile\Default\Extension Scripts\LOG;LOG;;otro;00_CONTROL;397;2026-09-04 22:43
00_CONTROL\.ig-profile\Default\Extension Scripts\MANIFEST-000001;MANIFEST-000001;;otro;00_CONTROL;41;2026-09-04 22:43
00_CONTROL\.ig-profile\Default\Extension State\000003.log;000003.log;.log;otro;00_CONTROL;228;2026-09-04 22:43
00_CONTROL\.ig-profile\Default\Extension State\CURRENT;CURRENT;;otro;00_CONTROL;16;2026-09-04 22:43
00_CONTROL\.ig-profile\Default\Extension State\LOCK;LOCK;;otro;00_CONTROL;0;2026-09-04 22:43
00_CONTROL\.ig-profile\Default\Extension State\LOG;LOG;;otro;00_CONTROL;434;2026-09-05 11:30
00_CONTROL\.ig-profile\Default\Extension State\LOG.old;LOG.old;.old;otro;00_CONTROL;434;2026-09-05 11:14
00_CONTROL\.ig-profile\Default\Extension State\MANIFEST-000001;MANIFEST-000001;;otro;00_CONTROL;41;2026-09-04 22:43
00_CONTROL\.ig-profile\Default\Favicons;Favicons;;otro;00_CONTROL;122880;2026-09-05 10:50
00_CONTROL\.ig-profile\Default\Favicons-journal;Favicons-journal;;otro;00_CONTROL;0;2026-09-05 10:50
00_CONTROL\.ig-profile\Default\Feature Engagement Tracker\AvailabilityDB\LOCK;LOCK;;otro;00_CONTROL;0;2026-09-04 22:43
00_CONTROL\.ig-profile\Default\Feature Engagement Tracker\AvailabilityDB\LOG;LOG;;otro;00_CONTROL;0;2026-09-05 11:30
00_CONTROL\.ig-profile\Default\Feature Engagement Tracker\AvailabilityDB\LOG.old;LOG.old;.old;otro;00_CONTROL;0;2026-09-05 11:14
00_CONTROL\.ig-profile\Default\Feature Engagement Tracker\EventDB\LOCK;LOCK;;otro;00_CONTROL;0;2026-09-04 22:43
00_CONTROL\.ig-profile\Default\Feature Engagement Tracker\EventDB\LOG;LOG;;otro;00_CONTROL;0;2026-09-05 11:30
00_CONTROL\.ig-profile\Default\Feature Engagement Tracker\EventDB\LOG.old;LOG.old;.old;otro;00_CONTROL;0;2026-09-05 11:14
00_CONTROL\.ig-profile\Default\GCM Store\Encryption\000003.log;000003.log;.log;otro;00_CONTROL;0;2026-09-04 22:43
00_CONTROL\.ig-profile\Default\GCM Store\Encryption\CURRENT;CURRENT;;otro;00_CONTROL;16;2026-09-04 22:43
00_CONTROL\.ig-profile\Default\GCM Store\Encryption\LOCK;LOCK;;otro;00_CONTROL;0;2026-09-04 22:43
00_CONTROL\.ig-profile\Default\GCM Store\Encryption\LOG;LOG;;otro;00_CONTROL;444;2026-09-05 11:30
00_CONTROL\.ig-profile\Default\GCM Store\Encryption\LOG.old;LOG.old;.old;otro;00_CONTROL;444;2026-09-05 11:14
00_CONTROL\.ig-profile\Default\GCM Store\Encryption\MANIFEST-000001;MANIFEST-000001;;otro;00_CONTROL;41;2026-09-04 22:43
00_CONTROL\.ig-profile\Default\GPUCache\data_0;data_0;;otro;00_CONTROL;45056;2026-09-05 11:30
00_CONTROL\.ig-profile\Default\GPUCache\data_1;data_1;;otro;00_CONTROL;270336;2026-09-05 14:33
00_CONTROL\.ig-profile\Default\GPUCache\data_2;data_2;;otro;00_CONTROL;1056768;2026-09-05 11:17
00_CONTROL\.ig-profile\Default\GPUCache\data_3;data_3;;otro;00_CONTROL;8192;2026-09-04 22:43
00_CONTROL\.ig-profile\Default\GPUCache\index;index;;otro;00_CONTROL;262512;2026-09-04 22:43
00_CONTROL\.ig-profile\Default\History;History;;otro;00_CONTROL;360448;2026-09-05 14:33
00_CONTROL\.ig-profile\Default\History-journal;History-journal;;otro;00_CONTROL;0;2026-09-05 14:33
00_CONTROL\.ig-profile\Default\IndexedDB\https_mail.google.com_0.indexeddb.leveldb\000004.log;000004.log;.log;otro;00_CONTROL;0;2026-09-05 09:34
00_CONTROL\.ig-profile\Default\IndexedDB\https_mail.google.com_0.indexeddb.leveldb\000005.ldb;000005.ldb;.ldb;otro;00_CONTROL;2947;2026-09-05 09:34
00_CONTROL\.ig-profile\Default\IndexedDB\https_mail.google.com_0.indexeddb.leveldb\CURRENT;CURRENT;;otro;00_CONTROL;16;2026-09-05 00:57
00_CONTROL\.ig-profile\Default\IndexedDB\https_mail.google.com_0.indexeddb.leveldb\LOCK;LOCK;;otro;00_CONTROL;0;2026-09-05 00:57
00_CONTROL\.ig-profile\Default\IndexedDB\https_mail.google.com_0.indexeddb.leveldb\LOG;LOG;;otro;00_CONTROL;727;2026-09-05 09:34
00_CONTROL\.ig-profile\Default\IndexedDB\https_mail.google.com_0.indexeddb.leveldb\MANIFEST-000001;MANIFEST-000001;;otro;00_CONTROL;72;2026-09-05 09:34
00_CONTROL\.ig-profile\Default\IndexedDB\https_meet.google.com_0.indexeddb.leveldb\000003.log;000003.log;.log;otro;00_CONTROL;13514;2026-09-05 01:00
00_CONTROL\.ig-profile\Default\IndexedDB\https_meet.google.com_0.indexeddb.leveldb\CURRENT;CURRENT;;otro;00_CONTROL;16;2026-09-05 00:57
00_CONTROL\.ig-profile\Default\IndexedDB\https_meet.google.com_0.indexeddb.leveldb\LOCK;LOCK;;otro;00_CONTROL;0;2026-09-05 00:57
00_CONTROL\.ig-profile\Default\IndexedDB\https_meet.google.com_0.indexeddb.leveldb\LOG;LOG;;otro;00_CONTROL;465;2026-09-05 00:57
00_CONTROL\.ig-profile\Default\IndexedDB\https_meet.google.com_0.indexeddb.leveldb\MANIFEST-000001;MANIFEST-000001;;otro;00_CONTROL;23;2026-09-05 00:57
00_CONTROL\.ig-profile\Default\IndexedDB\https_www.milanuncios.com_0.indexeddb.leveldb\000003.log;000003.log;.log;otro;00_CONTROL;1696;2026-09-05 10:17
00_CONTROL\.ig-profile\Default\IndexedDB\https_www.milanuncios.com_0.indexeddb.leveldb\CURRENT;CURRENT;;otro;00_CONTROL;16;2026-09-05 10:17
00_CONTROL\.ig-profile\Default\IndexedDB\https_www.milanuncios.com_0.indexeddb.leveldb\LOCK;LOCK;;otro;00_CONTROL;0;2026-09-05 10:17
00_CONTROL\.ig-profile\Default\IndexedDB\https_www.milanuncios.com_0.indexeddb.leveldb\LOG;LOG;;otro;00_CONTROL;473;2026-09-05 10:17
00_CONTROL\.ig-profile\Default\IndexedDB\https_www.milanuncios.com_0.indexeddb.leveldb\MANIFEST-000001;MANIFEST-000001;;otro;00_CONTROL;23;2026-09-05 10:17
00_CONTROL\.ig-profile\Default\LOCK;LOCK;;otro;00_CONTROL;0;2026-09-04 22:43
00_CONTROL\.ig-profile\Default\LOG;LOG;;otro;00_CONTROL;0;2026-09-05 11:30
00_CONTROL\.ig-profile\Default\LOG.old;LOG.old;.old;otro;00_CONTROL;0;2026-09-05 11:14
00_CONTROL\.ig-profile\Default\Local Storage\leveldb\000005.ldb;000005.ldb;.ldb;otro;00_CONTROL;16940;2026-09-04 23:54
00_CONTROL\.ig-profile\Default\Local Storage\leveldb\000008.ldb;000008.ldb;.ldb;otro;00_CONTROL;20205;2026-09-05 10:17
00_CONTROL\.ig-profile\Default\Local Storage\leveldb\000010.log;000010.log;.log;otro;00_CONTROL;18108;2026-09-05 14:33
00_CONTROL\.ig-profile\Default\Local Storage\leveldb\000011.ldb;000011.ldb;.ldb;otro;00_CONTROL;16632;2026-09-05 11:16
00_CONTROL\.ig-profile\Default\Local Storage\leveldb\CURRENT;CURRENT;;otro;00_CONTROL;16;2026-09-04 22:43
00_CONTROL\.ig-profile\Default\Local Storage\leveldb\LOCK;LOCK;;otro;00_CONTROL;0;2026-09-04 22:43
00_CONTROL\.ig-profile\Default\Local Storage\leveldb\LOG;LOG;;otro;00_CONTROL;447;2026-09-05 11:30
00_CONTROL\.ig-profile\Default\Local Storage\leveldb\LOG.old;LOG.old;.old;otro;00_CONTROL;611;2026-09-05 11:16
00_CONTROL\.ig-profile\Default\Local Storage\leveldb\MANIFEST-000001;MANIFEST-000001;;otro;00_CONTROL;366;2026-09-05 11:16
00_CONTROL\.ig-profile\Default\Login Data;Login Data;;otro;00_CONTROL;40960;2026-09-05 00:58
00_CONTROL\.ig-profile\Default\Login Data For Account;Login Data For Account;;otro;00_CONTROL;40960;2026-09-04 22:43
00_CONTROL\.ig-profile\Default\Login Data For Account-journal;Login Data For Account-journal;;otro;00_CONTROL;0;2026-09-04 22:43
00_CONTROL\.ig-profile\Default\Login Data-journal;Login Data-journal;;otro;00_CONTROL;0;2026-09-05 00:58
00_CONTROL\.ig-profile\Default\MediaDeviceSalts;MediaDeviceSalts;;otro;00_CONTROL;24576;2026-09-05 10:17
00_CONTROL\.ig-profile\Default\MediaDeviceSalts-journal;MediaDeviceSalts-journal;;otro;00_CONTROL;0;2026-09-05 10:17
00_CONTROL\.ig-profile\Default\Network Action Predictor;Network Action Predictor;;otro;00_CONTROL;61440;2026-09-05 11:33
00_CONTROL\.ig-profile\Default\Network Action Predictor-journal;Network Action Predictor-journal;;otro;00_CONTROL;0;2026-09-05 11:33
00_CONTROL\.ig-profile\Default\Network\Cookies;Cookies;;otro;00_CONTROL;57344;2026-09-05 14:33
00_CONTROL\.ig-profile\Default\Network\Cookies-journal;Cookies-journal;;otro;00_CONTROL;0;2026-09-05 14:33
00_CONTROL\.ig-profile\Default\Network\Device Bound Sessions;Device Bound Sessions;;otro;00_CONTROL;20480;2026-09-04 22:43
00_CONTROL\.ig-profile\Default\Network\Device Bound Sessions-journal;Device Bound Sessions-journal;;otro;00_CONTROL;0;2026-09-04 22:43
00_CONTROL\.ig-profile\Default\Network\Network Persistent State;Network Persistent State;;otro;00_CONTROL;20597;2026-09-05 14:33
00_CONTROL\.ig-profile\Default\Network\NetworkDataMigrated;NetworkDataMigrated;;otro;00_CONTROL;0;2026-09-04 22:43
00_CONTROL\.ig-profile\Default\Network\Reporting and NEL;Reporting and NEL;;otro;00_CONTROL;65536;2026-09-05 11:55
00_CONTROL\.ig-profile\Default\Network\Reporting and NEL-journal;Reporting and NEL-journal;;otro;00_CONTROL;0;2026-09-05 11:55
00_CONTROL\.ig-profile\Default\Network\SCT Auditing Pending Reports;SCT Auditing Pending Reports;;otro;00_CONTROL;2;2026-09-05 11:30
00_CONTROL\.ig-profile\Default\Network\TransportSecurity;TransportSecurity;;otro;00_CONTROL;7538;2026-09-05 14:31
00_CONTROL\.ig-profile\Default\Network\Trust Tokens;Trust Tokens;;otro;00_CONTROL;36864;2026-09-04 22:43
00_CONTROL\.ig-profile\Default\Network\Trust Tokens-journal;Trust Tokens-journal;;otro;00_CONTROL;0;2026-09-04 22:43
00_CONTROL\.ig-profile\Default\PersistentOriginTrials\LOCK;LOCK;;otro;00_CONTROL;0;2026-09-04 22:43
00_CONTROL\.ig-profile\Default\PersistentOriginTrials\LOG;LOG;;otro;00_CONTROL;0;2026-09-05 11:30
00_CONTROL\.ig-profile\Default\PersistentOriginTrials\LOG.old;LOG.old;.old;otro;00_CONTROL;0;2026-09-05 11:14
00_CONTROL\.ig-profile\Default\Preferences;Preferences;;otro;00_CONTROL;28263;2026-09-05 14:33
00_CONTROL\.ig-profile\Default\PreferredApps;PreferredApps;;otro;00_CONTROL;33;2026-09-04 22:43
00_CONTROL\.ig-profile\Default\README;README;;otro;00_CONTROL;164;2026-09-04 22:43
00_CONTROL\.ig-profile\Default\Rewards.log;Rewards.log;.log;otro;00_CONTROL;1539;2026-09-05 11:30
00_CONTROL\.ig-profile\Default\Safe Browsing Network\NetworkDataMigrated;NetworkDataMigrated;;otro;00_CONTROL;0;2026-09-05 02:43
00_CONTROL\.ig-profile\Default\Secure Preferences;Secure Preferences;;otro;00_CONTROL;10874;2026-09-05 14:33
00_CONTROL\.ig-profile\Default\ServerCertificate;ServerCertificate;;otro;00_CONTROL;20480;2026-09-04 22:43
00_CONTROL\.ig-profile\Default\ServerCertificate-journal;ServerCertificate-journal;;otro;00_CONTROL;0;2026-09-04 22:43
00_CONTROL\.ig-profile\Default\Service Worker\CacheStorage\2348e52d6de9218df880d9a88ad6a5d8c2c9555c\a8cbccc6-0d68-4f67-b14f-393c3644e9ce\8f115e7edf3edaea_0;8f115e7edf3edaea_0;;otro;00_CONTROL;732;2026-09-05 11:33
00_CONTROL\.ig-profile\Default\Service Worker\CacheStorage\2348e52d6de9218df880d9a88ad6a5d8c2c9555c\a8cbccc6-0d68-4f67-b14f-393c3644e9ce\index;index;;otro;00_CONTROL;24;2026-09-04 23:26
00_CONTROL\.ig-profile\Default\Service Worker\CacheStorage\2348e52d6de9218df880d9a88ad6a5d8c2c9555c\a8cbccc6-0d68-4f67-b14f-393c3644e9ce\index-dir\the-real-index;the-real-index;;otro;00_CONTROL;72;2026-09-05 11:33
00_CONTROL\.ig-profile\Default\Service Worker\CacheStorage\2348e52d6de9218df880d9a88ad6a5d8c2c9555c\aae15319-fb8f-4c94-9164-2f43e46029f3\b23c6762cf5da770_0;b23c6762cf5da770_0;;otro;00_CONTROL;317;2026-09-05 11:33
00_CONTROL\.ig-profile\Default\Service Worker\CacheStorage\2348e52d6de9218df880d9a88ad6a5d8c2c9555c\aae15319-fb8f-4c94-9164-2f43e46029f3\index;index;;otro;00_CONTROL;24;2026-09-04 23:26
00_CONTROL\.ig-profile\Default\Service Worker\CacheStorage\2348e52d6de9218df880d9a88ad6a5d8c2c9555c\aae15319-fb8f-4c94-9164-2f43e46029f3\index-dir\the-real-index;the-real-index;;otro;00_CONTROL;72;2026-09-05 11:33
00_CONTROL\.ig-profile\Default\Service Worker\CacheStorage\2348e52d6de9218df880d9a88ad6a5d8c2c9555c\index.txt;index.txt;.txt;documento;00_CONTROL;249;2026-09-05 11:33
00_CONTROL\.ig-profile\Default\Service Worker\CacheStorage\579544fd7d0441717f082c9eb123588966aa57ac\376dad3c-7575-4414-bf91-0951222264d0\29213d2ab33b53bc_0;29213d2ab33b53bc_0;;otro;00_CONTROL;306016;2026-09-05 00:57
00_CONTROL\.ig-profile\Default\Service Worker\CacheStorage\579544fd7d0441717f082c9eb123588966aa57ac\376dad3c-7575-4414-bf91-0951222264d0\index;index;;otro;00_CONTROL;24;2026-09-05 00:57
00_CONTROL\.ig-profile\Default\Service Worker\CacheStorage\579544fd7d0441717f082c9eb123588966aa57ac\376dad3c-7575-4414-bf91-0951222264d0\index-dir\the-real-index;the-real-index;;otro;00_CONTROL;72;2026-09-05 00:58
00_CONTROL\.ig-profile\Default\Service Worker\CacheStorage\579544fd7d0441717f082c9eb123588966aa57ac\6febcb6a-5b68-4d58-844e-556b6415f673\00f5cbda99cc119e_0;00f5cbda99cc119e_0;;otro;00_CONTROL;1462909;2026-09-05 00:57
00_CONTROL\.ig-profile\Default\Service Worker\CacheStorage\579544fd7d0441717f082c9eb123588966aa57ac\6febcb6a-5b68-4d58-844e-556b6415f673\6cb5fa5961ca7c46_0;6cb5fa5961ca7c46_0;;otro;00_CONTROL;44597;2026-09-05 00:57
00_CONTROL\.ig-profile\Default\Service Worker\CacheStorage\579544fd7d0441717f082c9eb123588966aa57ac\6febcb6a-5b68-4d58-844e-556b6415f673\b18fe35c2fd5b129_0;b18fe35c2fd5b129_0;;otro;00_CONTROL;1842160;2026-09-05 00:57
00_CONTROL\.ig-profile\Default\Service Worker\CacheStorage\579544fd7d0441717f082c9eb123588966aa57ac\6febcb6a-5b68-4d58-844e-556b6415f673\fdd71d9ec13123e0_0;fdd71d9ec13123e0_0;;otro;00_CONTROL;1500447;2026-09-05 00:57
00_CONTROL\.ig-profile\Default\Service Worker\CacheStorage\579544fd7d0441717f082c9eb123588966aa57ac\6febcb6a-5b68-4d58-844e-556b6415f673\index;index;;otro;00_CONTROL;24;2026-09-05 00:57
00_CONTROL\.ig-profile\Default\Service Worker\CacheStorage\579544fd7d0441717f082c9eb123588966aa57ac\6febcb6a-5b68-4d58-844e-556b6415f673\index-dir\the-real-index;the-real-index;;otro;00_CONTROL;144;2026-09-05 00:57
00_CONTROL\.ig-profile\Default\Service Worker\CacheStorage\579544fd7d0441717f082c9eb123588966aa57ac\70b31a3c-9c62-42ae-936f-bbc365817254\010090a4715f7982_0;010090a4715f7982_0;;otro;00_CONTROL;1579;2026-09-05 00:57
00_CONTROL\.ig-profile\Default\Service Worker\CacheStorage\579544fd7d0441717f082c9eb123588966aa57ac\70b31a3c-9c62-42ae-936f-bbc365817254\0178ed80ba166694_0;0178ed80ba166694_0;;otro;00_CONTROL;1430;2026-09-05 00:58
00_CONTROL\.ig-profile\Default\Service Worker\CacheStorage\579544fd7d0441717f082c9eb123588966aa57ac\70b31a3c-9c62-42ae-936f-bbc365817254\01d1bd9d3481613b_0;01d1bd9d3481613b_0;;otro;00_CONTROL;1527;2026-09-05 00:57
00_CONTROL\.ig-profile\Default\Service Worker\CacheStorage\579544fd7d0441717f082c9eb123588966aa57ac\70b31a3c-9c62-42ae-936f-bbc365817254\028a34c713cffa8e_0;028a34c713cffa8e_0;;otro;00_CONTROL;1423;2026-09-05 00:58
00_CONTROL\.ig-profile\Default\Service Worker\CacheStorage\579544fd7d0441717f082c9eb123588966aa57ac\70b31a3c-9c62-42ae-936f-bbc365817254\029acfe340af5384_0;029acfe340af5384_0;;otro;00_CONTROL;1410;2026-09-05 00:58
00_CONTROL\.ig-profile\Default\Service Worker\CacheStorage\579544fd7d0441717f082c9eb123588966aa57ac\70b31a3c-9c62-42ae-936f-bbc365817254\0325bbbffc847ef9_0;0325bbbffc847ef9_0;;otro;00_CONTROL;1391;2026-09-05 00:58
00_CONTROL\.ig-profile\Default\Service Worker\CacheStorage\579544fd7d0441717f082c9eb123588966aa57ac\70b31a3c-9c62-42ae-936f-bbc365817254\03bc795eaff9b5cd_0;03bc795eaff9b5cd_0;;otro;00_CONTROL;1361;2026-09-05 00:57
00_CONTROL\.ig-profile\Default\Service Worker\CacheStorage\579544fd7d0441717f082c9eb123588966aa57ac\70b31a3c-9c62-42ae-936f-bbc365817254\03de6d80e67b0c21_0;03de6d80e67b0c21_0;;otro;00_CONTROL;1396;2026-09-05 00:57
00_CONTROL\.ig-profile\Default\Service Worker\CacheStorage\579544fd7d0441717f082c9eb123588966aa57ac\70b31a3c-9c62-42ae-936f-bbc365817254\03e814ec520f66f0_0;03e814ec520f66f0_0;;otro;00_CONTROL;1380;2026-09-05 00:58
00_CONTROL\.ig-profile\Default\Service Worker\CacheStorage\579544fd7d0441717f082c9eb123588966aa57ac\70b31a3c-9c62-42ae-936f-bbc365817254\0566c36e9d66c629_0;0566c36e9d66c629_0;;otro;00_CONTROL;1437;2026-09-05 00:58
00_CONTROL\.ig-profile\Default\Service Worker\CacheStorage\579544fd7d0441717f082c9eb123588966aa57ac\70b31a3c-9c62-42ae-936f-bbc365817254\05adfe7bf452189e_0;05adfe7bf452189e_0;;otro;00_CONTROL;1392;2026-09-05 00:57
00_CONTROL\.ig-profile\Default\Service Worker\CacheStorage\579544fd7d0441717f082c9eb123588966aa57ac\70b31a3c-9c62-42ae-936f-bbc365817254\06693067e337341a_0;06693067e337341a_0;;otro;00_CONTROL;1328;2026-09-05 00:57
00_CONTROL\.ig-profile\Default\Service Worker\CacheStorage\579544fd7d0441717f082c9eb123588966aa57ac\70b31a3c-9c62-42ae-936f-bbc365817254\06b37557aa4cd1fd_0;06b37557aa4cd1fd_0;;otro;00_CONTROL;1471;2026-09-05 00:58
00_CONTROL\.ig-profile\Default\Service Worker\CacheStorage\579544fd7d0441717f082c9eb123588966aa57ac\70b31a3c-9c62-42ae-936f-bbc365817254\07274db1f47b1bb4_0;07274db1f47b1bb4_0;;otro;00_CONTROL;1512;2026-09-05 00:58
00_CONTROL\.ig-profile\Default\Service Worker\CacheStorage\579544fd7d0441717f082c9eb123588966aa57ac\70b31a3c-9c62-42ae-936f-bbc365817254\077a9cbf6788c7d1_0;077a9cbf6788c7d1_0;;otro;00_CONTROL;1284;2026-09-05 00:57
00_CONTROL\.ig-profile\Default\Service Worker\CacheStorage\579544fd7d0441717f082c9eb123588966aa57ac\70b31a3c-9c62-42ae-936f-bbc365817254\07df800e6fd2e4b5_0;07df800e6fd2e4b5_0;;otro;00_CONTROL;1446;2026-09-05 00:58
00_CONTROL\.ig-profile\Default\Service Worker\CacheStorage\579544fd7d0441717f082c9eb123588966aa57ac\70b31a3c-9c62-42ae-936f-bbc365817254\0809a6f55fed9f3d_0;0809a6f55fed9f3d_0;;otro;00_CONTROL;1352;2026-09-05 00:57
00_CONTROL\.ig-profile\Default\Service Worker\CacheStorage\579544fd7d0441717f082c9eb123588966aa57ac\70b31a3c-9c62-42ae-936f-bbc365817254\08621f8de27fc09d_0;08621f8de27fc09d_0;;otro;00_CONTROL;1491;2026-09-05 00:58
00_CONTROL\.ig-profile\Default\Service Worker\CacheStorage\579544fd7d0441717f082c9eb123588966aa57ac\70b31a3c-9c62-42ae-936f-bbc365817254\08c00414b0740128_0;08c00414b0740128_0;;otro;00_CONTROL;1632;2026-09-05 00:58
00_CONTROL\.ig-profile\Default\Service Worker\CacheStorage\579544fd7d0441717f082c9eb123588966aa57ac\70b31a3c-9c62-42ae-936f-bbc365817254\08ff00bec6ec0013_0;08ff00bec6ec0013_0;;otro;00_CONTROL;1590;2026-09-05 00:57
00_CONTROL\.ig-profile\Default\Service Worker\CacheStorage\579544fd7d0441717f082c9eb123588966aa57ac\70b31a3c-9c62-42ae-936f-bbc365817254\097055410aa8a2ba_0;097055410aa8a2ba_0;;otro;00_CONTROL;1336;2026-09-05 00:57
00_CONTROL\.ig-profile\Default\Service Worker\CacheStorage\579544fd7d0441717f082c9eb123588966aa57ac\70b31a3c-9c62-42ae-936f-bbc365817254\0a8fb9475f3b996b_0;0a8fb9475f3b996b_0;;otro;00_CONTROL;1387;2026-09-05 00:58
00_CONTROL\.ig-profile\Default\Service Worker\CacheStorage\579544fd7d0441717f082c9eb123588966aa57ac\70b31a3c-9c62-42ae-936f-bbc365817254\0ab70eadeaf07b89_0;0ab70eadeaf07b89_0;;otro;00_CONTROL;1409;2026-09-05 00:57
00_CONTROL\.ig-profile\Default\Service Worker\CacheStorage\579544fd7d0441717f082c9eb123588966aa57ac\70b31a3c-9c62-42ae-936f-bbc365817254\0ac6ce1f2227e805_0;0ac6ce1f2227e805_0;;otro;00_CONTROL;1340;2026-09-05 00:57
00_CONTROL\.ig-profile\Default\Service Worker\CacheStorage\579544fd7d0441717f082c9eb123588966aa57ac\70b31a3c-9c62-42ae-936f-bbc365817254\0ac92cfcd164c6aa_0;0ac92cfcd164c6aa_0;;otro;00_CONTROL;1417;2026-09-05 00:58
00_CONTROL\.ig-profile\Default\Service Worker\CacheStorage\579544fd7d0441717f082c9eb123588966aa57ac\70b31a3c-9c62-42ae-936f-bbc365817254\0b0f1db4427bcd14_0;0b0f1db4427bcd14_0;;otro;00_CONTROL;1190;2026-09-05 00:57
00_CONTROL\.ig-profile\Default\Service Worker\CacheStorage\579544fd7d0441717f082c9eb123588966aa57ac\70b31a3c-9c62-42ae-936f-bbc365817254\0b6b46031efba167_0;0b6b46031efba167_0;;otro;00_CONTROL;1508;2026-09-05 00:58
00_CONTROL\.ig-profile\Default\Service Worker\CacheStorage\579544fd7d0441717f082c9eb123588966aa57ac\70b31a3c-9c62-42ae-936f-bbc365817254\0b6c9873335e9d78_0;0b6c9873335e9d78_0;;otro;00_CONTROL;1448;2026-09-05 00:58
00_CONTROL\.ig-profile\Default\Service Worker\CacheStorage\579544fd7d0441717f082c9eb123588966aa57ac\70b31a3c-9c62-42ae-936f-bbc365817254\0b78ec7f18bf27f8_0;0b78ec7f18bf27f8_0;;otro;00_CONTROL;1318;2026-09-05 00:57
00_CONTROL\.ig-profile\Default\Service Worker\CacheStorage\579544fd7d0441717f082c9eb123588966aa57ac\70b31a3c-9c62-42ae-936f-bbc365817254\0c1f9942b5049920_0;0c1f9942b5049920_0;;otro;00_CONTROL;1498;2026-09-05 00:58
00_CONTROL\.ig-profile\Default\Service Worker\CacheStorage\579544fd7d0441717f082c9eb123588966aa57ac\70b31a3c-9c62-42ae-936f-bbc365817254\0d5b342f3c27ae46_0;0d5b342f3c27ae46_0;;otro;00_CONTROL;1478;2026-09-05 00:58
00_CONTROL\.ig-profile\Default\Service Worker\CacheStorage\579544fd7d0441717f082c9eb123588966aa57ac\70b31a3c-9c62-42ae-936f-bbc365817254\0d706a3735b5c179_0;0d706a3735b5c179_0;;otro;00_CONTROL;1337;2026-09-05 00:57
00_CONTROL\.ig-profile\Default\Service Worker\CacheStorage\579544fd7d0441717f082c9eb123588966aa57ac\70b31a3c-9c62-42ae-936f-bbc365817254\0dd991f1c793b330_0;0dd991f1c793b330_0;;otro;00_CONTROL;1398;2026-09-05 00:57
00_CONTROL\.ig-profile\Default\Service Worker\CacheStorage\579544fd7d0441717f082c9eb123588966aa57ac\70b31a3c-9c62-42ae-936f-bbc365817254\0ed0588b1aeed822_0;0ed0588b1aeed822_0;;otro;00_CONTROL;1357;2026-09-05 00:58
00_CONTROL\.ig-profile\Default\Service Worker\CacheStorage\579544fd7d0441717f082c9eb123588966aa57ac\70b31a3c-9c62-42ae-936f-bbc365817254\10a6de262188cabc_0;10a6de262188cabc_0;;otro;00_CONTROL;1382;2026-09-05 00:57
00_CONTROL\.ig-profile\Default\Service Worker\CacheStorage\579544fd7d0441717f082c9eb123588966aa57ac\70b31a3c-9c62-42ae-936f-bbc365817254\11ff41e2c72c2a0b_0;11ff41e2c72c2a0b_0;;otro;00_CONTROL;1395;2026-09-05 00:58
00_CONTROL\.ig-profile\Default\Service Worker\CacheStorage\579544fd7d0441717f082c9eb123588966aa57ac\70b31a3c-9c62-42ae-936f-bbc365817254\1326682a85b8839c_0;1326682a85b8839c_0;;otro;00_CONTROL;1329;2026-09-05 00:57
00_CONTROL\.ig-profile\Default\Service Worker\CacheStorage\579544fd7d0441717f082c9eb123588966aa57ac\70b31a3c-9c62-42ae-936f-bbc365817254\13e636b6c483e1b5_0;13e636b6c483e1b5_0;;otro;00_CONTROL;1378;2026-09-05 00:58
00_CONTROL\.ig-profile\Default\Service Worker\CacheStorage\579544fd7d0441717f082c9eb123588966aa57ac\70b31a3c-9c62-42ae-936f-bbc365817254\164a06b5da754d80_0;164a06b5da754d80_0;;otro;00_CONTROL;1593;2026-09-05 00:57
00_CONTROL\.ig-profile\Default\Service Worker\CacheStorage\579544fd7d0441717f082c9eb123588966aa57ac\70b31a3c-9c62-42ae-936f-bbc365817254\1651158d19b17e1a_0;1651158d19b17e1a_0;;otro;00_CONTROL;1484;2026-09-05 00:58
00_CONTROL\.ig-profile\Default\Service Worker\CacheStorage\579544fd7d0441717f082c9eb123588966aa57ac\70b31a3c-9c62-42ae-936f-bbc365817254\16a55b1b63681512_0;16a55b1b63681512_0;;otro;00_CONTROL;1332;2026-09-05 00:58
00_CONTROL\.ig-profile\Default\Service Worker\CacheStorage\579544fd7d0441717f082c9eb123588966aa57ac\70b31a3c-9c62-42ae-936f-bbc365817254\1797898dbf9abe3d_0;1797898dbf9abe3d_0;;otro;00_CONTROL;1747;2026-09-05 00:58
00_CONTROL\.ig-profile\Default\Service Worker\CacheStorage\579544fd7d0441717f082c9eb123588966aa57ac\70b31a3c-9c62-42ae-936f-bbc365817254\1848b8431f464bbc_0;1848b8431f464bbc_0;;otro;00_CONTROL;1353;2026-09-05 00:57
00_CONTROL\.ig-profile\Default\Service Worker\CacheStorage\579544fd7d0441717f082c9eb123588966aa57ac\70b31a3c-9c62-42ae-936f-bbc365817254\18d0a3e4115b15f9_0;18d0a3e4115b15f9_0;;otro;00_CONTROL;1213;2026-09-05 00:58
00_CONTROL\.ig-profile\Default\Service Worker\CacheStorage\579544fd7d0441717f082c9eb123588966aa57ac\70b31a3c-9c62-42ae-936f-bbc365817254\18ecd22745dd139f_0;18ecd22745dd139f_0;;otro;00_CONTROL;1394;2026-09-05 00:58
00_CONTROL\.ig-profile\Default\Service Worker\CacheStorage\579544fd7d0441717f082c9eb123588966aa57ac\70b31a3c-9c62-42ae-936f-bbc365817254\197548d334d866a6_0;197548d334d866a6_0;;otro;00_CONTROL;1593;2026-09-05 00:57
00_CONTROL\.ig-profile\Default\Service Worker\CacheStorage\579544fd7d0441717f082c9eb123588966aa57ac\70b31a3c-9c62-42ae-936f-bbc365817254\1b75cec76c4aed75_0;1b75cec76c4aed75_0;;otro;00_CONTROL;1308;2026-09-05 00:58
00_CONTROL\.ig-profile\Default\Service Worker\CacheStorage\579544fd7d0441717f082c9eb123588966aa57ac\70b31a3c-9c62-42ae-936f-bbc365817254\1b90a8d8469ff377_0;1b90a8d8469ff377_0;;otro;00_CONTROL;1331;2026-09-05 00:58
00_CONTROL\.ig-profile\Default\Service Worker\CacheStorage\579544fd7d0441717f082c9eb123588966aa57ac\70b31a3c-9c62-42ae-936f-bbc365817254\1bf9b16217d3cd8e_0;1bf9b16217d3cd8e_0;;otro;00_CONTROL;1640;2026-09-05 00:58
00_CONTROL\.ig-profile\Default\Service Worker\CacheStorage\579544fd7d0441717f082c9eb123588966aa57ac\70b31a3c-9c62-42ae-936f-bbc365817254\1cdf58bab8d09377_0;1cdf58bab8d09377_0;;otro;00_CONTROL;1438;2026-09-05 00:57
00_CONTROL\.ig-profile\Default\Service Worker\CacheStorage\579544fd7d0441717f082c9eb123588966aa57ac\70b31a3c-9c62-42ae-936f-bbc365817254\1d8d40c8bd53afc0_0;1d8d40c8bd53afc0_0;;otro;00_CONTROL;5288;2026-09-05 00:57
00_CONTROL\.ig-profile\Default\Service Worker\CacheStorage\579544fd7d0441717f082c9eb123588966aa57ac\70b31a3c-9c62-42ae-936f-bbc365817254\1f64274428bc3ad0_0;1f64274428bc3ad0_0;;otro;00_CONTROL;1413;2026-09-05 00:57
00_CONTROL\.ig-profile\Default\Service Worker\CacheStorage\579544fd7d0441717f082c9eb123588966aa57ac\70b31a3c-9c62-42ae-936f-bbc365817254\1fb712b8196b1476_0;1fb712b8196b1476_0;;otro;00_CONTROL;1391;2026-09-05 00:58
00_CONTROL\.ig-profile\Default\Service Worker\CacheStorage\579544fd7d0441717f082c9eb123588966aa57ac\70b31a3c-9c62-42ae-936f-bbc365817254\1ff0767ed2f79efa_0;1ff0767ed2f79efa_0;;otro;00_CONTROL;1395;2026-09-05 00:57
00_CONTROL\.ig-profile\Default\Service Worker\CacheStorage\579544fd7d0441717f082c9eb123588966aa57ac\70b31a3c-9c62-42ae-936f-bbc365817254\2162042b78dab24e_0;2162042b78dab24e_0;;otro;00_CONTROL;1507;2026-09-05 00:57
00_CONTROL\.ig-profile\Default\Service Worker\CacheStorage\579544fd7d0441717f082c9eb123588966aa57ac\70b31a3c-9c62-42ae-936f-bbc365817254\226d42dee542a505_0;226d42dee542a505_0;;otro;00_CONTROL;1581;2026-09-05 00:58
00_CONTROL\.ig-profile\Default\Service Worker\CacheStorage\579544fd7d0441717f082c9eb123588966aa57ac\70b31a3c-9c62-42ae-936f-bbc365817254\2291a5b924b9e143_0;2291a5b924b9e143_0;;otro;00_CONTROL;1475;2026-09-05 00:57
00_CONTROL\.ig-profile\Default\Service Worker\CacheStorage\579544fd7d0441717f082c9eb123588966aa57ac\70b31a3c-9c62-42ae-936f-bbc365817254\244ff8db75afbcee_0;244ff8db75afbcee_0;;otro;00_CONTROL;1375;2026-09-05 00:57
00_CONTROL\.ig-profile\Default\Service Worker\CacheStorage\579544fd7d0441717f082c9eb123588966aa57ac\70b31a3c-9c62-42ae-936f-bbc365817254\24692dc296675274_0;24692dc296675274_0;;otro;00_CONTROL;1390;2026-09-05 00:58
00_CONTROL\.ig-profile\Default\Service Worker\CacheStorage\579544fd7d0441717f082c9eb123588966aa57ac\70b31a3c-9c62-42ae-936f-bbc365817254\261fb8495be0de84_0;261fb8495be0de84_0;;otro;00_CONTROL;1407;2026-09-05 00:57
00_CONTROL\.ig-profile\Default\Service Worker\CacheStorage\579544fd7d0441717f082c9eb123588966aa57ac\70b31a3c-9c62-42ae-936f-bbc365817254\26e40f14db914a7d_0;26e40f14db914a7d_0;;otro;00_CONTROL;1556;2026-09-05 00:58
00_CONTROL\.ig-profile\Default\Service Worker\CacheStorage\579544fd7d0441717f082c9eb123588966aa57ac\70b31a3c-9c62-42ae-936f-bbc365817254\27ae31930a5f4c88_0;27ae31930a5f4c88_0;;otro;00_CONTROL;1730;2026-09-05 00:57
00_CONTROL\.ig-profile\Default\Service Worker\CacheStorage\579544fd7d0441717f082c9eb123588966aa57ac\70b31a3c-9c62-42ae-936f-bbc365817254\27feded4fc28f7b1_0;27feded4fc28f7b1_0;;otro;00_CONTROL;2825;2026-09-05 00:57
00_CONTROL\.ig-profile\Default\Service Worker\CacheStorage\579544fd7d0441717f082c9eb123588966aa57ac\70b31a3c-9c62-42ae-936f-bbc365817254\283a01c1fd5fcc90_0;283a01c1fd5fcc90_0;;otro;00_CONTROL;1593;2026-09-05 00:58
00_CONTROL\.ig-profile\Default\Service Worker\CacheStorage\579544fd7d0441717f082c9eb123588966aa57ac\70b31a3c-9c62-42ae-936f-bbc365817254\28a1a4eb95900cc5_0;28a1a4eb95900cc5_0;;otro;00_CONTROL;1355;2026-09-05 00:57
00_CONTROL\.ig-profile\Default\Service Worker\CacheStorage\579544fd7d0441717f082c9eb123588966aa57ac\70b31a3c-9c62-42ae-936f-bbc365817254\28aeb8e6927f88bf_0;28aeb8e6927f88bf_0;;otro;00_CONTROL;1465;2026-09-05 00:57
00_CONTROL\.ig-profile\Default\Service Worker\CacheStorage\579544fd7d0441717f082c9eb123588966aa57ac\70b31a3c-9c62-42ae-936f-bbc365817254\29bf4019111fdf9e_0;29bf4019111fdf9e_0;;otro;00_CONTROL;1391;2026-09-05 00:57
00_CONTROL\.ig-profile\Default\Service Worker\CacheStorage\579544fd7d0441717f082c9eb123588966aa57ac\70b31a3c-9c62-42ae-936f-bbc365817254\2a47eea8f2be94d4_0;2a47eea8f2be94d4_0;;otro;00_CONTROL;1347;2026-09-05 00:57
00_CONTROL\.ig-profile\Default\Service Worker\CacheStorage\579544fd7d0441717f082c9eb123588966aa57ac\70b31a3c-9c62-42ae-936f-bbc365817254\2a515c4601a460b5_0;2a515c4601a460b5_0;;otro;00_CONTROL;1520;2026-09-05 00:58
00_CONTROL\.ig-profile\Default\Service Worker\CacheStorage\579544fd7d0441717f082c9eb123588966aa57ac\70b31a3c-9c62-42ae-936f-bbc365817254\2b944482863d9787_0;2b944482863d9787_0;;otro;00_CONTROL;1394;2026-09-05 00:57
00_CONTROL\.ig-profile\Default\Service Worker\CacheStorage\579544fd7d0441717f082c9eb123588966aa57ac\70b31a3c-9c62-42ae-936f-bbc365817254\2cdeeba0c8388ef1_0;2cdeeba0c8388ef1_0;;otro;00_CONTROL;1360;2026-09-05 00:57
00_CONTROL\.ig-profile\Default\Service Worker\CacheStorage\579544fd7d0441717f082c9eb123588966aa57ac\70b31a3c-9c62-42ae-936f-bbc365817254\2dc85643336d7c98_0;2dc85643336d7c98_0;;otro;00_CONTROL;1341;2026-09-05 00:57
00_CONTROL\.ig-profile\Default\Service Worker\CacheStorage\579544fd7d0441717f082c9eb123588966aa57ac\70b31a3c-9c62-42ae-936f-bbc365817254\2dda1e0469cf29d5_0;2dda1e0469cf29d5_0;;otro;00_CONTROL;1431;2026-09-05 00:58
00_CONTROL\.ig-profile\Default\Service Worker\CacheStorage\579544fd7d0441717f082c9eb123588966aa57ac\70b31a3c-9c62-42ae-936f-bbc365817254\2e5fdb2b74aabf38_0;2e5fdb2b74aabf38_0;;otro;00_CONTROL;1399;2026-09-05 00:57
00_CONTROL\.ig-profile\Default\Service Worker\CacheStorage\579544fd7d0441717f082c9eb123588966aa57ac\70b31a3c-9c62-42ae-936f-bbc365817254\2ea26e623c043319_0;2ea26e623c043319_0;;otro;00_CONTROL;1330;2026-09-05 00:57
00_CONTROL\.ig-profile\Default\Service Worker\CacheStorage\579544fd7d0441717f082c9eb123588966aa57ac\70b31a3c-9c62-42ae-936f-bbc365817254\2ea68d59259117ae_0;2ea68d59259117ae_0;;otro;00_CONTROL;1301;2026-09-05 00:58
00_CONTROL\.ig-profile\Default\Service Worker\CacheStorage\579544fd7d0441717f082c9eb123588966aa57ac\70b31a3c-9c62-42ae-936f-bbc365817254\2ec697a6a7916a4b_0;2ec697a6a7916a4b_0;;otro;00_CONTROL;1390;2026-09-05 00:57
00_CONTROL\.ig-profile\Default\Service Worker\CacheStorage\579544fd7d0441717f082c9eb123588966aa57ac\70b31a3c-9c62-42ae-936f-bbc365817254\2f20eeb0f78a12cb_0;2f20eeb0f78a12cb_0;;otro;00_CONTROL;1430;2026-09-05 00:58
00_CONTROL\.ig-profile\Default\Service Worker\CacheStorage\579544fd7d0441717f082c9eb123588966aa57ac\70b31a3c-9c62-42ae-936f-bbc365817254\2f7904bd5ff48aa4_0;2f7904bd5ff48aa4_0;;otro;00_CONTROL;1725;2026-09-05 00:58
00_CONTROL\.ig-profile\Default\Service Worker\CacheStorage\579544fd7d0441717f082c9eb123588966aa57ac\70b31a3c-9c62-42ae-936f-bbc365817254\2fb23db919cbac4f_0;2fb23db919cbac4f_0;;otro;00_CONTROL;1409;2026-09-05 00:58
00_CONTROL\.ig-profile\Default\Service Worker\CacheStorage\579544fd7d0441717f082c9eb123588966aa57ac\70b31a3c-9c62-42ae-936f-bbc365817254\2fc8d15c7838f3d1_0;2fc8d15c7838f3d1_0;;otro;00_CONTROL;1344;2026-09-05 00:58
00_CONTROL\.ig-profile\Default\Service Worker\CacheStorage\579544fd7d0441717f082c9eb123588966aa57ac\70b31a3c-9c62-42ae-936f-bbc365817254\2ff2dc5711b5b44b_0;2ff2dc5711b5b44b_0;;otro;00_CONTROL;1347;2026-09-05 00:58
00_CONTROL\.ig-profile\Default\Service Worker\CacheStorage\579544fd7d0441717f082c9eb123588966aa57ac\70b31a3c-9c62-42ae-936f-bbc365817254\300c4a7acfaae0e6_0;300c4a7acfaae0e6_0;;otro;00_CONTROL;1414;2026-09-05 00:58
00_CONTROL\.ig-profile\Default\Service Worker\CacheStorage\579544fd7d0441717f082c9eb123588966aa57ac\70b31a3c-9c62-42ae-936f-bbc365817254\30c3f5d24b89073e_0;30c3f5d24b89073e_0;;otro;00_CONTROL;1598;2026-09-05 00:58
00_CONTROL\.ig-profile\Default\Service Worker\CacheStorage\579544fd7d0441717f082c9eb123588966aa57ac\70b31a3c-9c62-42ae-936f-bbc365817254\3146046935712b98_0;3146046935712b98_0;;otro;00_CONTROL;1566;2026-09-05 00:58
00_CONTROL\.ig-profile\Default\Service Worker\CacheStorage\579544fd7d0441717f082c9eb123588966aa57ac\70b31a3c-9c62-42ae-936f-bbc365817254\316a18f2391b96b6_0;316a18f2391b96b6_0;;otro;00_CONTROL;1336;2026-09-05 00:58
00_CONTROL\.ig-profile\Default\Service Worker\CacheStorage\579544fd7d0441717f082c9eb123588966aa57ac\70b31a3c-9c62-42ae-936f-bbc365817254\323c59764f29d1a6_0;323c59764f29d1a6_0;;otro;00_CONTROL;1381;2026-09-05 00:57
00_CONTROL\.ig-profile\Default\Service Worker\CacheStorage\579544fd7d0441717f082c9eb123588966aa57ac\70b31a3c-9c62-42ae-936f-bbc365817254\32c00850e582741e_0;32c00850e582741e_0;;otro;00_CONTROL;1450;2026-09-05 00:57
00_CONTROL\.ig-profile\Default\Service Worker\CacheStorage\579544fd7d0441717f082c9eb123588966aa57ac\70b31a3c-9c62-42ae-936f-bbc365817254\3375bf704893c9df_0;3375bf704893c9df_0;;otro;00_CONTROL;1409;2026-09-05 00:58
00_CONTROL\.ig-profile\Default\Service Worker\CacheStorage\579544fd7d0441717f082c9eb123588966aa57ac\70b31a3c-9c62-42ae-936f-bbc365817254\34d132cebace4bb8_0;34d132cebace4bb8_0;;otro;00_CONTROL;1819;2026-09-05 00:57
00_CONTROL\.ig-profile\Default\Service Worker\CacheStorage\579544fd7d0441717f082c9eb123588966aa57ac\70b31a3c-9c62-42ae-936f-bbc365817254\35b1864f8dca267e_0;35b1864f8dca267e_0;;otro;00_CONTROL;1312;2026-09-05 00:57
00_CONTROL\.ig-profile\Default\Service Worker\CacheStorage\579544fd7d0441717f082c9eb123588966aa57ac\70b31a3c-9c62-42ae-936f-bbc365817254\35c50d72a0d9abe2_0;35c50d72a0d9abe2_0;;otro;00_CONTROL;1474;2026-09-05 00:57
00_CONTROL\.ig-profile\Default\Service Worker\CacheStorage\579544fd7d0441717f082c9eb123588966aa57ac\70b31a3c-9c62-42ae-936f-bbc365817254\35d5ee3785bf2d41_0;35d5ee3785bf2d41_0;;otro;00_CONTROL;1522;2026-09-05 00:58
00_CONTROL\.ig-profile\Default\Service Worker\CacheStorage\579544fd7d0441717f082c9eb123588966aa57ac\70b31a3c-9c62-42ae-936f-bbc365817254\36b306a09b9baa69_0;36b306a09b9baa69_0;;otro;00_CONTROL;1342;2026-09-05 00:58
00_CONTROL\.ig-profile\Default\Service Worker\CacheStorage\579544fd7d0441717f082c9eb123588966aa57ac\70b31a3c-9c62-42ae-936f-bbc365817254\374ef6e0c7130fbc_0;374ef6e0c7130fbc_0;;otro;00_CONTROL;1317;2026-09-05 00:58
00_CONTROL\.ig-profile\Default\Service Worker\CacheStorage\579544fd7d0441717f082c9eb123588966aa57ac\70b31a3c-9c62-42ae-936f-bbc365817254\37b299fcd53f078a_0;37b299fcd53f078a_0;;otro;00_CONTROL;1640;2026-09-05 00:58
00_CONTROL\.ig-profile\Default\Service Worker\CacheStorage\579544fd7d0441717f082c9eb123588966aa57ac\70b31a3c-9c62-42ae-936f-bbc365817254\3a45eb408a7d9681_0;3a45eb408a7d9681_0;;otro;00_CONTROL;1337;2026-09-05 00:57
00_CONTROL\.ig-profile\Default\Service Worker\CacheStorage\579544fd7d0441717f082c9eb123588966aa57ac\70b31a3c-9c62-42ae-936f-bbc365817254\3a707dfcd239013f_0;3a707dfcd239013f_0;;otro;00_CONTROL;1713;2026-09-05 00:58
00_CONTROL\.ig-profile\Default\Service Worker\CacheStorage\579544fd7d0441717f082c9eb123588966aa57ac\70b31a3c-9c62-42ae-936f-bbc365817254\3a7363b2769e7ce9_0;3a7363b2769e7ce9_0;;otro;00_CONTROL;1419;2026-09-05 00:58
00_CONTROL\.ig-profile\Default\Service Worker\CacheStorage\579544fd7d0441717f082c9eb123588966aa57ac\70b31a3c-9c62-42ae-936f-bbc365817254\3ba354e4df139a39_0;3ba354e4df139a39_0;;otro;00_CONTROL;1466;2026-09-05 00:58
00_CONTROL\.ig-profile\Default\Service Worker\CacheStorage\579544fd7d0441717f082c9eb123588966aa57ac\70b31a3c-9c62-42ae-936f-bbc365817254\3c150c2dd87fd6e8_0;3c150c2dd87fd6e8_0;;otro;00_CONTROL;1547;2026-09-05 00:57
00_CONTROL\.ig-profile\Default\Service Worker\CacheStorage\579544fd7d0441717f082c9eb123588966aa57ac\70b31a3c-9c62-42ae-936f-bbc365817254\3c6a323d9eaf2d02_0;3c6a323d9eaf2d02_0;;otro;00_CONTROL;1415;2026-09-05 00:57
00_CONTROL\.ig-profile\Default\Service Worker\CacheStorage\579544fd7d0441717f082c9eb123588966aa57ac\70b31a3c-9c62-42ae-936f-bbc365817254\3cbf65811b564b6e_0;3cbf65811b564b6e_0;;otro;00_CONTROL;1412;2026-09-05 00:57
00_CONTROL\.ig-profile\Default\Service Worker\CacheStorage\579544fd7d0441717f082c9eb123588966aa57ac\70b31a3c-9c62-42ae-936f-bbc365817254\3cc5185e299fa410_0;3cc5185e299fa410_0;;otro;00_CONTROL;2776;2026-09-05 00:57
00_CONTROL\.ig-profile\Default\Service Worker\CacheStorage\579544fd7d0441717f082c9eb123588966aa57ac\70b31a3c-9c62-42ae-936f-bbc365817254\3d2883b151058934_0;3d2883b151058934_0;;otro;00_CONTROL;1347;2026-09-05 00:58
00_CONTROL\.ig-profile\Default\Service Worker\CacheStorage\579544fd7d0441717f082c9eb123588966aa57ac\70b31a3c-9c62-42ae-936f-bbc365817254\3d9cc84221ab7d0e_0;3d9cc84221ab7d0e_0;;otro;00_CONTROL;1375;2026-09-05 00:57
00_CONTROL\.ig-profile\Default\Service Worker\CacheStorage\579544fd7d0441717f082c9eb123588966aa57ac\70b31a3c-9c62-42ae-936f-bbc365817254\3db535d43555d95d_0;3db535d43555d95d_0;;otro;00_CONTROL;1423;2026-09-05 00:57
00_CONTROL\.ig-profile\Default\Service Worker\CacheStorage\579544fd7d0441717f082c9eb123588966aa57ac\70b31a3c-9c62-42ae-936f-bbc365817254\3e083bdfa59388de_0;3e083bdfa59388de_0;;otro;00_CONTROL;1477;2026-09-05 00:57
00_CONTROL\.ig-profile\Default\Service Worker\CacheStorage\579544fd7d0441717f082c9eb123588966aa57ac\70b31a3c-9c62-42ae-936f-bbc365817254\3e6b96474e4cd9e2_0;3e6b96474e4cd9e2_0;;otro;00_CONTROL;1409;2026-09-05 00:57
00_CONTROL\.ig-profile\Default\Service Worker\CacheStorage\579544fd7d0441717f082c9eb123588966aa57ac\70b31a3c-9c62-42ae-936f-bbc365817254\3e8f5891b6a76580_0;3e8f5891b6a76580_0;;otro;00_CONTROL;1357;2026-09-05 00:57
00_CONTROL\.ig-profile\Default\Service Worker\CacheStorage\579544fd7d0441717f082c9eb123588966aa57ac\70b31a3c-9c62-42ae-936f-bbc365817254\3ee555b7d09662f9_0;3ee555b7d09662f9_0;;otro;00_CONTROL;1475;2026-09-05 00:57
00_CONTROL\.ig-profile\Default\Service Worker\CacheStorage\579544fd7d0441717f082c9eb123588966aa57ac\70b31a3c-9c62-42ae-936f-bbc365817254\3f7ed6652d14748c_0;3f7ed6652d14748c_0;;otro;00_CONTROL;1349;2026-09-05 00:57
00_CONTROL\.ig-profile\Default\Service Worker\CacheStorage\579544fd7d0441717f082c9eb123588966aa57ac\70b31a3c-9c62-42ae-936f-bbc365817254\3fa3b9230004c5ac_0;3fa3b9230004c5ac_0;;otro;00_CONTROL;1492;2026-09-05 00:58
00_CONTROL\.ig-profile\Default\Service Worker\CacheStorage\579544fd7d0441717f082c9eb123588966aa57ac\70b31a3c-9c62-42ae-936f-bbc365817254\40000ad0b2717f89_0;40000ad0b2717f89_0;;otro;00_CONTROL;1362;2026-09-05 00:57
00_CONTROL\.ig-profile\Default\Service Worker\CacheStorage\579544fd7d0441717f082c9eb123588966aa57ac\70b31a3c-9c62-42ae-936f-bbc365817254\401c9ecb66380e7d_0;401c9ecb66380e7d_0;;otro;00_CONTROL;1369;2026-09-05 00:58
00_CONTROL\.ig-profile\Default\Service Worker\CacheStorage\579544fd7d0441717f082c9eb123588966aa57ac\70b31a3c-9c62-42ae-936f-bbc365817254\403b044f976196b0_0;403b044f976196b0_0;;otro;00_CONTROL;1379;2026-09-05 00:58
00_CONTROL\.ig-profile\Default\Service Worker\CacheStorage\579544fd7d0441717f082c9eb123588966aa57ac\70b31a3c-9c62-42ae-936f-bbc365817254\405dcfa581a33f6f_0;405dcfa581a33f6f_0;;otro;00_CONTROL;2150;2026-09-05 00:58
00_CONTROL\.ig-profile\Default\Service Worker\CacheStorage\579544fd7d0441717f082c9eb123588966aa57ac\70b31a3c-9c62-42ae-936f-bbc365817254\40e5dd3864b40061_0;40e5dd3864b40061_0;;otro;00_CONTROL;1331;2026-09-05 00:57
00_CONTROL\.ig-profile\Default\Service Worker\CacheStorage\579544fd7d0441717f082c9eb123588966aa57ac\70b31a3c-9c62-42ae-936f-bbc365817254\417b0661fb6da4cc_0;417b0661fb6da4cc_0;;otro;00_CONTROL;1547;2026-09-05 00:58
00_CONTROL\.ig-profile\Default\Service Worker\CacheStorage\579544fd7d0441717f082c9eb123588966aa57ac\70b31a3c-9c62-42ae-936f-bbc365817254\4249a405b758e6b0_0;4249a405b758e6b0_0;;otro;00_CONTROL;67507;2026-09-05 00:57
00_CONTROL\.ig-profile\Default\Service Worker\CacheStorage\579544fd7d0441717f082c9eb123588966aa57ac\70b31a3c-9c62-42ae-936f-bbc365817254\43030d4dfc53606e_0;43030d4dfc53606e_0;;otro;00_CONTROL;1277;2026-09-05 00:58
00_CONTROL\.ig-profile\Default\Service Worker\CacheStorage\579544fd7d0441717f082c9eb123588966aa57ac\70b31a3c-9c62-42ae-936f-bbc365817254\434b43f63be1082a_0;434b43f63be1082a_0;;otro;00_CONTROL;1511;2026-09-05 00:58
00_CONTROL\.ig-profile\Default\Service Worker\CacheStorage\579544fd7d0441717f082c9eb123588966aa57ac\70b31a3c-9c62-42ae-936f-bbc365817254\435dc7180587c2f9_0;435dc7180587c2f9_0;;otro;00_CONTROL;1243;2026-09-05 00:58
00_CONTROL\.ig-profile\Default\Service Worker\CacheStorage\579544fd7d0441717f082c9eb123588966aa57ac\70b31a3c-9c62-42ae-936f-bbc365817254\440beaeaa3e9275f_0;440beaeaa3e9275f_0;;otro;00_CONTROL;1231;2026-09-05 00:58
00_CONTROL\.ig-profile\Default\Service Worker\CacheStorage\579544fd7d0441717f082c9eb123588966aa57ac\70b31a3c-9c62-42ae-936f-bbc365817254\44a0f1f0d4716da8_0;44a0f1f0d4716da8_0;;otro;00_CONTROL;1272;2026-09-05 00:58
00_CONTROL\.ig-profile\Default\Service Worker\CacheStorage\579544fd7d0441717f082c9eb123588966aa57ac\70b31a3c-9c62-42ae-936f-bbc365817254\44abacfeac6e3a3c_0;44abacfeac6e3a3c_0;;otro;00_CONTROL;1855;2026-09-05 00:58
00_CONTROL\.ig-profile\Default\Service Worker\CacheStorage\579544fd7d0441717f082c9eb123588966aa57ac\70b31a3c-9c62-42ae-936f-bbc365817254\461d0538bcde61a9_0;461d0538bcde61a9_0;;otro;00_CONTROL;1390;2026-09-05 00:57
00_CONTROL\.ig-profile\Default\Service Worker\CacheStorage\579544fd7d0441717f082c9eb123588966aa57ac\70b31a3c-9c62-42ae-936f-bbc365817254\462cff8c40a19469_0;462cff8c40a19469_0;;otro;00_CONTROL;1325;2026-09-05 00:57
00_CONTROL\.ig-profile\Default\Service Worker\CacheStorage\579544fd7d0441717f082c9eb123588966aa57ac\70b31a3c-9c62-42ae-936f-bbc365817254\467bfef644ed08fb_0;467bfef644ed08fb_0;;otro;00_CONTROL;1440;2026-09-05 00:57
00_CONTROL\.ig-profile\Default\Service Worker\CacheStorage\579544fd7d0441717f082c9eb123588966aa57ac\70b31a3c-9c62-42ae-936f-bbc365817254\46a7a4fd8de8ac15_0;46a7a4fd8de8ac15_0;;otro;00_CONTROL;1698;2026-09-05 00:58
00_CONTROL\.ig-profile\Default\Service Worker\CacheStorage\579544fd7d0441717f082c9eb123588966aa57ac\70b31a3c-9c62-42ae-936f-bbc365817254\46ad973d0ddad864_0;46ad973d0ddad864_0;;otro;00_CONTROL;1522;2026-09-05 00:58
00_CONTROL\.ig-profile\Default\Service Worker\CacheStorage\579544fd7d0441717f082c9eb123588966aa57ac\70b31a3c-9c62-42ae-936f-bbc365817254\47317d65fc0a6c95_0;47317d65fc0a6c95_0;;otro;00_CONTROL;1559;2026-09-05 00:58
00_CONTROL\.ig-profile\Default\Service Worker\CacheStorage\579544fd7d0441717f082c9eb123588966aa57ac\70b31a3c-9c62-42ae-936f-bbc365817254\473d8294e4f39459_0;473d8294e4f39459_0;;otro;00_CONTROL;1378;2026-09-05 00:58
00_CONTROL\.ig-profile\Default\Service Worker\CacheStorage\579544fd7d0441717f082c9eb123588966aa57ac\70b31a3c-9c62-42ae-936f-bbc365817254\47409dfcbc7bc816_0;47409dfcbc7bc816_0;;otro;00_CONTROL;1659;2026-09-05 00:58
00_CONTROL\.ig-profile\Default\Service Worker\CacheStorage\579544fd7d0441717f082c9eb123588966aa57ac\70b31a3c-9c62-42ae-936f-bbc365817254\47974f690887fe0b_0;47974f690887fe0b_0;;otro;00_CONTROL;1393;2026-09-05 00:58
00_CONTROL\.ig-profile\Default\Service Worker\CacheStorage\579544fd7d0441717f082c9eb123588966aa57ac\70b31a3c-9c62-42ae-936f-bbc365817254\47c5c28cdfafc410_0;47c5c28cdfafc410_0;;otro;00_CONTROL;1537;2026-09-05 00:57
00_CONTROL\.ig-profile\Default\Service Worker\CacheStorage\579544fd7d0441717f082c9eb123588966aa57ac\70b31a3c-9c62-42ae-936f-bbc365817254\48ebd49fcb59fa62_0;48ebd49fcb59fa62_0;;otro;00_CONTROL;1304;2026-09-05 00:58
00_CONTROL\.ig-profile\Default\Service Worker\CacheStorage\579544fd7d0441717f082c9eb123588966aa57ac\70b31a3c-9c62-42ae-936f-bbc365817254\491eed5273dbc6f8_0;491eed5273dbc6f8_0;;otro;00_CONTROL;1510;2026-09-05 00:58
00_CONTROL\.ig-profile\Default\Service Worker\CacheStorage\579544fd7d0441717f082c9eb123588966aa57ac\70b31a3c-9c62-42ae-936f-bbc365817254\49380de47cda0142_0;49380de47cda0142_0;;otro;00_CONTROL;1420;2026-09-05 00:58
00_CONTROL\.ig-profile\Default\Service Worker\CacheStorage\579544fd7d0441717f082c9eb123588966aa57ac\70b31a3c-9c62-42ae-936f-bbc365817254\49be4907b4618b49_0;49be4907b4618b49_0;;otro;00_CONTROL;1511;2026-09-05 00:58
00_CONTROL\.ig-profile\Default\Service Worker\CacheStorage\579544fd7d0441717f082c9eb123588966aa57ac\70b31a3c-9c62-42ae-936f-bbc365817254\4a351c50eda1dabe_0;4a351c50eda1dabe_0;;otro;00_CONTROL;1352;2026-09-05 00:57
00_CONTROL\.ig-profile\Default\Service Worker\CacheStorage\579544fd7d0441717f082c9eb123588966aa57ac\70b31a3c-9c62-42ae-936f-bbc365817254\4a762ea7b29f0040_0;4a762ea7b29f0040_0;;otro;00_CONTROL;1418;2026-09-05 00:57
00_CONTROL\.ig-profile\Default\Service Worker\CacheStorage\579544fd7d0441717f082c9eb123588966aa57ac\70b31a3c-9c62-42ae-936f-bbc365817254\4aefc6516c8f09ef_0;4aefc6516c8f09ef_0;;otro;00_CONTROL;1422;2026-09-05 00:58
00_CONTROL\.ig-profile\Default\Service Worker\CacheStorage\579544fd7d0441717f082c9eb123588966aa57ac\70b31a3c-9c62-42ae-936f-bbc365817254\4af99deb3627b3af_0;4af99deb3627b3af_0;;otro;00_CONTROL;1357;2026-09-05 00:57
00_CONTROL\.ig-profile\Default\Service Worker\CacheStorage\579544fd7d0441717f082c9eb123588966aa57ac\70b31a3c-9c62-42ae-936f-bbc365817254\4b3718bc5ce62ed0_0;4b3718bc5ce62ed0_0;;otro;00_CONTROL;1524;2026-09-05 00:57
00_CONTROL\.ig-profile\Default\Service Worker\CacheStorage\579544fd7d0441717f082c9eb123588966aa57ac\70b31a3c-9c62-42ae-936f-bbc365817254\4cd488b0eb39b812_0;4cd488b0eb39b812_0;;otro;00_CONTROL;1379;2026-09-05 00:58
00_CONTROL\.ig-profile\Default\Service Worker\CacheStorage\579544fd7d0441717f082c9eb123588966aa57ac\70b31a3c-9c62-42ae-936f-bbc365817254\4ce7b5a39f349938_0;4ce7b5a39f349938_0;;otro;00_CONTROL;1323;2026-09-05 00:58
00_CONTROL\.ig-profile\Default\Service Worker\CacheStorage\579544fd7d0441717f082c9eb123588966aa57ac\70b31a3c-9c62-42ae-936f-bbc365817254\4e68236ef8433dee_0;4e68236ef8433dee_0;;otro;00_CONTROL;1681;2026-09-05 00:58
00_CONTROL\.ig-profile\Default\Service Worker\CacheStorage\579544fd7d0441717f082c9eb123588966aa57ac\70b31a3c-9c62-42ae-936f-bbc365817254\4ec86f3c7b50ea9a_0;4ec86f3c7b50ea9a_0;;otro;00_CONTROL;1438;2026-09-05 00:58
00_CONTROL\.ig-profile\Default\Service Worker\CacheStorage\579544fd7d0441717f082c9eb123588966aa57ac\70b31a3c-9c62-42ae-936f-bbc365817254\4ecfb74cc2c5020c_0;4ecfb74cc2c5020c_0;;otro;00_CONTROL;1782;2026-09-05 00:58
00_CONTROL\.ig-profile\Default\Service Worker\CacheStorage\579544fd7d0441717f082c9eb123588966aa57ac\70b31a3c-9c62-42ae-936f-bbc365817254\4f2214c1205d9ee6_0;4f2214c1205d9ee6_0;;otro;00_CONTROL;1272;2026-09-05 00:58
00_CONTROL\.ig-profile\Default\Service Worker\CacheStorage\579544fd7d0441717f082c9eb123588966aa57ac\70b31a3c-9c62-42ae-936f-bbc365817254\4f3d92a68bac1d08_0;4f3d92a68bac1d08_0;;otro;00_CONTROL;2763;2026-09-05 00:57
00_CONTROL\.ig-profile\Default\Service Worker\CacheStorage\579544fd7d0441717f082c9eb123588966aa57ac\70b31a3c-9c62-42ae-936f-bbc365817254\4fcb373f2c5c0cc8_0;4fcb373f2c5c0cc8_0;;otro;00_CONTROL;1307;2026-09-05 00:57
00_CONTROL\.ig-profile\Default\Service Worker\CacheStorage\579544fd7d0441717f082c9eb123588966aa57ac\70b31a3c-9c62-42ae-936f-bbc365817254\4fecf1bfc69078c9_0;4fecf1bfc69078c9_0;;otro;00_CONTROL;1545;2026-09-05 00:58
00_CONTROL\.ig-profile\Default\Service Worker\CacheStorage\579544fd7d0441717f082c9eb123588966aa57ac\70b31a3c-9c62-42ae-936f-bbc365817254\4ff568a32f1bc060_0;4ff568a32f1bc060_0;;otro;00_CONTROL;1173;2026-09-05 00:57
00_CONTROL\.ig-profile\Default\Service Worker\CacheStorage\579544fd7d0441717f082c9eb123588966aa57ac\70b31a3c-9c62-42ae-936f-bbc365817254\50727972d197bdd1_0;50727972d197bdd1_0;;otro;00_CONTROL;1441;2026-09-05 00:58
00_CONTROL\.ig-profile\Default\Service Worker\CacheStorage\579544fd7d0441717f082c9eb123588966aa57ac\70b31a3c-9c62-42ae-936f-bbc365817254\5094b1a41ec0992f_0;5094b1a41ec0992f_0;;otro;00_CONTROL;1430;2026-09-05 00:57
00_CONTROL\.ig-profile\Default\Service Worker\CacheStorage\579544fd7d0441717f082c9eb123588966aa57ac\70b31a3c-9c62-42ae-936f-bbc365817254\5281c83d55a5a3f4_0;5281c83d55a5a3f4_0;;otro;00_CONTROL;1406;2026-09-05 00:58
00_CONTROL\.ig-profile\Default\Service Worker\CacheStorage\579544fd7d0441717f082c9eb123588966aa57ac\70b31a3c-9c62-42ae-936f-bbc365817254\52faaed1e72cd26d_0;52faaed1e72cd26d_0;;otro;00_CONTROL;1401;2026-09-05 00:57
00_CONTROL\.ig-profile\Default\Service Worker\CacheStorage\579544fd7d0441717f082c9eb123588966aa57ac\70b31a3c-9c62-42ae-936f-bbc365817254\539ea2533efe9124_0;539ea2533efe9124_0;;otro;00_CONTROL;1414;2026-09-05 00:58
00_CONTROL\.ig-profile\Default\Service Worker\CacheStorage\579544fd7d0441717f082c9eb123588966aa57ac\70b31a3c-9c62-42ae-936f-bbc365817254\55092d5b76a5235f_0;55092d5b76a5235f_0;;otro;00_CONTROL;1688;2026-09-05 00:58
00_CONTROL\.ig-profile\Default\Service Worker\CacheStorage\579544fd7d0441717f082c9eb123588966aa57ac\70b31a3c-9c62-42ae-936f-bbc365817254\55c4d626167ca37f_0;55c4d626167ca37f_0;;otro;00_CONTROL;1275;2026-09-05 00:58
00_CONTROL\.ig-profile\Default\Service Worker\CacheStorage\579544fd7d0441717f082c9eb123588966aa57ac\70b31a3c-9c62-42ae-936f-bbc365817254\55f3f5be082df174_0;55f3f5be082df174_0;;otro;00_CONTROL;1351;2026-09-05 00:58
00_CONTROL\.ig-profile\Default\Service Worker\CacheStorage\579544fd7d0441717f082c9eb123588966aa57ac\70b31a3c-9c62-42ae-936f-bbc365817254\5633b14a24918a87_0;5633b14a24918a87_0;;otro;00_CONTROL;1321;2026-09-05 00:57
00_CONTROL\.ig-profile\Default\Service Worker\CacheStorage\579544fd7d0441717f082c9eb123588966aa57ac\70b31a3c-9c62-42ae-936f-bbc365817254\563911f0d5a08805_0;563911f0d5a08805_0;;otro;00_CONTROL;1472;2026-09-05 00:57
00_CONTROL\.ig-profile\Default\Service Worker\CacheStorage\579544fd7d0441717f082c9eb123588966aa57ac\70b31a3c-9c62-42ae-936f-bbc365817254\564a4f7cac02234f_0;564a4f7cac02234f_0;;otro;00_CONTROL;1326;2026-09-05 00:58
00_CONTROL\.ig-profile\Default\Service Worker\CacheStorage\579544fd7d0441717f082c9eb123588966aa57ac\70b31a3c-9c62-42ae-936f-bbc365817254\5770f37e1158342e_0;5770f37e1158342e_0;;otro;00_CONTROL;1354;2026-09-05 00:57
00_CONTROL\.ig-profile\Default\Service Worker\CacheStorage\579544fd7d0441717f082c9eb123588966aa57ac\70b31a3c-9c62-42ae-936f-bbc365817254\5908a9b715d02910_0;5908a9b715d02910_0;;otro;00_CONTROL;1521;2026-09-05 00:58
00_CONTROL\.ig-profile\Default\Service Worker\CacheStorage\579544fd7d0441717f082c9eb123588966aa57ac\70b31a3c-9c62-42ae-936f-bbc365817254\5b493bdce9741e12_0;5b493bdce9741e12_0;;otro;00_CONTROL;1796;2026-09-05 00:58
00_CONTROL\.ig-profile\Default\Service Worker\CacheStorage\579544fd7d0441717f082c9eb123588966aa57ac\70b31a3c-9c62-42ae-936f-bbc365817254\5b4eca0ef8b63d80_0;5b4eca0ef8b63d80_0;;otro;00_CONTROL;1538;2026-09-05 00:58
00_CONTROL\.ig-profile\Default\Service Worker\CacheStorage\579544fd7d0441717f082c9eb123588966aa57ac\70b31a3c-9c62-42ae-936f-bbc365817254\5bd1bc949f7a282e_0;5bd1bc949f7a282e_0;;otro;00_CONTROL;1305;2026-09-05 00:58
00_CONTROL\.ig-profile\Default\Service Worker\CacheStorage\579544fd7d0441717f082c9eb123588966aa57ac\70b31a3c-9c62-42ae-936f-bbc365817254\5c1d26f609f4a349_0;5c1d26f609f4a349_0;;otro;00_CONTROL;1378;2026-09-05 00:58
00_CONTROL\.ig-profile\Default\Service Worker\CacheStorage\579544fd7d0441717f082c9eb123588966aa57ac\70b31a3c-9c62-42ae-936f-bbc365817254\5d568e9f3bb60999_0;5d568e9f3bb60999_0;;otro;00_CONTROL;1654;2026-09-05 00:57
00_CONTROL\.ig-profile\Default\Service Worker\CacheStorage\579544fd7d0441717f082c9eb123588966aa57ac\70b31a3c-9c62-42ae-936f-bbc365817254\5d5dd0ce098b82ae_0;5d5dd0ce098b82ae_0;;otro;00_CONTROL;1319;2026-09-05 00:57
00_CONTROL\.ig-profile\Default\Service Worker\CacheStorage\579544fd7d0441717f082c9eb123588966aa57ac\70b31a3c-9c62-42ae-936f-bbc365817254\5dbdfe1f78d89ed2_0;5dbdfe1f78d89ed2_0;;otro;00_CONTROL;1572;2026-09-05 00:58
00_CONTROL\.ig-profile\Default\Service Worker\CacheStorage\579544fd7d0441717f082c9eb123588966aa57ac\70b31a3c-9c62-42ae-936f-bbc365817254\5e286de0854046c5_0;5e286de0854046c5_0;;otro;00_CONTROL;1451;2026-09-05 00:57
00_CONTROL\.ig-profile\Default\Service Worker\CacheStorage\579544fd7d0441717f082c9eb123588966aa57ac\70b31a3c-9c62-42ae-936f-bbc365817254\5e929df8ffd0b512_0;5e929df8ffd0b512_0;;otro;00_CONTROL;1525;2026-09-05 00:58
00_CONTROL\.ig-profile\Default\Service Worker\CacheStorage\579544fd7d0441717f082c9eb123588966aa57ac\70b31a3c-9c62-42ae-936f-bbc365817254\5f648b8e8da959f6_0;5f648b8e8da959f6_0;;otro;00_CONTROL;1386;2026-09-05 00:57
00_CONTROL\.ig-profile\Default\Service Worker\CacheStorage\579544fd7d0441717f082c9eb123588966aa57ac\70b31a3c-9c62-42ae-936f-bbc365817254\60ada439c219d85e_0;60ada439c219d85e_0;;otro;00_CONTROL;1362;2026-09-05 00:57
00_CONTROL\.ig-profile\Default\Service Worker\CacheStorage\579544fd7d0441717f082c9eb123588966aa57ac\70b31a3c-9c62-42ae-936f-bbc365817254\60adb161b062547a_0;60adb161b062547a_0;;otro;00_CONTROL;1367;2026-09-05 00:57
00_CONTROL\.ig-profile\Default\Service Worker\CacheStorage\579544fd7d0441717f082c9eb123588966aa57ac\70b31a3c-9c62-42ae-936f-bbc365817254\615467575aab9d58_0;615467575aab9d58_0;;otro;00_CONTROL;1300;2026-09-05 00:58
00_CONTROL\.ig-profile\Default\Service Worker\CacheStorage\579544fd7d0441717f082c9eb123588966aa57ac\70b31a3c-9c62-42ae-936f-bbc365817254\617852fb06aeced7_0;617852fb06aeced7_0;;otro;00_CONTROL;1370;2026-09-05 00:58
00_CONTROL\.ig-profile\Default\Service Worker\CacheStorage\579544fd7d0441717f082c9eb123588966aa57ac\70b31a3c-9c62-42ae-936f-bbc365817254\62f1430b6f83f2a3_0;62f1430b6f83f2a3_0;;otro;00_CONTROL;1554;2026-09-05 00:58
00_CONTROL\.ig-profile\Default\Service Worker\CacheStorage\579544fd7d0441717f082c9eb123588966aa57ac\70b31a3c-9c62-42ae-936f-bbc365817254\633a9a70ca8b5383_0;633a9a70ca8b5383_0;;otro;00_CONTROL;1377;2026-09-05 00:58
00_CONTROL\.ig-profile\Default\Service Worker\CacheStorage\579544fd7d0441717f082c9eb123588966aa57ac\70b31a3c-9c62-42ae-936f-bbc365817254\63eb77e2513cd8f1_0;63eb77e2513cd8f1_0;;otro;00_CONTROL;1649;2026-09-05 00:57
00_CONTROL\.ig-profile\Default\Service Worker\CacheStorage\579544fd7d0441717f082c9eb123588966aa57ac\70b31a3c-9c62-42ae-936f-bbc365817254\63f1c8a683f8225f_0;63f1c8a683f8225f_0;;otro;00_CONTROL;1762;2026-09-05 00:57
00_CONTROL\.ig-profile\Default\Service Worker\CacheStorage\579544fd7d0441717f082c9eb123588966aa57ac\70b31a3c-9c62-42ae-936f-bbc365817254\63fa8b17283be32b_0;63fa8b17283be32b_0;;otro;00_CONTROL;1538;2026-09-05 00:58
00_CONTROL\.ig-profile\Default\Service Worker\CacheStorage\579544fd7d0441717f082c9eb123588966aa57ac\70b31a3c-9c62-42ae-936f-bbc365817254\641ba44fc9dde0d4_0;641ba44fc9dde0d4_0;;otro;00_CONTROL;1373;2026-09-05 00:57
00_CONTROL\.ig-profile\Default\Service Worker\CacheStorage\579544fd7d0441717f082c9eb123588966aa57ac\70b31a3c-9c62-42ae-936f-bbc365817254\645c0ebb2a0520ec_0;645c0ebb2a0520ec_0;;otro;00_CONTROL;1360;2026-09-05 00:57
00_CONTROL\.ig-profile\Default\Service Worker\CacheStorage\579544fd7d0441717f082c9eb123588966aa57ac\70b31a3c-9c62-42ae-936f-bbc365817254\64ab34cc8d5979a8_0;64ab34cc8d5979a8_0;;otro;00_CONTROL;1379;2026-09-05 00:57
00_CONTROL\.ig-profile\Default\Service Worker\CacheStorage\579544fd7d0441717f082c9eb123588966aa57ac\70b31a3c-9c62-42ae-936f-bbc365817254\64c8b49a96602142_0;64c8b49a96602142_0;;otro;00_CONTROL;1267;2026-09-05 00:57
00_CONTROL\.ig-profile\Default\Service Worker\CacheStorage\579544fd7d0441717f082c9eb123588966aa57ac\70b31a3c-9c62-42ae-936f-bbc365817254\6538f081994b8744_0;6538f081994b8744_0;;otro;00_CONTROL;1492;2026-09-05 00:58
00_CONTROL\.ig-profile\Default\Service Worker\CacheStorage\579544fd7d0441717f082c9eb123588966aa57ac\70b31a3c-9c62-42ae-936f-bbc365817254\65b92e377b0fa843_0;65b92e377b0fa843_0;;otro;00_CONTROL;1437;2026-09-05 00:57
00_CONTROL\.ig-profile\Default\Service Worker\CacheStorage\579544fd7d0441717f082c9eb123588966aa57ac\70b31a3c-9c62-42ae-936f-bbc365817254\66632c13c1c475ba_0;66632c13c1c475ba_0;;otro;00_CONTROL;1426;2026-09-05 00:58
00_CONTROL\.ig-profile\Default\Service Worker\CacheStorage\579544fd7d0441717f082c9eb123588966aa57ac\70b31a3c-9c62-42ae-936f-bbc365817254\6717b2b093e246cf_0;6717b2b093e246cf_0;;otro;00_CONTROL;1329;2026-09-05 00:57
00_CONTROL\.ig-profile\Default\Service Worker\CacheStorage\579544fd7d0441717f082c9eb123588966aa57ac\70b31a3c-9c62-42ae-936f-bbc365817254\675f5ef490d855c2_0;675f5ef490d855c2_0;;otro;00_CONTROL;1402;2026-09-05 00:57
00_CONTROL\.ig-profile\Default\Service Worker\CacheStorage\579544fd7d0441717f082c9eb123588966aa57ac\70b31a3c-9c62-42ae-936f-bbc365817254\67be1e13eeec2e8c_0;67be1e13eeec2e8c_0;;otro;00_CONTROL;1186;2026-09-05 00:58
00_CONTROL\.ig-profile\Default\Service Worker\CacheStorage\579544fd7d0441717f082c9eb123588966aa57ac\70b31a3c-9c62-42ae-936f-bbc365817254\67e02db3cc4d7172_0;67e02db3cc4d7172_0;;otro;00_CONTROL;1474;2026-09-05 00:57
00_CONTROL\.ig-profile\Default\Service Worker\CacheStorage\579544fd7d0441717f082c9eb123588966aa57ac\70b31a3c-9c62-42ae-936f-bbc365817254\68a0bd0feff1417f_0;68a0bd0feff1417f_0;;otro;00_CONTROL;1490;2026-09-05 00:57
00_CONTROL\.ig-profile\Default\Service Worker\CacheStorage\579544fd7d0441717f082c9eb123588966aa57ac\70b31a3c-9c62-42ae-936f-bbc365817254\68e48aaaa8eed872_0;68e48aaaa8eed872_0;;otro;00_CONTROL;1410;2026-09-05 00:57
00_CONTROL\.ig-profile\Default\Service Worker\CacheStorage\579544fd7d0441717f082c9eb123588966aa57ac\70b31a3c-9c62-42ae-936f-bbc365817254\69a622ddc4de2de2_0;69a622ddc4de2de2_0;;otro;00_CONTROL;1429;2026-09-05 00:57
00_CONTROL\.ig-profile\Default\Service Worker\CacheStorage\579544fd7d0441717f082c9eb123588966aa57ac\70b31a3c-9c62-42ae-936f-bbc365817254\69d908bdfea092f3_0;69d908bdfea092f3_0;;otro;00_CONTROL;1475;2026-09-05 00:58
00_CONTROL\.ig-profile\Default\Service Worker\CacheStorage\579544fd7d0441717f082c9eb123588966aa57ac\70b31a3c-9c62-42ae-936f-bbc365817254\69dc9c00c1096539_0;69dc9c00c1096539_0;;otro;00_CONTROL;1183;2026-09-05 00:57
00_CONTROL\.ig-profile\Default\Service Worker\CacheStorage\579544fd7d0441717f082c9eb123588966aa57ac\70b31a3c-9c62-42ae-936f-bbc365817254\6a31717497945fd8_0;6a31717497945fd8_0;;otro;00_CONTROL;1703;2026-09-05 00:58
00_CONTROL\.ig-profile\Default\Service Worker\CacheStorage\579544fd7d0441717f082c9eb123588966aa57ac\70b31a3c-9c62-42ae-936f-bbc365817254\6aafea8d6e8c80c9_0;6aafea8d6e8c80c9_0;;otro;00_CONTROL;52203;2026-09-05 00:57
00_CONTROL\.ig-profile\Default\Service Worker\CacheStorage\579544fd7d0441717f082c9eb123588966aa57ac\70b31a3c-9c62-42ae-936f-bbc365817254\6ada150ef7f7b66a_0;6ada150ef7f7b66a_0;;otro;00_CONTROL;1311;2026-09-05 00:58
00_CONTROL\.ig-profile\Default\Service Worker\CacheStorage\579544fd7d0441717f082c9eb123588966aa57ac\70b31a3c-9c62-42ae-936f-bbc365817254\6b35672256f5dbf9_0;6b35672256f5dbf9_0;;otro;00_CONTROL;1485;2026-09-05 00:58
00_CONTROL\.ig-profile\Default\Service Worker\CacheStorage\579544fd7d0441717f082c9eb123588966aa57ac\70b31a3c-9c62-42ae-936f-bbc365817254\6b73951b12bcfe24_0;6b73951b12bcfe24_0;;otro;00_CONTROL;1527;2026-09-05 00:57
00_CONTROL\.ig-profile\Default\Service Worker\CacheStorage\579544fd7d0441717f082c9eb123588966aa57ac\70b31a3c-9c62-42ae-936f-bbc365817254\6c0f23f3a776038a_0;6c0f23f3a776038a_0;;otro;00_CONTROL;1360;2026-09-05 00:58
00_CONTROL\.ig-profile\Default\Service Worker\CacheStorage\579544fd7d0441717f082c9eb123588966aa57ac\70b31a3c-9c62-42ae-936f-bbc365817254\6c199ef7952f1cb9_0;6c199ef7952f1cb9_0;;otro;00_CONTROL;1301;2026-09-05 00:58
00_CONTROL\.ig-profile\Default\Service Worker\CacheStorage\579544fd7d0441717f082c9eb123588966aa57ac\70b31a3c-9c62-42ae-936f-bbc365817254\6cbae82b29f486c0_0;6cbae82b29f486c0_0;;otro;00_CONTROL;1334;2026-09-05 00:58
00_CONTROL\.ig-profile\Default\Service Worker\CacheStorage\579544fd7d0441717f082c9eb123588966aa57ac\70b31a3c-9c62-42ae-936f-bbc365817254\6d1299026d44f445_0;6d1299026d44f445_0;;otro;00_CONTROL;1382;2026-09-05 00:58
00_CONTROL\.ig-profile\Default\Service Worker\CacheStorage\579544fd7d0441717f082c9eb123588966aa57ac\70b31a3c-9c62-42ae-936f-bbc365817254\6d2c7a73bf56d82e_0;6d2c7a73bf56d82e_0;;otro;00_CONTROL;1328;2026-09-05 00:58
00_CONTROL\.ig-profile\Default\Service Worker\CacheStorage\579544fd7d0441717f082c9eb123588966aa57ac\70b31a3c-9c62-42ae-936f-bbc365817254\6d6746ffdfe2c5da_0;6d6746ffdfe2c5da_0;;otro;00_CONTROL;1455;2026-09-05 00:58
00_CONTROL\.ig-profile\Default\Service Worker\CacheStorage\579544fd7d0441717f082c9eb123588966aa57ac\70b31a3c-9c62-42ae-936f-bbc365817254\6ea5cd00d1ef5c5e_0;6ea5cd00d1ef5c5e_0;;otro;00_CONTROL;1344;2026-09-05 00:57
00_CONTROL\.ig-profile\Default\Service Worker\CacheStorage\579544fd7d0441717f082c9eb123588966aa57ac\70b31a3c-9c62-42ae-936f-bbc365817254\6eafb1f8e4d27046_0;6eafb1f8e4d27046_0;;otro;00_CONTROL;1331;2026-09-05 00:57
00_CONTROL\.ig-profile\Default\Service Worker\CacheStorage\579544fd7d0441717f082c9eb123588966aa57ac\70b31a3c-9c62-42ae-936f-bbc365817254\6f45dc32b64d35e3_0;6f45dc32b64d35e3_0;;otro;00_CONTROL;1226;2026-09-05 00:58
00_CONTROL\.ig-profile\Default\Service Worker\CacheStorage\579544fd7d0441717f082c9eb123588966aa57ac\70b31a3c-9c62-42ae-936f-bbc365817254\6f7792d088936b71_0;6f7792d088936b71_0;;otro;00_CONTROL;1420;2026-09-05 00:58
00_CONTROL\.ig-profile\Default\Service Worker\CacheStorage\579544fd7d0441717f082c9eb123588966aa57ac\70b31a3c-9c62-42ae-936f-bbc365817254\6fecedabc9999d8b_0;6fecedabc9999d8b_0;;otro;00_CONTROL;1366;2026-09-05 00:58
00_CONTROL\.ig-profile\Default\Service Worker\CacheStorage\579544fd7d0441717f082c9eb123588966aa57ac\70b31a3c-9c62-42ae-936f-bbc365817254\70012114dc1d1d88_0;70012114dc1d1d88_0;;otro;00_CONTROL;1460;2026-09-05 00:57
00_CONTROL\.ig-profile\Default\Service Worker\CacheStorage\579544fd7d0441717f082c9eb123588966aa57ac\70b31a3c-9c62-42ae-936f-bbc365817254\706accb2deacecdf_0;706accb2deacecdf_0;;otro;00_CONTROL;1406;2026-09-05 00:57
00_CONTROL\.ig-profile\Default\Service Worker\CacheStorage\579544fd7d0441717f082c9eb123588966aa57ac\70b31a3c-9c62-42ae-936f-bbc365817254\7087aada1f4066c7_0;7087aada1f4066c7_0;;otro;00_CONTROL;1321;2026-09-05 00:58
00_CONTROL\.ig-profile\Default\Service Worker\CacheStorage\579544fd7d0441717f082c9eb123588966aa57ac\70b31a3c-9c62-42ae-936f-bbc365817254\70f0928214687af3_0;70f0928214687af3_0;;otro;00_CONTROL;1453;2026-09-05 00:57
00_CONTROL\.ig-profile\Default\Service Worker\CacheStorage\579544fd7d0441717f082c9eb123588966aa57ac\70b31a3c-9c62-42ae-936f-bbc365817254\71471beeeb832013_0;71471beeeb832013_0;;otro;00_CONTROL;1304;2026-09-05 00:58
00_CONTROL\.ig-profile\Default\Service Worker\CacheStorage\579544fd7d0441717f082c9eb123588966aa57ac\70b31a3c-9c62-42ae-936f-bbc365817254\71880fa819250839_0;71880fa819250839_0;;otro;00_CONTROL;1380;2026-09-05 00:58
00_CONTROL\.ig-profile\Default\Service Worker\CacheStorage\579544fd7d0441717f082c9eb123588966aa57ac\70b31a3c-9c62-42ae-936f-bbc365817254\71af3ff0da25ecb4_0;71af3ff0da25ecb4_0;;otro;00_CONTROL;1463;2026-09-05 00:57
00_CONTROL\.ig-profile\Default\Service Worker\CacheStorage\579544fd7d0441717f082c9eb123588966aa57ac\70b31a3c-9c62-42ae-936f-bbc365817254\72efb03b6e76c5de_0;72efb03b6e76c5de_0;;otro;00_CONTROL;1342;2026-09-05 00:57
00_CONTROL\.ig-profile\Default\Service Worker\CacheStorage\579544fd7d0441717f082c9eb123588966aa57ac\70b31a3c-9c62-42ae-936f-bbc365817254\74229e2379833847_0;74229e2379833847_0;;otro;00_CONTROL;1412;2026-09-05 00:57
00_CONTROL\.ig-profile\Default\Service Worker\CacheStorage\579544fd7d0441717f082c9eb123588966aa57ac\70b31a3c-9c62-42ae-936f-bbc365817254\74d8507a8531f02b_0;74d8507a8531f02b_0;;otro;00_CONTROL;1403;2026-09-05 00:58
00_CONTROL\.ig-profile\Default\Service Worker\CacheStorage\579544fd7d0441717f082c9eb123588966aa57ac\70b31a3c-9c62-42ae-936f-bbc365817254\750927c19c5edcba_0;750927c19c5edcba_0;;otro;00_CONTROL;1342;2026-09-05 00:57
00_CONTROL\.ig-profile\Default\Service Worker\CacheStorage\579544fd7d0441717f082c9eb123588966aa57ac\70b31a3c-9c62-42ae-936f-bbc365817254\75106a26e2dd80d4_0;75106a26e2dd80d4_0;;otro;00_CONTROL;1418;2026-09-05 00:57
00_CONTROL\.ig-profile\Default\Service Worker\CacheStorage\579544fd7d0441717f082c9eb123588966aa57ac\70b31a3c-9c62-42ae-936f-bbc365817254\751bebd4610d5d4c_0;751bebd4610d5d4c_0;;otro;00_CONTROL;1404;2026-09-05 00:58
00_CONTROL\.ig-profile\Default\Service Worker\CacheStorage\579544fd7d0441717f082c9eb123588966aa57ac\70b31a3c-9c62-42ae-936f-bbc365817254\76337b91b4900a25_0;76337b91b4900a25_0;;otro;00_CONTROL;1401;2026-09-05 00:58
00_CONTROL\.ig-profile\Default\Service Worker\CacheStorage\579544fd7d0441717f082c9eb123588966aa57ac\70b31a3c-9c62-42ae-936f-bbc365817254\76f4c5a18d2a4d54_0;76f4c5a18d2a4d54_0;;otro;00_CONTROL;1304;2026-09-05 00:57
00_CONTROL\.ig-profile\Default\Service Worker\CacheStorage\579544fd7d0441717f082c9eb123588966aa57ac\70b31a3c-9c62-42ae-936f-bbc365817254\7748de2aa7cf2ea4_0;7748de2aa7cf2ea4_0;;otro;00_CONTROL;1376;2026-09-05 00:58
00_CONTROL\.ig-profile\Default\Service Worker\CacheStorage\579544fd7d0441717f082c9eb123588966aa57ac\70b31a3c-9c62-42ae-936f-bbc365817254\7865ed43b8d1f6db_0;7865ed43b8d1f6db_0;;otro;00_CONTROL;1477;2026-09-05 00:58
00_CONTROL\.ig-profile\Default\Service Worker\CacheStorage\579544fd7d0441717f082c9eb123588966aa57ac\70b31a3c-9c62-42ae-936f-bbc365817254\78ab97b6c49538cd_0;78ab97b6c49538cd_0;;otro;00_CONTROL;1332;2026-09-05 00:57
00_CONTROL\.ig-profile\Default\Service Worker\CacheStorage\579544fd7d0441717f082c9eb123588966aa57ac\70b31a3c-9c62-42ae-936f-bbc365817254\79a0e6d190a1bf69_0;79a0e6d190a1bf69_0;;otro;00_CONTROL;1300;2026-09-05 00:58
00_CONTROL\.ig-profile\Default\Service Worker\CacheStorage\579544fd7d0441717f082c9eb123588966aa57ac\70b31a3c-9c62-42ae-936f-bbc365817254\79dd64d3d88a9e7d_0;79dd64d3d88a9e7d_0;;otro;00_CONTROL;1391;2026-09-05 00:58
00_CONTROL\.ig-profile\Default\Service Worker\CacheStorage\579544fd7d0441717f082c9eb123588966aa57ac\70b31a3c-9c62-42ae-936f-bbc365817254\7b11897a6e627caa_0;7b11897a6e627caa_0;;otro;00_CONTROL;1374;2026-09-05 00:57
00_CONTROL\.ig-profile\Default\Service Worker\CacheStorage\579544fd7d0441717f082c9eb123588966aa57ac\70b31a3c-9c62-42ae-936f-bbc365817254\7b37f1b48b6d925c_0;7b37f1b48b6d925c_0;;otro;00_CONTROL;1403;2026-09-05 00:57
00_CONTROL\.ig-profile\Default\Service Worker\CacheStorage\579544fd7d0441717f082c9eb123588966aa57ac\70b31a3c-9c62-42ae-936f-bbc365817254\7c6d2d12385f9ee0_0;7c6d2d12385f9ee0_0;;otro;00_CONTROL;1524;2026-09-05 00:58
00_CONTROL\.ig-profile\Default\Service Worker\CacheStorage\579544fd7d0441717f082c9eb123588966aa57ac\70b31a3c-9c62-42ae-936f-bbc365817254\7cb72d2bdce685df_0;7cb72d2bdce685df_0;;otro;00_CONTROL;1315;2026-09-05 00:57
00_CONTROL\.ig-profile\Default\Service Worker\CacheStorage\579544fd7d0441717f082c9eb123588966aa57ac\70b31a3c-9c62-42ae-936f-bbc365817254\7d76fe340dfdbc4e_0;7d76fe340dfdbc4e_0;;otro;00_CONTROL;1441;2026-09-05 00:57
00_CONTROL\.ig-profile\Default\Service Worker\CacheStorage\579544fd7d0441717f082c9eb123588966aa57ac\70b31a3c-9c62-42ae-936f-bbc365817254\7e1ae7aeaa77a535_0;7e1ae7aeaa77a535_0;;otro;00_CONTROL;1847;2026-09-05 00:58
00_CONTROL\.ig-profile\Default\Service Worker\CacheStorage\579544fd7d0441717f082c9eb123588966aa57ac\70b31a3c-9c62-42ae-936f-bbc365817254\7e7adf60d84afd18_0;7e7adf60d84afd18_0;;otro;00_CONTROL;1356;2026-09-05 00:57
00_CONTROL\.ig-profile\Default\Service Worker\CacheStorage\579544fd7d0441717f082c9eb123588966aa57ac\70b31a3c-9c62-42ae-936f-bbc365817254\7f588195f082f356_0;7f588195f082f356_0;;otro;00_CONTROL;1344;2026-09-05 00:57
00_CONTROL\.ig-profile\Default\Service Worker\CacheStorage\579544fd7d0441717f082c9eb123588966aa57ac\70b31a3c-9c62-42ae-936f-bbc365817254\7fbb5007ff08fd98_0;7fbb5007ff08fd98_0;;otro;00_CONTROL;1344;2026-09-05 00:58
00_CONTROL\.ig-profile\Default\Service Worker\CacheStorage\579544fd7d0441717f082c9eb123588966aa57ac\70b31a3c-9c62-42ae-936f-bbc365817254\80227b644439b542_0;80227b644439b542_0;;otro;00_CONTROL;1388;2026-09-05 00:57
00_CONTROL\.ig-profile\Default\Service Worker\CacheStorage\579544fd7d0441717f082c9eb123588966aa57ac\70b31a3c-9c62-42ae-936f-bbc365817254\818c23c29ee1a73b_0;818c23c29ee1a73b_0;;otro;00_CONTROL;1351;2026-09-05 00:58
00_CONTROL\.ig-profile\Default\Service Worker\CacheStorage\579544fd7d0441717f082c9eb123588966aa57ac\70b31a3c-9c62-42ae-936f-bbc365817254\82a15928af9ccafe_0;82a15928af9ccafe_0;;otro;00_CONTROL;1694;2026-09-05 00:57
00_CONTROL\.ig-profile\Default\Service Worker\CacheStorage\579544fd7d0441717f082c9eb123588966aa57ac\70b31a3c-9c62-42ae-936f-bbc365817254\82a24d405442f878_0;82a24d405442f878_0;;otro;00_CONTROL;4971;2026-09-05 00:57
00_CONTROL\.ig-profile\Default\Service Worker\CacheStorage\579544fd7d0441717f082c9eb123588966aa57ac\70b31a3c-9c62-42ae-936f-bbc365817254\8397b39bab574872_0;8397b39bab574872_0;;otro;00_CONTROL;1454;2026-09-05 00:57
00_CONTROL\.ig-profile\Default\Service Worker\CacheStorage\579544fd7d0441717f082c9eb123588966aa57ac\70b31a3c-9c62-42ae-936f-bbc365817254\845bfef2605ef371_0;845bfef2605ef371_0;;otro;00_CONTROL;1361;2026-09-05 00:57
00_CONTROL\.ig-profile\Default\Service Worker\CacheStorage\579544fd7d0441717f082c9eb123588966aa57ac\70b31a3c-9c62-42ae-936f-bbc365817254\851e9d42098ef1c5_0;851e9d42098ef1c5_0;;otro;00_CONTROL;1615;2026-09-05 00:58
00_CONTROL\.ig-profile\Default\Service Worker\CacheStorage\579544fd7d0441717f082c9eb123588966aa57ac\70b31a3c-9c62-42ae-936f-bbc365817254\855be4791a76b056_0;855be4791a76b056_0;;otro;00_CONTROL;1311;2026-09-05 00:57
00_CONTROL\.ig-profile\Default\Service Worker\CacheStorage\579544fd7d0441717f082c9eb123588966aa57ac\70b31a3c-9c62-42ae-936f-bbc365817254\858b1b97724823ac_0;858b1b97724823ac_0;;otro;00_CONTROL;1417;2026-09-05 00:58
00_CONTROL\.ig-profile\Default\Service Worker\CacheStorage\579544fd7d0441717f082c9eb123588966aa57ac\70b31a3c-9c62-42ae-936f-bbc365817254\8637c8296b939632_0;8637c8296b939632_0;;otro;00_CONTROL;1454;2026-09-05 00:58
00_CONTROL\.ig-profile\Default\Service Worker\CacheStorage\579544fd7d0441717f082c9eb123588966aa57ac\70b31a3c-9c62-42ae-936f-bbc365817254\87cd4e61fddcd966_0;87cd4e61fddcd966_0;;otro;00_CONTROL;1332;2026-09-05 00:58
00_CONTROL\.ig-profile\Default\Service Worker\CacheStorage\579544fd7d0441717f082c9eb123588966aa57ac\70b31a3c-9c62-42ae-936f-bbc365817254\87f3bed1bdda23b6_0;87f3bed1bdda23b6_0;;otro;00_CONTROL;1374;2026-09-05 00:57
00_CONTROL\.ig-profile\Default\Service Worker\CacheStorage\579544fd7d0441717f082c9eb123588966aa57ac\70b31a3c-9c62-42ae-936f-bbc365817254\88a44733befdfde4_0;88a44733befdfde4_0;;otro;00_CONTROL;1366;2026-09-05 00:57
00_CONTROL\.ig-profile\Default\Service Worker\CacheStorage\579544fd7d0441717f082c9eb123588966aa57ac\70b31a3c-9c62-42ae-936f-bbc365817254\88f7d898076d4e73_0;88f7d898076d4e73_0;;otro;00_CONTROL;1404;2026-09-05 00:58
00_CONTROL\.ig-profile\Default\Service Worker\CacheStorage\579544fd7d0441717f082c9eb123588966aa57ac\70b31a3c-9c62-42ae-936f-bbc365817254\89aa94d34fed7381_0;89aa94d34fed7381_0;;otro;00_CONTROL;1313;2026-09-05 00:58
00_CONTROL\.ig-profile\Default\Service Worker\CacheStorage\579544fd7d0441717f082c9eb123588966aa57ac\70b31a3c-9c62-42ae-936f-bbc365817254\8bc3812d75d08ee6_0;8bc3812d75d08ee6_0;;otro;00_CONTROL;1301;2026-09-05 00:58
00_CONTROL\.ig-profile\Default\Service Worker\CacheStorage\579544fd7d0441717f082c9eb123588966aa57ac\70b31a3c-9c62-42ae-936f-bbc365817254\8c6f07b5576b4aab_0;8c6f07b5576b4aab_0;;otro;00_CONTROL;1558;2026-09-05 00:57
00_CONTROL\.ig-profile\Default\Service Worker\CacheStorage\579544fd7d0441717f082c9eb123588966aa57ac\70b31a3c-9c62-42ae-936f-bbc365817254\8c7edcd939fc7e83_0;8c7edcd939fc7e83_0;;otro;00_CONTROL;1599;2026-09-05 00:58
00_CONTROL\.ig-profile\Default\Service Worker\CacheStorage\579544fd7d0441717f082c9eb123588966aa57ac\70b31a3c-9c62-42ae-936f-bbc365817254\8ce3ef412d22aad1_0;8ce3ef412d22aad1_0;;otro;00_CONTROL;1319;2026-09-05 00:57
00_CONTROL\.ig-profile\Default\Service Worker\CacheStorage\579544fd7d0441717f082c9eb123588966aa57ac\70b31a3c-9c62-42ae-936f-bbc365817254\8cf4139cfdfbfc8d_0;8cf4139cfdfbfc8d_0;;otro;00_CONTROL;1562;2026-09-05 00:58
00_CONTROL\.ig-profile\Default\Service Worker\CacheStorage\579544fd7d0441717f082c9eb123588966aa57ac\70b31a3c-9c62-42ae-936f-bbc365817254\8d537950d77cd7c7_0;8d537950d77cd7c7_0;;otro;00_CONTROL;1421;2026-09-05 00:57
00_CONTROL\.ig-profile\Default\Service Worker\CacheStorage\579544fd7d0441717f082c9eb123588966aa57ac\70b31a3c-9c62-42ae-936f-bbc365817254\8db29d494e6bd315_0;8db29d494e6bd315_0;;otro;00_CONTROL;1456;2026-09-05 00:58
00_CONTROL\.ig-profile\Default\Service Worker\CacheStorage\579544fd7d0441717f082c9eb123588966aa57ac\70b31a3c-9c62-42ae-936f-bbc365817254\8ee7c4a577f7a0de_0;8ee7c4a577f7a0de_0;;otro;00_CONTROL;1451;2026-09-05 00:58
00_CONTROL\.ig-profile\Default\Service Worker\CacheStorage\579544fd7d0441717f082c9eb123588966aa57ac\70b31a3c-9c62-42ae-936f-bbc365817254\8f16ca910597cc7a_0;8f16ca910597cc7a_0;;otro;00_CONTROL;1397;2026-09-05 00:57
00_CONTROL\.ig-profile\Default\Service Worker\CacheStorage\579544fd7d0441717f082c9eb123588966aa57ac\70b31a3c-9c62-42ae-936f-bbc365817254\8fe77c96e12c0e82_0;8fe77c96e12c0e82_0;;otro;00_CONTROL;1571;2026-09-05 00:57
00_CONTROL\.ig-profile\Default\Service Worker\CacheStorage\579544fd7d0441717f082c9eb123588966aa57ac\70b31a3c-9c62-42ae-936f-bbc365817254\90380676b30f51d7_0;90380676b30f51d7_0;;otro;00_CONTROL;1330;2026-09-05 00:58
00_CONTROL\.ig-profile\Default\Service Worker\CacheStorage\579544fd7d0441717f082c9eb123588966aa57ac\70b31a3c-9c62-42ae-936f-bbc365817254\90404dc2347f9dab_0;90404dc2347f9dab_0;;otro;00_CONTROL;1397;2026-09-05 00:57
00_CONTROL\.ig-profile\Default\Service Worker\CacheStorage\579544fd7d0441717f082c9eb123588966aa57ac\70b31a3c-9c62-42ae-936f-bbc365817254\904d9d11ab898cc9_0;904d9d11ab898cc9_0;;otro;00_CONTROL;1532;2026-09-05 00:58
00_CONTROL\.ig-profile\Default\Service Worker\CacheStorage\579544fd7d0441717f082c9eb123588966aa57ac\70b31a3c-9c62-42ae-936f-bbc365817254\906a12dea99dea37_0;906a12dea99dea37_0;;otro;00_CONTROL;1611;2026-09-05 00:58
00_CONTROL\.ig-profile\Default\Service Worker\CacheStorage\579544fd7d0441717f082c9eb123588966aa57ac\70b31a3c-9c62-42ae-936f-bbc365817254\90c1259cd9567b5a_0;90c1259cd9567b5a_0;;otro;00_CONTROL;1601;2026-09-05 00:58
00_CONTROL\.ig-profile\Default\Service Worker\CacheStorage\579544fd7d0441717f082c9eb123588966aa57ac\70b31a3c-9c62-42ae-936f-bbc365817254\9136a8b19fc17c26_0;9136a8b19fc17c26_0;;otro;00_CONTROL;1255;2026-09-05 00:58
00_CONTROL\.ig-profile\Default\Service Worker\CacheStorage\579544fd7d0441717f082c9eb123588966aa57ac\70b31a3c-9c62-42ae-936f-bbc365817254\92b1a249fe90382f_0;92b1a249fe90382f_0;;otro;00_CONTROL;1363;2026-09-05 00:58
00_CONTROL\.ig-profile\Default\Service Worker\CacheStorage\579544fd7d0441717f082c9eb123588966aa57ac\70b31a3c-9c62-42ae-936f-bbc365817254\93fcaad73df22088_0;93fcaad73df22088_0;;otro;00_CONTROL;1407;2026-09-05 00:58
00_CONTROL\.ig-profile\Default\Service Worker\CacheStorage\579544fd7d0441717f082c9eb123588966aa57ac\70b31a3c-9c62-42ae-936f-bbc365817254\94351c9a10539573_0;94351c9a10539573_0;;otro;00_CONTROL;1474;2026-09-05 00:57
00_CONTROL\.ig-profile\Default\Service Worker\CacheStorage\579544fd7d0441717f082c9eb123588966aa57ac\70b31a3c-9c62-42ae-936f-bbc365817254\94a97651f25813ea_0;94a97651f25813ea_0;;otro;00_CONTROL;1420;2026-09-05 00:58
00_CONTROL\.ig-profile\Default\Service Worker\CacheStorage\579544fd7d0441717f082c9eb123588966aa57ac\70b31a3c-9c62-42ae-936f-bbc365817254\97c2222de82aabb7_0;97c2222de82aabb7_0;;otro;00_CONTROL;1378;2026-09-05 00:58
00_CONTROL\.ig-profile\Default\Service Worker\CacheStorage\579544fd7d0441717f082c9eb123588966aa57ac\70b31a3c-9c62-42ae-936f-bbc365817254\989b1c0e817cb740_0;989b1c0e817cb740_0;;otro;00_CONTROL;1385;2026-09-05 00:58
00_CONTROL\.ig-profile\Default\Service Worker\CacheStorage\579544fd7d0441717f082c9eb123588966aa57ac\70b31a3c-9c62-42ae-936f-bbc365817254\9944e43e0af2504f_0;9944e43e0af2504f_0;;otro;00_CONTROL;1462;2026-09-05 00:58
00_CONTROL\.ig-profile\Default\Service Worker\CacheStorage\579544fd7d0441717f082c9eb123588966aa57ac\70b31a3c-9c62-42ae-936f-bbc365817254\9991dcbe73719eb6_0;9991dcbe73719eb6_0;;otro;00_CONTROL;1388;2026-09-05 00:57
00_CONTROL\.ig-profile\Default\Service Worker\CacheStorage\579544fd7d0441717f082c9eb123588966aa57ac\70b31a3c-9c62-42ae-936f-bbc365817254\99c7c14f7c842aee_0;99c7c14f7c842aee_0;;otro;00_CONTROL;1494;2026-09-05 00:58
00_CONTROL\.ig-profile\Default\Service Worker\CacheStorage\579544fd7d0441717f082c9eb123588966aa57ac\70b31a3c-9c62-42ae-936f-bbc365817254\9a1d5e2e19cd6830_0;9a1d5e2e19cd6830_0;;otro;00_CONTROL;1410;2026-09-05 00:58
00_CONTROL\.ig-profile\Default\Service Worker\CacheStorage\579544fd7d0441717f082c9eb123588966aa57ac\70b31a3c-9c62-42ae-936f-bbc365817254\9ad2d6a2d0d34d8b_0;9ad2d6a2d0d34d8b_0;;otro;00_CONTROL;5100;2026-09-05 00:57
00_CONTROL\.ig-profile\Default\Service Worker\CacheStorage\579544fd7d0441717f082c9eb123588966aa57ac\70b31a3c-9c62-42ae-936f-bbc365817254\9bbcd130c76ca82b_0;9bbcd130c76ca82b_0;;otro;00_CONTROL;1365;2026-09-05 00:58
00_CONTROL\.ig-profile\Default\Service Worker\CacheStorage\579544fd7d0441717f082c9eb123588966aa57ac\70b31a3c-9c62-42ae-936f-bbc365817254\9c1a47b65557b3c7_0;9c1a47b65557b3c7_0;;otro;00_CONTROL;1422;2026-09-05 00:58
00_CONTROL\.ig-profile\Default\Service Worker\CacheStorage\579544fd7d0441717f082c9eb123588966aa57ac\70b31a3c-9c62-42ae-936f-bbc365817254\9c44bf9d9f6d5046_0;9c44bf9d9f6d5046_0;;otro;00_CONTROL;1804;2026-09-05 00:57
00_CONTROL\.ig-profile\Default\Service Worker\CacheStorage\579544fd7d0441717f082c9eb123588966aa57ac\70b31a3c-9c62-42ae-936f-bbc365817254\9c797756525c3a9d_0;9c797756525c3a9d_0;;otro;00_CONTROL;1514;2026-09-05 00:58
00_CONTROL\.ig-profile\Default\Service Worker\CacheStorage\579544fd7d0441717f082c9eb123588966aa57ac\70b31a3c-9c62-42ae-936f-bbc365817254\9d1cfc17ee75085f_0;9d1cfc17ee75085f_0;;otro;00_CONTROL;1488;2026-09-05 00:57
00_CONTROL\.ig-profile\Default\Service Worker\CacheStorage\579544fd7d0441717f082c9eb123588966aa57ac\70b31a3c-9c62-42ae-936f-bbc365817254\9e0164d9f9c21b2b_0;9e0164d9f9c21b2b_0;;otro;00_CONTROL;1550;2026-09-05 00:57
00_CONTROL\.ig-profile\Default\Service Worker\CacheStorage\579544fd7d0441717f082c9eb123588966aa57ac\70b31a3c-9c62-42ae-936f-bbc365817254\9e208c9945614b0a_0;9e208c9945614b0a_0;;otro;00_CONTROL;1366;2026-09-05 00:58
00_CONTROL\.ig-profile\Default\Service Worker\CacheStorage\579544fd7d0441717f082c9eb123588966aa57ac\70b31a3c-9c62-42ae-936f-bbc365817254\9f6242da93cf9a60_0;9f6242da93cf9a60_0;;otro;00_CONTROL;1558;2026-09-05 00:58
00_CONTROL\.ig-profile\Default\Service Worker\CacheStorage\579544fd7d0441717f082c9eb123588966aa57ac\70b31a3c-9c62-42ae-936f-bbc365817254\9fafcd5b7c4c7d46_0;9fafcd5b7c4c7d46_0;;otro;00_CONTROL;1378;2026-09-05 00:57
00_CONTROL\.ig-profile\Default\Service Worker\CacheStorage\579544fd7d0441717f082c9eb123588966aa57ac\70b31a3c-9c62-42ae-936f-bbc365817254\9fe159871d0f34b1_0;9fe159871d0f34b1_0;;otro;00_CONTROL;1861;2026-09-05 00:58
00_CONTROL\.ig-profile\Default\Service Worker\CacheStorage\579544fd7d0441717f082c9eb123588966aa57ac\70b31a3c-9c62-42ae-936f-bbc365817254\9fe60c30216cae9f_0;9fe60c30216cae9f_0;;otro;00_CONTROL;1415;2026-09-05 00:57
00_CONTROL\.ig-profile\Default\Service Worker\CacheStorage\579544fd7d0441717f082c9eb123588966aa57ac\70b31a3c-9c62-42ae-936f-bbc365817254\9fe6d760ee68bde4_0;9fe6d760ee68bde4_0;;otro;00_CONTROL;1356;2026-09-05 00:57
00_CONTROL\.ig-profile\Default\Service Worker\CacheStorage\579544fd7d0441717f082c9eb123588966aa57ac\70b31a3c-9c62-42ae-936f-bbc365817254\a09e183f013c55f9_0;a09e183f013c55f9_0;;otro;00_CONTROL;1523;2026-09-05 00:58
00_CONTROL\.ig-profile\Default\Service Worker\CacheStorage\579544fd7d0441717f082c9eb123588966aa57ac\70b31a3c-9c62-42ae-936f-bbc365817254\a111af295948c13b_0;a111af295948c13b_0;;otro;00_CONTROL;1507;2026-09-05 00:58
00_CONTROL\.ig-profile\Default\Service Worker\CacheStorage\579544fd7d0441717f082c9eb123588966aa57ac\70b31a3c-9c62-42ae-936f-bbc365817254\a22c8b7fdc93ba7b_0;a22c8b7fdc93ba7b_0;;otro;00_CONTROL;1701;2026-09-05 00:58
00_CONTROL\.ig-profile\Default\Service Worker\CacheStorage\579544fd7d0441717f082c9eb123588966aa57ac\70b31a3c-9c62-42ae-936f-bbc365817254\a2516d049d3061eb_0;a2516d049d3061eb_0;;otro;00_CONTROL;1371;2026-09-05 00:58
00_CONTROL\.ig-profile\Default\Service Worker\CacheStorage\579544fd7d0441717f082c9eb123588966aa57ac\70b31a3c-9c62-42ae-936f-bbc365817254\a3210a474dbf3470_0;a3210a474dbf3470_0;;otro;00_CONTROL;1741;2026-09-05 00:58
00_CONTROL\.ig-profile\Default\Service Worker\CacheStorage\579544fd7d0441717f082c9eb123588966aa57ac\70b31a3c-9c62-42ae-936f-bbc365817254\a441a981da270027_0;a441a981da270027_0;;otro;00_CONTROL;1563;2026-09-05 00:58
00_CONTROL\.ig-profile\Default\Service Worker\CacheStorage\579544fd7d0441717f082c9eb123588966aa57ac\70b31a3c-9c62-42ae-936f-bbc365817254\a5e8235022e3ffb2_0;a5e8235022e3ffb2_0;;otro;00_CONTROL;1388;2026-09-05 00:57
00_CONTROL\.ig-profile\Default\Service Worker\CacheStorage\579544fd7d0441717f082c9eb123588966aa57ac\70b31a3c-9c62-42ae-936f-bbc365817254\a6e6bd77279ec2d1_0;a6e6bd77279ec2d1_0;;otro;00_CONTROL;1568;2026-09-05 00:57
00_CONTROL\.ig-profile\Default\Service Worker\CacheStorage\579544fd7d0441717f082c9eb123588966aa57ac\70b31a3c-9c62-42ae-936f-bbc365817254\a98098b99e7d2869_0;a98098b99e7d2869_0;;otro;00_CONTROL;1606;2026-09-05 00:58
00_CONTROL\.ig-profile\Default\Service Worker\CacheStorage\579544fd7d0441717f082c9eb123588966aa57ac\70b31a3c-9c62-42ae-936f-bbc365817254\a9d4becd3632d6ee_0;a9d4becd3632d6ee_0;;otro;00_CONTROL;1229;2026-09-05 00:58
00_CONTROL\.ig-profile\Default\Service Worker\CacheStorage\579544fd7d0441717f082c9eb123588966aa57ac\70b31a3c-9c62-42ae-936f-bbc365817254\a9ef7b7d112096fb_0;a9ef7b7d112096fb_0;;otro;00_CONTROL;1532;2026-09-05 00:57
00_CONTROL\.ig-profile\Default\Service Worker\CacheStorage\579544fd7d0441717f082c9eb123588966aa57ac\70b31a3c-9c62-42ae-936f-bbc365817254\aa4267498c1bdb8e_0;aa4267498c1bdb8e_0;;otro;00_CONTROL;1457;2026-09-05 00:58
00_CONTROL\.ig-profile\Default\Service Worker\CacheStorage\579544fd7d0441717f082c9eb123588966aa57ac\70b31a3c-9c62-42ae-936f-bbc365817254\abb42dd22bb398d8_0;abb42dd22bb398d8_0;;otro;00_CONTROL;1501;2026-09-05 00:57
00_CONTROL\.ig-profile\Default\Service Worker\CacheStorage\579544fd7d0441717f082c9eb123588966aa57ac\70b31a3c-9c62-42ae-936f-bbc365817254\ac8d4fbbff1e4511_0;ac8d4fbbff1e4511_0;;otro;00_CONTROL;1278;2026-09-05 00:58
00_CONTROL\.ig-profile\Default\Service Worker\CacheStorage\579544fd7d0441717f082c9eb123588966aa57ac\70b31a3c-9c62-42ae-936f-bbc365817254\ac8f3a08baae84c7_0;ac8f3a08baae84c7_0;;otro;00_CONTROL;1511;2026-09-05 00:58
00_CONTROL\.ig-profile\Default\Service Worker\CacheStorage\579544fd7d0441717f082c9eb123588966aa57ac\70b31a3c-9c62-42ae-936f-bbc365817254\accbc6b98658fec3_0;accbc6b98658fec3_0;;otro;00_CONTROL;1438;2026-09-05 00:57
00_CONTROL\.ig-profile\Default\Service Worker\CacheStorage\579544fd7d0441717f082c9eb123588966aa57ac\70b31a3c-9c62-42ae-936f-bbc365817254\acf7596d327c576c_0;acf7596d327c576c_0;;otro;00_CONTROL;1251;2026-09-05 00:58
00_CONTROL\.ig-profile\Default\Service Worker\CacheStorage\579544fd7d0441717f082c9eb123588966aa57ac\70b31a3c-9c62-42ae-936f-bbc365817254\ad02fae9789df093_0;ad02fae9789df093_0;;otro;00_CONTROL;1332;2026-09-05 00:58
00_CONTROL\.ig-profile\Default\Service Worker\CacheStorage\579544fd7d0441717f082c9eb123588966aa57ac\70b31a3c-9c62-42ae-936f-bbc365817254\ad14117198bec082_0;ad14117198bec082_0;;otro;00_CONTROL;1353;2026-09-05 00:57
00_CONTROL\.ig-profile\Default\Service Worker\CacheStorage\579544fd7d0441717f082c9eb123588966aa57ac\70b31a3c-9c62-42ae-936f-bbc365817254\ae369f724076d110_0;ae369f724076d110_0;;otro;00_CONTROL;1242;2026-09-05 00:57
00_CONTROL\.ig-profile\Default\Service Worker\CacheStorage\579544fd7d0441717f082c9eb123588966aa57ac\70b31a3c-9c62-42ae-936f-bbc365817254\ae902f024ac9b001_0;ae902f024ac9b001_0;;otro;00_CONTROL;1340;2026-09-05 00:58
00_CONTROL\.ig-profile\Default\Service Worker\CacheStorage\579544fd7d0441717f082c9eb123588966aa57ac\70b31a3c-9c62-42ae-936f-bbc365817254\ae9af5c89b53f7b7_0;ae9af5c89b53f7b7_0;;otro;00_CONTROL;1372;2026-09-05 00:57
00_CONTROL\.ig-profile\Default\Service Worker\CacheStorage\579544fd7d0441717f082c9eb123588966aa57ac\70b31a3c-9c62-42ae-936f-bbc365817254\aea414ab5074aa6c_0;aea414ab5074aa6c_0;;otro;00_CONTROL;1499;2026-09-05 00:57
00_CONTROL\.ig-profile\Default\Service Worker\CacheStorage\579544fd7d0441717f082c9eb123588966aa57ac\70b31a3c-9c62-42ae-936f-bbc365817254\aec58053023a88ac_0;aec58053023a88ac_0;;otro;00_CONTROL;1350;2026-09-05 00:57
00_CONTROL\.ig-profile\Default\Service Worker\CacheStorage\579544fd7d0441717f082c9eb123588966aa57ac\70b31a3c-9c62-42ae-936f-bbc365817254\af11397f610def1d_0;af11397f610def1d_0;;otro;00_CONTROL;1320;2026-09-05 00:57
00_CONTROL\.ig-profile\Default\Service Worker\CacheStorage\579544fd7d0441717f082c9eb123588966aa57ac\70b31a3c-9c62-42ae-936f-bbc365817254\af2753ca257c8835_0;af2753ca257c8835_0;;otro;00_CONTROL;1288;2026-09-05 00:58
00_CONTROL\.ig-profile\Default\Service Worker\CacheStorage\579544fd7d0441717f082c9eb123588966aa57ac\70b31a3c-9c62-42ae-936f-bbc365817254\af616d40a7566670_0;af616d40a7566670_0;;otro;00_CONTROL;1437;2026-09-05 00:58
00_CONTROL\.ig-profile\Default\Service Worker\CacheStorage\579544fd7d0441717f082c9eb123588966aa57ac\70b31a3c-9c62-42ae-936f-bbc365817254\af66c8b1d2edf140_0;af66c8b1d2edf140_0;;otro;00_CONTROL;1512;2026-09-05 00:58
00_CONTROL\.ig-profile\Default\Service Worker\CacheStorage\579544fd7d0441717f082c9eb123588966aa57ac\70b31a3c-9c62-42ae-936f-bbc365817254\afb1287c332f9b5b_0;afb1287c332f9b5b_0;;otro;00_CONTROL;1315;2026-09-05 00:58
00_CONTROL\.ig-profile\Default\Service Worker\CacheStorage\579544fd7d0441717f082c9eb123588966aa57ac\70b31a3c-9c62-42ae-936f-bbc365817254\b0b96b9337ec0f01_0;b0b96b9337ec0f01_0;;otro;00_CONTROL;1503;2026-09-05 00:58
00_CONTROL\.ig-profile\Default\Service Worker\CacheStorage\579544fd7d0441717f082c9eb123588966aa57ac\70b31a3c-9c62-42ae-936f-bbc365817254\b0fcfb2205e12b8c_0;b0fcfb2205e12b8c_0;;otro;00_CONTROL;1431;2026-09-05 00:58
00_CONTROL\.ig-profile\Default\Service Worker\CacheStorage\579544fd7d0441717f082c9eb123588966aa57ac\70b31a3c-9c62-42ae-936f-bbc365817254\b11399c2d34b65ec_0;b11399c2d34b65ec_0;;otro;00_CONTROL;1400;2026-09-05 00:57
00_CONTROL\.ig-profile\Default\Service Worker\CacheStorage\579544fd7d0441717f082c9eb123588966aa57ac\70b31a3c-9c62-42ae-936f-bbc365817254\b13f8d35dd4416ee_0;b13f8d35dd4416ee_0;;otro;00_CONTROL;1484;2026-09-05 00:58
00_CONTROL\.ig-profile\Default\Service Worker\CacheStorage\579544fd7d0441717f082c9eb123588966aa57ac\70b31a3c-9c62-42ae-936f-bbc365817254\b17089788610695d_0;b17089788610695d_0;;otro;00_CONTROL;1431;2026-09-05 00:57
00_CONTROL\.ig-profile\Default\Service Worker\CacheStorage\579544fd7d0441717f082c9eb123588966aa57ac\70b31a3c-9c62-42ae-936f-bbc365817254\b20fb40450b8df8d_0;b20fb40450b8df8d_0;;otro;00_CONTROL;1294;2026-09-05 00:57
00_CONTROL\.ig-profile\Default\Service Worker\CacheStorage\579544fd7d0441717f082c9eb123588966aa57ac\70b31a3c-9c62-42ae-936f-bbc365817254\b253d9782a04fa24_0;b253d9782a04fa24_0;;otro;00_CONTROL;1318;2026-09-05 00:57
00_CONTROL\.ig-profile\Default\Service Worker\CacheStorage\579544fd7d0441717f082c9eb123588966aa57ac\70b31a3c-9c62-42ae-936f-bbc365817254\b25fb755218203c7_0;b25fb755218203c7_0;;otro;00_CONTROL;1393;2026-09-05 00:58
00_CONTROL\.ig-profile\Default\Service Worker\CacheStorage\579544fd7d0441717f082c9eb123588966aa57ac\70b31a3c-9c62-42ae-936f-bbc365817254\b27f4456a0893c22_0;b27f4456a0893c22_0;;otro;00_CONTROL;1328;2026-09-05 00:58
00_CONTROL\.ig-profile\Default\Service Worker\CacheStorage\579544fd7d0441717f082c9eb123588966aa57ac\70b31a3c-9c62-42ae-936f-bbc365817254\b334d6f43db7225f_0;b334d6f43db7225f_0;;otro;00_CONTROL;1555;2026-09-05 00:57
00_CONTROL\.ig-profile\Default\Service Worker\CacheStorage\579544fd7d0441717f082c9eb123588966aa57ac\70b31a3c-9c62-42ae-936f-bbc365817254\b375963a13a8ca2a_0;b375963a13a8ca2a_0;;otro;00_CONTROL;1366;2026-09-05 00:57
00_CONTROL\.ig-profile\Default\Service Worker\CacheStorage\579544fd7d0441717f082c9eb123588966aa57ac\70b31a3c-9c62-42ae-936f-bbc365817254\b3b3268a576e2217_0;b3b3268a576e2217_0;;otro;00_CONTROL;1630;2026-09-05 00:57
00_CONTROL\.ig-profile\Default\Service Worker\CacheStorage\579544fd7d0441717f082c9eb123588966aa57ac\70b31a3c-9c62-42ae-936f-bbc365817254\b4b3413faa63c5c9_0;b4b3413faa63c5c9_0;;otro;00_CONTROL;1343;2026-09-05 00:58
00_CONTROL\.ig-profile\Default\Service Worker\CacheStorage\579544fd7d0441717f082c9eb123588966aa57ac\70b31a3c-9c62-42ae-936f-bbc365817254\b535d4da7e56c833_0;b535d4da7e56c833_0;;otro;00_CONTROL;1323;2026-09-05 00:58
00_CONTROL\.ig-profile\Default\Service Worker\CacheStorage\579544fd7d0441717f082c9eb123588966aa57ac\70b31a3c-9c62-42ae-936f-bbc365817254\b5384dfe649ae3c9_0;b5384dfe649ae3c9_0;;otro;00_CONTROL;1427;2026-09-05 00:58
00_CONTROL\.ig-profile\Default\Service Worker\CacheStorage\579544fd7d0441717f082c9eb123588966aa57ac\70b31a3c-9c62-42ae-936f-bbc365817254\b57d38814d61150e_0;b57d38814d61150e_0;;otro;00_CONTROL;1231;2026-09-05 00:58
00_CONTROL\.ig-profile\Default\Service Worker\CacheStorage\579544fd7d0441717f082c9eb123588966aa57ac\70b31a3c-9c62-42ae-936f-bbc365817254\b5db8021d45d1a84_0;b5db8021d45d1a84_0;;otro;00_CONTROL;1335;2026-09-05 00:58
00_CONTROL\.ig-profile\Default\Service Worker\CacheStorage\579544fd7d0441717f082c9eb123588966aa57ac\70b31a3c-9c62-42ae-936f-bbc365817254\b60781e5744b2a1c_0;b60781e5744b2a1c_0;;otro;00_CONTROL;1357;2026-09-05 00:58
00_CONTROL\.ig-profile\Default\Service Worker\CacheStorage\579544fd7d0441717f082c9eb123588966aa57ac\70b31a3c-9c62-42ae-936f-bbc365817254\b64bde2f4d5986c7_0;b64bde2f4d5986c7_0;;otro;00_CONTROL;1325;2026-09-05 00:58
00_CONTROL\.ig-profile\Default\Service Worker\CacheStorage\579544fd7d0441717f082c9eb123588966aa57ac\70b31a3c-9c62-42ae-936f-bbc365817254\b6994106f42f340a_0;b6994106f42f340a_0;;otro;00_CONTROL;1293;2026-09-05 00:58
00_CONTROL\.ig-profile\Default\Service Worker\CacheStorage\579544fd7d0441717f082c9eb123588966aa57ac\70b31a3c-9c62-42ae-936f-bbc365817254\b70da7e783de3e3f_0;b70da7e783de3e3f_0;;otro;00_CONTROL;1331;2026-09-05 00:57
00_CONTROL\.ig-profile\Default\Service Worker\CacheStorage\579544fd7d0441717f082c9eb123588966aa57ac\70b31a3c-9c62-42ae-936f-bbc365817254\b71ed6589c7be093_0;b71ed6589c7be093_0;;otro;00_CONTROL;1596;2026-09-05 00:57
00_CONTROL\.ig-profile\Default\Service Worker\CacheStorage\579544fd7d0441717f082c9eb123588966aa57ac\70b31a3c-9c62-42ae-936f-bbc365817254\b754d8e55cf362ea_0;b754d8e55cf362ea_0;;otro;00_CONTROL;1381;2026-09-05 00:57
00_CONTROL\.ig-profile\Default\Service Worker\CacheStorage\579544fd7d0441717f082c9eb123588966aa57ac\70b31a3c-9c62-42ae-936f-bbc365817254\b7909cb8f6e30f6f_0;b7909cb8f6e30f6f_0;;otro;00_CONTROL;1571;2026-09-05 00:58
00_CONTROL\.ig-profile\Default\Service Worker\CacheStorage\579544fd7d0441717f082c9eb123588966aa57ac\70b31a3c-9c62-42ae-936f-bbc365817254\b7c6fd9fbd20ecaf_0;b7c6fd9fbd20ecaf_0;;otro;00_CONTROL;1304;2026-09-05 00:58
00_CONTROL\.ig-profile\Default\Service Worker\CacheStorage\579544fd7d0441717f082c9eb123588966aa57ac\70b31a3c-9c62-42ae-936f-bbc365817254\b84030228bcea101_0;b84030228bcea101_0;;otro;00_CONTROL;1270;2026-09-05 00:58
00_CONTROL\.ig-profile\Default\Service Worker\CacheStorage\579544fd7d0441717f082c9eb123588966aa57ac\70b31a3c-9c62-42ae-936f-bbc365817254\b852063f83c7b9f0_0;b852063f83c7b9f0_0;;otro;00_CONTROL;1356;2026-09-05 00:57
00_CONTROL\.ig-profile\Default\Service Worker\CacheStorage\579544fd7d0441717f082c9eb123588966aa57ac\70b31a3c-9c62-42ae-936f-bbc365817254\b8c0761c78dae0e5_0;b8c0761c78dae0e5_0;;otro;00_CONTROL;1514;2026-09-05 00:57
00_CONTROL\.ig-profile\Default\Service Worker\CacheStorage\579544fd7d0441717f082c9eb123588966aa57ac\70b31a3c-9c62-42ae-936f-bbc365817254\b8d3986c9b1abcef_0;b8d3986c9b1abcef_0;;otro;00_CONTROL;1526;2026-09-05 00:57
00_CONTROL\.ig-profile\Default\Service Worker\CacheStorage\579544fd7d0441717f082c9eb123588966aa57ac\70b31a3c-9c62-42ae-936f-bbc365817254\b923d597daf5f5da_0;b923d597daf5f5da_0;;otro;00_CONTROL;1589;2026-09-05 00:58
00_CONTROL\.ig-profile\Default\Service Worker\CacheStorage\579544fd7d0441717f082c9eb123588966aa57ac\70b31a3c-9c62-42ae-936f-bbc365817254\b9a3f2fc12e61701_0;b9a3f2fc12e61701_0;;otro;00_CONTROL;1404;2026-09-05 00:57
00_CONTROL\.ig-profile\Default\Service Worker\CacheStorage\579544fd7d0441717f082c9eb123588966aa57ac\70b31a3c-9c62-42ae-936f-bbc365817254\b9fc73196a15de83_0;b9fc73196a15de83_0;;otro;00_CONTROL;1408;2026-09-05 00:58
00_CONTROL\.ig-profile\Default\Service Worker\CacheStorage\579544fd7d0441717f082c9eb123588966aa57ac\70b31a3c-9c62-42ae-936f-bbc365817254\ba5bae53b65d3bc7_0;ba5bae53b65d3bc7_0;;otro;00_CONTROL;1484;2026-09-05 00:58
00_CONTROL\.ig-profile\Default\Service Worker\CacheStorage\579544fd7d0441717f082c9eb123588966aa57ac\70b31a3c-9c62-42ae-936f-bbc365817254\bb61669531d4e58d_0;bb61669531d4e58d_0;;otro;00_CONTROL;1550;2026-09-05 00:58
00_CONTROL\.ig-profile\Default\Service Worker\CacheStorage\579544fd7d0441717f082c9eb123588966aa57ac\70b31a3c-9c62-42ae-936f-bbc365817254\bbd63dece1bdf1f8_0;bbd63dece1bdf1f8_0;;otro;00_CONTROL;1582;2026-09-05 00:57
00_CONTROL\.ig-profile\Default\Service Worker\CacheStorage\579544fd7d0441717f082c9eb123588966aa57ac\70b31a3c-9c62-42ae-936f-bbc365817254\bc1b9eab080caf12_0;bc1b9eab080caf12_0;;otro;00_CONTROL;1371;2026-09-05 00:58
00_CONTROL\.ig-profile\Default\Service Worker\CacheStorage\579544fd7d0441717f082c9eb123588966aa57ac\70b31a3c-9c62-42ae-936f-bbc365817254\bcb692b2d63ab273_0;bcb692b2d63ab273_0;;otro;00_CONTROL;1292;2026-09-05 00:58
00_CONTROL\.ig-profile\Default\Service Worker\CacheStorage\579544fd7d0441717f082c9eb123588966aa57ac\70b31a3c-9c62-42ae-936f-bbc365817254\bd35d25df8e8d68c_0;bd35d25df8e8d68c_0;;otro;00_CONTROL;1446;2026-09-05 00:58
00_CONTROL\.ig-profile\Default\Service Worker\CacheStorage\579544fd7d0441717f082c9eb123588966aa57ac\70b31a3c-9c62-42ae-936f-bbc365817254\bd9efb0b6d94f452_0;bd9efb0b6d94f452_0;;otro;00_CONTROL;1590;2026-09-05 00:57
00_CONTROL\.ig-profile\Default\Service Worker\CacheStorage\579544fd7d0441717f082c9eb123588966aa57ac\70b31a3c-9c62-42ae-936f-bbc365817254\bdcc4a26b93e80bf_0;bdcc4a26b93e80bf_0;;otro;00_CONTROL;1345;2026-09-05 00:57
00_CONTROL\.ig-profile\Default\Service Worker\CacheStorage\579544fd7d0441717f082c9eb123588966aa57ac\70b31a3c-9c62-42ae-936f-bbc365817254\bdefb43552790deb_0;bdefb43552790deb_0;;otro;00_CONTROL;1347;2026-09-05 00:57
00_CONTROL\.ig-profile\Default\Service Worker\CacheStorage\579544fd7d0441717f082c9eb123588966aa57ac\70b31a3c-9c62-42ae-936f-bbc365817254\bdf98845dbf92cf7_0;bdf98845dbf92cf7_0;;otro;00_CONTROL;1426;2026-09-05 00:58
00_CONTROL\.ig-profile\Default\Service Worker\CacheStorage\579544fd7d0441717f082c9eb123588966aa57ac\70b31a3c-9c62-42ae-936f-bbc365817254\bf08f2433cc99fa1_0;bf08f2433cc99fa1_0;;otro;00_CONTROL;1436;2026-09-05 00:57
00_CONTROL\.ig-profile\Default\Service Worker\CacheStorage\579544fd7d0441717f082c9eb123588966aa57ac\70b31a3c-9c62-42ae-936f-bbc365817254\bf77de102b70e497_0;bf77de102b70e497_0;;otro;00_CONTROL;1619;2026-09-05 00:57
00_CONTROL\.ig-profile\Default\Service Worker\CacheStorage\579544fd7d0441717f082c9eb123588966aa57ac\70b31a3c-9c62-42ae-936f-bbc365817254\bff5dc42912015d2_0;bff5dc42912015d2_0;;otro;00_CONTROL;1654;2026-09-05 00:58
00_CONTROL\.ig-profile\Default\Service Worker\CacheStorage\579544fd7d0441717f082c9eb123588966aa57ac\70b31a3c-9c62-42ae-936f-bbc365817254\c338bdddb184f703_0;c338bdddb184f703_0;;otro;00_CONTROL;1377;2026-09-05 00:58
00_CONTROL\.ig-profile\Default\Service Worker\CacheStorage\579544fd7d0441717f082c9eb123588966aa57ac\70b31a3c-9c62-42ae-936f-bbc365817254\c380b0c4841aa25b_0;c380b0c4841aa25b_0;;otro;00_CONTROL;1367;2026-09-05 00:57
00_CONTROL\.ig-profile\Default\Service Worker\CacheStorage\579544fd7d0441717f082c9eb123588966aa57ac\70b31a3c-9c62-42ae-936f-bbc365817254\c3c9632fba0bd8d7_0;c3c9632fba0bd8d7_0;;otro;00_CONTROL;1399;2026-09-05 00:58
00_CONTROL\.ig-profile\Default\Service Worker\CacheStorage\579544fd7d0441717f082c9eb123588966aa57ac\70b31a3c-9c62-42ae-936f-bbc365817254\c441dfa2465b5fa6_0;c441dfa2465b5fa6_0;;otro;00_CONTROL;1194;2026-09-05 00:57
00_CONTROL\.ig-profile\Default\Service Worker\CacheStorage\579544fd7d0441717f082c9eb123588966aa57ac\70b31a3c-9c62-42ae-936f-bbc365817254\c4515313351f1df3_0;c4515313351f1df3_0;;otro;00_CONTROL;1439;2026-09-05 00:58
00_CONTROL\.ig-profile\Default\Service Worker\CacheStorage\579544fd7d0441717f082c9eb123588966aa57ac\70b31a3c-9c62-42ae-936f-bbc365817254\c4e866e94b70e9ac_0;c4e866e94b70e9ac_0;;otro;00_CONTROL;1460;2026-09-05 00:58
00_CONTROL\.ig-profile\Default\Service Worker\CacheStorage\579544fd7d0441717f082c9eb123588966aa57ac\70b31a3c-9c62-42ae-936f-bbc365817254\c5765227c22fbdf2_0;c5765227c22fbdf2_0;;otro;00_CONTROL;1439;2026-09-05 00:58
00_CONTROL\.ig-profile\Default\Service Worker\CacheStorage\579544fd7d0441717f082c9eb123588966aa57ac\70b31a3c-9c62-42ae-936f-bbc365817254\c587a83357030b91_0;c587a83357030b91_0;;otro;00_CONTROL;1430;2026-09-05 00:57
00_CONTROL\.ig-profile\Default\Service Worker\CacheStorage\579544fd7d0441717f082c9eb123588966aa57ac\70b31a3c-9c62-42ae-936f-bbc365817254\c591d07e12a43bf2_0;c591d07e12a43bf2_0;;otro;00_CONTROL;1434;2026-09-05 00:58
00_CONTROL\.ig-profile\Default\Service Worker\CacheStorage\579544fd7d0441717f082c9eb123588966aa57ac\70b31a3c-9c62-42ae-936f-bbc365817254\c5bb406ae3cf31e5_0;c5bb406ae3cf31e5_0;;otro;00_CONTROL;1486;2026-09-05 00:58
00_CONTROL\.ig-profile\Default\Service Worker\CacheStorage\579544fd7d0441717f082c9eb123588966aa57ac\70b31a3c-9c62-42ae-936f-bbc365817254\c6c9e29b3412b09c_0;c6c9e29b3412b09c_0;;otro;00_CONTROL;1468;2026-09-05 00:57
00_CONTROL\.ig-profile\Default\Service Worker\CacheStorage\579544fd7d0441717f082c9eb123588966aa57ac\70b31a3c-9c62-42ae-936f-bbc365817254\c7a30a85a85d0ee9_0;c7a30a85a85d0ee9_0;;otro;00_CONTROL;1430;2026-09-05 00:58
00_CONTROL\.ig-profile\Default\Service Worker\CacheStorage\579544fd7d0441717f082c9eb123588966aa57ac\70b31a3c-9c62-42ae-936f-bbc365817254\c884bad1d888a6ca_0;c884bad1d888a6ca_0;;otro;00_CONTROL;1467;2026-09-05 00:57
00_CONTROL\.ig-profile\Default\Service Worker\CacheStorage\579544fd7d0441717f082c9eb123588966aa57ac\70b31a3c-9c62-42ae-936f-bbc365817254\c9393eb9835030ef_0;c9393eb9835030ef_0;;otro;00_CONTROL;1440;2026-09-05 00:57
00_CONTROL\.ig-profile\Default\Service Worker\CacheStorage\579544fd7d0441717f082c9eb123588966aa57ac\70b31a3c-9c62-42ae-936f-bbc365817254\c9d81d6c12c3977f_0;c9d81d6c12c3977f_0;;otro;00_CONTROL;1474;2026-09-05 00:58
00_CONTROL\.ig-profile\Default\Service Worker\CacheStorage\579544fd7d0441717f082c9eb123588966aa57ac\70b31a3c-9c62-42ae-936f-bbc365817254\cb5b394264a7b03f_0;cb5b394264a7b03f_0;;otro;00_CONTROL;1372;2026-09-05 00:58
00_CONTROL\.ig-profile\Default\Service Worker\CacheStorage\579544fd7d0441717f082c9eb123588966aa57ac\70b31a3c-9c62-42ae-936f-bbc365817254\cbdb9df688ab59c1_0;cbdb9df688ab59c1_0;;otro;00_CONTROL;1537;2026-09-05 00:57
00_CONTROL\.ig-profile\Default\Service Worker\CacheStorage\579544fd7d0441717f082c9eb123588966aa57ac\70b31a3c-9c62-42ae-936f-bbc365817254\cbe8c6cc8cdf4253_0;cbe8c6cc8cdf4253_0;;otro;00_CONTROL;1307;2026-09-05 00:58
00_CONTROL\.ig-profile\Default\Service Worker\CacheStorage\579544fd7d0441717f082c9eb123588966aa57ac\70b31a3c-9c62-42ae-936f-bbc365817254\cc839ca63759a933_0;cc839ca63759a933_0;;otro;00_CONTROL;1512;2026-09-05 00:58
00_CONTROL\.ig-profile\Default\Service Worker\CacheStorage\579544fd7d0441717f082c9eb123588966aa57ac\70b31a3c-9c62-42ae-936f-bbc365817254\cd49d7961e20a6a1_0;cd49d7961e20a6a1_0;;otro;00_CONTROL;1402;2026-09-05 00:58
00_CONTROL\.ig-profile\Default\Service Worker\CacheStorage\579544fd7d0441717f082c9eb123588966aa57ac\70b31a3c-9c62-42ae-936f-bbc365817254\cd5860071fc9af25_0;cd5860071fc9af25_0;;otro;00_CONTROL;1568;2026-09-05 00:58
00_CONTROL\.ig-profile\Default\Service Worker\CacheStorage\579544fd7d0441717f082c9eb123588966aa57ac\70b31a3c-9c62-42ae-936f-bbc365817254\cfcf69a2a44c3240_0;cfcf69a2a44c3240_0;;otro;00_CONTROL;1361;2026-09-05 00:58
00_CONTROL\.ig-profile\Default\Service Worker\CacheStorage\579544fd7d0441717f082c9eb123588966aa57ac\70b31a3c-9c62-42ae-936f-bbc365817254\d01e08504cf7f0d2_0;d01e08504cf7f0d2_0;;otro;00_CONTROL;1562;2026-09-05 00:58
00_CONTROL\.ig-profile\Default\Service Worker\CacheStorage\579544fd7d0441717f082c9eb123588966aa57ac\70b31a3c-9c62-42ae-936f-bbc365817254\d08588d1c7114cf6_0;d08588d1c7114cf6_0;;otro;00_CONTROL;1281;2026-09-05 00:58
00_CONTROL\.ig-profile\Default\Service Worker\CacheStorage\579544fd7d0441717f082c9eb123588966aa57ac\70b31a3c-9c62-42ae-936f-bbc365817254\d120c6efa03f7bcf_0;d120c6efa03f7bcf_0;;otro;00_CONTROL;1344;2026-09-05 00:58
00_CONTROL\.ig-profile\Default\Service Worker\CacheStorage\579544fd7d0441717f082c9eb123588966aa57ac\70b31a3c-9c62-42ae-936f-bbc365817254\d162575e51be1b1b_0;d162575e51be1b1b_0;;otro;00_CONTROL;1332;2026-09-05 00:57
00_CONTROL\.ig-profile\Default\Service Worker\CacheStorage\579544fd7d0441717f082c9eb123588966aa57ac\70b31a3c-9c62-42ae-936f-bbc365817254\d1628889ec2280b2_0;d1628889ec2280b2_0;;otro;00_CONTROL;1505;2026-09-05 00:57
00_CONTROL\.ig-profile\Default\Service Worker\CacheStorage\579544fd7d0441717f082c9eb123588966aa57ac\70b31a3c-9c62-42ae-936f-bbc365817254\d1958a4c2322ae80_0;d1958a4c2322ae80_0;;otro;00_CONTROL;1433;2026-09-05 00:58
00_CONTROL\.ig-profile\Default\Service Worker\CacheStorage\579544fd7d0441717f082c9eb123588966aa57ac\70b31a3c-9c62-42ae-936f-bbc365817254\d1d74df0e0804e09_0;d1d74df0e0804e09_0;;otro;00_CONTROL;1400;2026-09-05 00:57
00_CONTROL\.ig-profile\Default\Service Worker\CacheStorage\579544fd7d0441717f082c9eb123588966aa57ac\70b31a3c-9c62-42ae-936f-bbc365817254\d25dd5c26ab005c4_0;d25dd5c26ab005c4_0;;otro;00_CONTROL;1509;2026-09-05 00:58
00_CONTROL\.ig-profile\Default\Service Worker\CacheStorage\579544fd7d0441717f082c9eb123588966aa57ac\70b31a3c-9c62-42ae-936f-bbc365817254\d266e92b0ea7b46d_0;d266e92b0ea7b46d_0;;otro;00_CONTROL;1365;2026-09-05 00:58
00_CONTROL\.ig-profile\Default\Service Worker\CacheStorage\579544fd7d0441717f082c9eb123588966aa57ac\70b31a3c-9c62-42ae-936f-bbc365817254\d28e10a752b14040_0;d28e10a752b14040_0;;otro;00_CONTROL;1694;2026-09-05 00:58
00_CONTROL\.ig-profile\Default\Service Worker\CacheStorage\579544fd7d0441717f082c9eb123588966aa57ac\70b31a3c-9c62-42ae-936f-bbc365817254\d2b0ca3185c63611_0;d2b0ca3185c63611_0;;otro;00_CONTROL;1493;2026-09-05 00:57
00_CONTROL\.ig-profile\Default\Service Worker\CacheStorage\579544fd7d0441717f082c9eb123588966aa57ac\70b31a3c-9c62-42ae-936f-bbc365817254\d3150e10cc3f8100_0;d3150e10cc3f8100_0;;otro;00_CONTROL;1355;2026-09-05 00:58
00_CONTROL\.ig-profile\Default\Service Worker\CacheStorage\579544fd7d0441717f082c9eb123588966aa57ac\70b31a3c-9c62-42ae-936f-bbc365817254\d32c1ae48c08773b_0;d32c1ae48c08773b_0;;otro;00_CONTROL;1421;2026-09-05 00:57
00_CONTROL\.ig-profile\Default\Service Worker\CacheStorage\579544fd7d0441717f082c9eb123588966aa57ac\70b31a3c-9c62-42ae-936f-bbc365817254\d41452f8148bab4f_0;d41452f8148bab4f_0;;otro;00_CONTROL;1486;2026-09-05 00:58
00_CONTROL\.ig-profile\Default\Service Worker\CacheStorage\579544fd7d0441717f082c9eb123588966aa57ac\70b31a3c-9c62-42ae-936f-bbc365817254\d4890a4a0126077f_0;d4890a4a0126077f_0;;otro;00_CONTROL;1670;2026-09-05 00:58
00_CONTROL\.ig-profile\Default\Service Worker\CacheStorage\579544fd7d0441717f082c9eb123588966aa57ac\70b31a3c-9c62-42ae-936f-bbc365817254\d5d07c05706867e3_0;d5d07c05706867e3_0;;otro;00_CONTROL;5120;2026-09-05 00:57
00_CONTROL\.ig-profile\Default\Service Worker\CacheStorage\579544fd7d0441717f082c9eb123588966aa57ac\70b31a3c-9c62-42ae-936f-bbc365817254\d63ecd498f2df031_0;d63ecd498f2df031_0;;otro;00_CONTROL;1410;2026-09-05 00:58
00_CONTROL\.ig-profile\Default\Service Worker\CacheStorage\579544fd7d0441717f082c9eb123588966aa57ac\70b31a3c-9c62-42ae-936f-bbc365817254\d6b435b13658ad79_0;d6b435b13658ad79_0;;otro;00_CONTROL;1515;2026-09-05 00:57
00_CONTROL\.ig-profile\Default\Service Worker\CacheStorage\579544fd7d0441717f082c9eb123588966aa57ac\70b31a3c-9c62-42ae-936f-bbc365817254\d724a6a489355fd7_0;d724a6a489355fd7_0;;otro;00_CONTROL;1360;2026-09-05 00:58
00_CONTROL\.ig-profile\Default\Service Worker\CacheStorage\579544fd7d0441717f082c9eb123588966aa57ac\70b31a3c-9c62-42ae-936f-bbc365817254\d7614f8e699d7af7_0;d7614f8e699d7af7_0;;otro;00_CONTROL;2810;2026-09-05 00:57
00_CONTROL\.ig-profile\Default\Service Worker\CacheStorage\579544fd7d0441717f082c9eb123588966aa57ac\70b31a3c-9c62-42ae-936f-bbc365817254\d7860e993a5630c3_0;d7860e993a5630c3_0;;otro;00_CONTROL;1459;2026-09-05 00:58
00_CONTROL\.ig-profile\Default\Service Worker\CacheStorage\579544fd7d0441717f082c9eb123588966aa57ac\70b31a3c-9c62-42ae-936f-bbc365817254\d7c1eb09513b88dc_0;d7c1eb09513b88dc_0;;otro;00_CONTROL;67501;2026-09-05 00:57
00_CONTROL\.ig-profile\Default\Service Worker\CacheStorage\579544fd7d0441717f082c9eb123588966aa57ac\70b31a3c-9c62-42ae-936f-bbc365817254\d7ee02e163765039_0;d7ee02e163765039_0;;otro;00_CONTROL;1316;2026-09-05 00:57
00_CONTROL\.ig-profile\Default\Service Worker\CacheStorage\579544fd7d0441717f082c9eb123588966aa57ac\70b31a3c-9c62-42ae-936f-bbc365817254\d85ab24a940b886b_0;d85ab24a940b886b_0;;otro;00_CONTROL;1472;2026-09-05 00:57
00_CONTROL\.ig-profile\Default\Service Worker\CacheStorage\579544fd7d0441717f082c9eb123588966aa57ac\70b31a3c-9c62-42ae-936f-bbc365817254\d868e21a071aaa88_0;d868e21a071aaa88_0;;otro;00_CONTROL;1537;2026-09-05 00:57
00_CONTROL\.ig-profile\Default\Service Worker\CacheStorage\579544fd7d0441717f082c9eb123588966aa57ac\70b31a3c-9c62-42ae-936f-bbc365817254\d86a30efba8dca7d_0;d86a30efba8dca7d_0;;otro;00_CONTROL;1578;2026-09-05 00:57
00_CONTROL\.ig-profile\Default\Service Worker\CacheStorage\579544fd7d0441717f082c9eb123588966aa57ac\70b31a3c-9c62-42ae-936f-bbc365817254\d877c081a5e74446_0;d877c081a5e74446_0;;otro;00_CONTROL;1424;2026-09-05 00:58
00_CONTROL\.ig-profile\Default\Service Worker\CacheStorage\579544fd7d0441717f082c9eb123588966aa57ac\70b31a3c-9c62-42ae-936f-bbc365817254\d904d5df8bcc2368_0;d904d5df8bcc2368_0;;otro;00_CONTROL;1407;2026-09-05 00:57
00_CONTROL\.ig-profile\Default\Service Worker\CacheStorage\579544fd7d0441717f082c9eb123588966aa57ac\70b31a3c-9c62-42ae-936f-bbc365817254\da9bf1b664b212e4_0;da9bf1b664b212e4_0;;otro;00_CONTROL;1372;2026-09-05 00:58
00_CONTROL\.ig-profile\Default\Service Worker\CacheStorage\579544fd7d0441717f082c9eb123588966aa57ac\70b31a3c-9c62-42ae-936f-bbc365817254\daf657e3d886e3f5_0;daf657e3d886e3f5_0;;otro;00_CONTROL;1474;2026-09-05 00:58
00_CONTROL\.ig-profile\Default\Service Worker\CacheStorage\579544fd7d0441717f082c9eb123588966aa57ac\70b31a3c-9c62-42ae-936f-bbc365817254\db9869d05db04f19_0;db9869d05db04f19_0;;otro;00_CONTROL;1327;2026-09-05 00:58
00_CONTROL\.ig-profile\Default\Service Worker\CacheStorage\579544fd7d0441717f082c9eb123588966aa57ac\70b31a3c-9c62-42ae-936f-bbc365817254\dc0b85e29399b7db_0;dc0b85e29399b7db_0;;otro;00_CONTROL;1446;2026-09-05 00:58
00_CONTROL\.ig-profile\Default\Service Worker\CacheStorage\579544fd7d0441717f082c9eb123588966aa57ac\70b31a3c-9c62-42ae-936f-bbc365817254\dd86e516f7ea18c3_0;dd86e516f7ea18c3_0;;otro;00_CONTROL;1422;2026-09-05 00:58
00_CONTROL\.ig-profile\Default\Service Worker\CacheStorage\579544fd7d0441717f082c9eb123588966aa57ac\70b31a3c-9c62-42ae-936f-bbc365817254\de38962cd1ad8145_0;de38962cd1ad8145_0;;otro;00_CONTROL;1385;2026-09-05 00:58
00_CONTROL\.ig-profile\Default\Service Worker\CacheStorage\579544fd7d0441717f082c9eb123588966aa57ac\70b31a3c-9c62-42ae-936f-bbc365817254\df1566ee5748d5c8_0;df1566ee5748d5c8_0;;otro;00_CONTROL;1532;2026-09-05 00:58
00_CONTROL\.ig-profile\Default\Service Worker\CacheStorage\579544fd7d0441717f082c9eb123588966aa57ac\70b31a3c-9c62-42ae-936f-bbc365817254\df29d983c7787c30_0;df29d983c7787c30_0;;otro;00_CONTROL;1401;2026-09-05 00:58
00_CONTROL\.ig-profile\Default\Service Worker\CacheStorage\579544fd7d0441717f082c9eb123588966aa57ac\70b31a3c-9c62-42ae-936f-bbc365817254\e06cabc98b1c4b25_0;e06cabc98b1c4b25_0;;otro;00_CONTROL;1466;2026-09-05 00:58
00_CONTROL\.ig-profile\Default\Service Worker\CacheStorage\579544fd7d0441717f082c9eb123588966aa57ac\70b31a3c-9c62-42ae-936f-bbc365817254\e072450abf56cd4e_0;e072450abf56cd4e_0;;otro;00_CONTROL;1409;2026-09-05 00:58
00_CONTROL\.ig-profile\Default\Service Worker\CacheStorage\579544fd7d0441717f082c9eb123588966aa57ac\70b31a3c-9c62-42ae-936f-bbc365817254\e1a11641a222cb84_0;e1a11641a222cb84_0;;otro;00_CONTROL;1283;2026-09-05 00:58
00_CONTROL\.ig-profile\Default\Service Worker\CacheStorage\579544fd7d0441717f082c9eb123588966aa57ac\70b31a3c-9c62-42ae-936f-bbc365817254\e1b0a3fbeffc9be3_0;e1b0a3fbeffc9be3_0;;otro;00_CONTROL;1469;2026-09-05 00:57
00_CONTROL\.ig-profile\Default\Service Worker\CacheStorage\579544fd7d0441717f082c9eb123588966aa57ac\70b31a3c-9c62-42ae-936f-bbc365817254\e2539ce4c4b91c64_0;e2539ce4c4b91c64_0;;otro;00_CONTROL;52879;2026-09-05 00:57
00_CONTROL\.ig-profile\Default\Service Worker\CacheStorage\579544fd7d0441717f082c9eb123588966aa57ac\70b31a3c-9c62-42ae-936f-bbc365817254\e27dc59ce1a1362c_0;e27dc59ce1a1362c_0;;otro;00_CONTROL;1442;2026-09-05 00:58
00_CONTROL\.ig-profile\Default\Service Worker\CacheStorage\579544fd7d0441717f082c9eb123588966aa57ac\70b31a3c-9c62-42ae-936f-bbc365817254\e51b347d4c00be5c_0;e51b347d4c00be5c_0;;otro;00_CONTROL;1304;2026-09-05 00:57
00_CONTROL\.ig-profile\Default\Service Worker\CacheStorage\579544fd7d0441717f082c9eb123588966aa57ac\70b31a3c-9c62-42ae-936f-bbc365817254\e56ddf935567f7ef_0;e56ddf935567f7ef_0;;otro;00_CONTROL;1459;2026-09-05 00:57
00_CONTROL\.ig-profile\Default\Service Worker\CacheStorage\579544fd7d0441717f082c9eb123588966aa57ac\70b31a3c-9c62-42ae-936f-bbc365817254\e6a4d86dbe08b13e_0;e6a4d86dbe08b13e_0;;otro;00_CONTROL;1380;2026-09-05 00:58
00_CONTROL\.ig-profile\Default\Service Worker\CacheStorage\579544fd7d0441717f082c9eb123588966aa57ac\70b31a3c-9c62-42ae-936f-bbc365817254\e783970fc7df1fe0_0;e783970fc7df1fe0_0;;otro;00_CONTROL;1510;2026-09-05 00:57
00_CONTROL\.ig-profile\Default\Service Worker\CacheStorage\579544fd7d0441717f082c9eb123588966aa57ac\70b31a3c-9c62-42ae-936f-bbc365817254\e8fca6e5aa54903c_0;e8fca6e5aa54903c_0;;otro;00_CONTROL;1464;2026-09-05 00:57
00_CONTROL\.ig-profile\Default\Service Worker\CacheStorage\579544fd7d0441717f082c9eb123588966aa57ac\70b31a3c-9c62-42ae-936f-bbc365817254\e909f7c6df34fa61_0;e909f7c6df34fa61_0;;otro;00_CONTROL;1599;2026-09-05 00:58
00_CONTROL\.ig-profile\Default\Service Worker\CacheStorage\579544fd7d0441717f082c9eb123588966aa57ac\70b31a3c-9c62-42ae-936f-bbc365817254\e90b160176cd82b1_0;e90b160176cd82b1_0;;otro;00_CONTROL;1710;2026-09-05 00:57
00_CONTROL\.ig-profile\Default\Service Worker\CacheStorage\579544fd7d0441717f082c9eb123588966aa57ac\70b31a3c-9c62-42ae-936f-bbc365817254\e97e0c67bace2cf0_0;e97e0c67bace2cf0_0;;otro;00_CONTROL;1761;2026-09-05 00:57
00_CONTROL\.ig-profile\Default\Service Worker\CacheStorage\579544fd7d0441717f082c9eb123588966aa57ac\70b31a3c-9c62-42ae-936f-bbc365817254\e97f8dab42e0d8e7_0;e97f8dab42e0d8e7_0;;otro;00_CONTROL;1451;2026-09-05 00:57
00_CONTROL\.ig-profile\Default\Service Worker\CacheStorage\579544fd7d0441717f082c9eb123588966aa57ac\70b31a3c-9c62-42ae-936f-bbc365817254\e9953b743f7c2f41_0;e9953b743f7c2f41_0;;otro;00_CONTROL;1454;2026-09-05 00:58
00_CONTROL\.ig-profile\Default\Service Worker\CacheStorage\579544fd7d0441717f082c9eb123588966aa57ac\70b31a3c-9c62-42ae-936f-bbc365817254\ea213b800075ab34_0;ea213b800075ab34_0;;otro;00_CONTROL;1437;2026-09-05 00:57
00_CONTROL\.ig-profile\Default\Service Worker\CacheStorage\579544fd7d0441717f082c9eb123588966aa57ac\70b31a3c-9c62-42ae-936f-bbc365817254\ea7647fca069f90f_0;ea7647fca069f90f_0;;otro;00_CONTROL;1366;2026-09-05 00:57
00_CONTROL\.ig-profile\Default\Service Worker\CacheStorage\579544fd7d0441717f082c9eb123588966aa57ac\70b31a3c-9c62-42ae-936f-bbc365817254\eae1d667c105527a_0;eae1d667c105527a_0;;otro;00_CONTROL;1358;2026-09-05 00:58
00_CONTROL\.ig-profile\Default\Service Worker\CacheStorage\579544fd7d0441717f082c9eb123588966aa57ac\70b31a3c-9c62-42ae-936f-bbc365817254\eaf75b8fe5189380_0;eaf75b8fe5189380_0;;otro;00_CONTROL;1387;2026-09-05 00:58
00_CONTROL\.ig-profile\Default\Service Worker\CacheStorage\579544fd7d0441717f082c9eb123588966aa57ac\70b31a3c-9c62-42ae-936f-bbc365817254\ebfec19c01a2e65b_0;ebfec19c01a2e65b_0;;otro;00_CONTROL;1504;2026-09-05 00:57
00_CONTROL\.ig-profile\Default\Service Worker\CacheStorage\579544fd7d0441717f082c9eb123588966aa57ac\70b31a3c-9c62-42ae-936f-bbc365817254\eccb5f0dcff7ac51_0;eccb5f0dcff7ac51_0;;otro;00_CONTROL;1403;2026-09-05 00:58
00_CONTROL\.ig-profile\Default\Service Worker\CacheStorage\579544fd7d0441717f082c9eb123588966aa57ac\70b31a3c-9c62-42ae-936f-bbc365817254\ed35e8f7da1e5e18_0;ed35e8f7da1e5e18_0;;otro;00_CONTROL;1396;2026-09-05 00:58
00_CONTROL\.ig-profile\Default\Service Worker\CacheStorage\579544fd7d0441717f082c9eb123588966aa57ac\70b31a3c-9c62-42ae-936f-bbc365817254\ed88fc92ee703cf0_0;ed88fc92ee703cf0_0;;otro;00_CONTROL;1684;2026-09-05 00:58
00_CONTROL\.ig-profile\Default\Service Worker\CacheStorage\579544fd7d0441717f082c9eb123588966aa57ac\70b31a3c-9c62-42ae-936f-bbc365817254\edc4373b200da25f_0;edc4373b200da25f_0;;otro;00_CONTROL;1397;2026-09-05 00:57
00_CONTROL\.ig-profile\Default\Service Worker\CacheStorage\579544fd7d0441717f082c9eb123588966aa57ac\70b31a3c-9c62-42ae-936f-bbc365817254\ee829bf4f42f1888_0;ee829bf4f42f1888_0;;otro;00_CONTROL;1551;2026-09-05 00:58
00_CONTROL\.ig-profile\Default\Service Worker\CacheStorage\579544fd7d0441717f082c9eb123588966aa57ac\70b31a3c-9c62-42ae-936f-bbc365817254\ef2982b5975e4296_0;ef2982b5975e4296_0;;otro;00_CONTROL;1355;2026-09-05 00:57
00_CONTROL\.ig-profile\Default\Service Worker\CacheStorage\579544fd7d0441717f082c9eb123588966aa57ac\70b31a3c-9c62-42ae-936f-bbc365817254\ef5b2db1a8142fc9_0;ef5b2db1a8142fc9_0;;otro;00_CONTROL;1463;2026-09-05 00:58
00_CONTROL\.ig-profile\Default\Service Worker\CacheStorage\579544fd7d0441717f082c9eb123588966aa57ac\70b31a3c-9c62-42ae-936f-bbc365817254\efbc196a4dfb22aa_0;efbc196a4dfb22aa_0;;otro;00_CONTROL;1389;2026-09-05 00:57
00_CONTROL\.ig-profile\Default\Service Worker\CacheStorage\579544fd7d0441717f082c9eb123588966aa57ac\70b31a3c-9c62-42ae-936f-bbc365817254\efd475c526c9c1d8_0;efd475c526c9c1d8_0;;otro;00_CONTROL;1530;2026-09-05 00:58
00_CONTROL\.ig-profile\Default\Service Worker\CacheStorage\579544fd7d0441717f082c9eb123588966aa57ac\70b31a3c-9c62-42ae-936f-bbc365817254\f016fbdaf514b269_0;f016fbdaf514b269_0;;otro;00_CONTROL;1609;2026-09-05 00:58
00_CONTROL\.ig-profile\Default\Service Worker\CacheStorage\579544fd7d0441717f082c9eb123588966aa57ac\70b31a3c-9c62-42ae-936f-bbc365817254\f1263cdcb28a2882_0;f1263cdcb28a2882_0;;otro;00_CONTROL;1443;2026-09-05 00:58
00_CONTROL\.ig-profile\Default\Service Worker\CacheStorage\579544fd7d0441717f082c9eb123588966aa57ac\70b31a3c-9c62-42ae-936f-bbc365817254\f22388deab1c296d_0;f22388deab1c296d_0;;otro;00_CONTROL;1766;2026-09-05 00:58
00_CONTROL\.ig-profile\Default\Service Worker\CacheStorage\579544fd7d0441717f082c9eb123588966aa57ac\70b31a3c-9c62-42ae-936f-bbc365817254\f267e80a6f81f4b5_0;f267e80a6f81f4b5_0;;otro;00_CONTROL;1411;2026-09-05 00:58
00_CONTROL\.ig-profile\Default\Service Worker\CacheStorage\579544fd7d0441717f082c9eb123588966aa57ac\70b31a3c-9c62-42ae-936f-bbc365817254\f2b90e027d21b687_0;f2b90e027d21b687_0;;otro;00_CONTROL;1331;2026-09-05 00:58
00_CONTROL\.ig-profile\Default\Service Worker\CacheStorage\579544fd7d0441717f082c9eb123588966aa57ac\70b31a3c-9c62-42ae-936f-bbc365817254\f3f5fbc2f09835ce_0;f3f5fbc2f09835ce_0;;otro;00_CONTROL;1355;2026-09-05 00:57
00_CONTROL\.ig-profile\Default\Service Worker\CacheStorage\579544fd7d0441717f082c9eb123588966aa57ac\70b31a3c-9c62-42ae-936f-bbc365817254\f4e079ef6a9cdb5e_0;f4e079ef6a9cdb5e_0;;otro;00_CONTROL;1369;2026-09-05 00:58
00_CONTROL\.ig-profile\Default\Service Worker\CacheStorage\579544fd7d0441717f082c9eb123588966aa57ac\70b31a3c-9c62-42ae-936f-bbc365817254\f529e18a77966546_0;f529e18a77966546_0;;otro;00_CONTROL;1439;2026-09-05 00:58
00_CONTROL\.ig-profile\Default\Service Worker\CacheStorage\579544fd7d0441717f082c9eb123588966aa57ac\70b31a3c-9c62-42ae-936f-bbc365817254\f5a310cc8b2edd28_0;f5a310cc8b2edd28_0;;otro;00_CONTROL;1742;2026-09-05 00:58
00_CONTROL\.ig-profile\Default\Service Worker\CacheStorage\579544fd7d0441717f082c9eb123588966aa57ac\70b31a3c-9c62-42ae-936f-bbc365817254\f5beb7f811387224_0;f5beb7f811387224_0;;otro;00_CONTROL;1733;2026-09-05 00:58
00_CONTROL\.ig-profile\Default\Service Worker\CacheStorage\579544fd7d0441717f082c9eb123588966aa57ac\70b31a3c-9c62-42ae-936f-bbc365817254\f66df915c89a519d_0;f66df915c89a519d_0;;otro;00_CONTROL;1459;2026-09-05 00:58
00_CONTROL\.ig-profile\Default\Service Worker\CacheStorage\579544fd7d0441717f082c9eb123588966aa57ac\70b31a3c-9c62-42ae-936f-bbc365817254\f6c0156a2fea2845_0;f6c0156a2fea2845_0;;otro;00_CONTROL;1572;2026-09-05 00:58
00_CONTROL\.ig-profile\Default\Service Worker\CacheStorage\579544fd7d0441717f082c9eb123588966aa57ac\70b31a3c-9c62-42ae-936f-bbc365817254\f6f4d65c2f0747df_0;f6f4d65c2f0747df_0;;otro;00_CONTROL;1453;2026-09-05 00:58
00_CONTROL\.ig-profile\Default\Service Worker\CacheStorage\579544fd7d0441717f082c9eb123588966aa57ac\70b31a3c-9c62-42ae-936f-bbc365817254\f71b17f7ebd58e9d_0;f71b17f7ebd58e9d_0;;otro;00_CONTROL;1358;2026-09-05 00:57
00_CONTROL\.ig-profile\Default\Service Worker\CacheStorage\579544fd7d0441717f082c9eb123588966aa57ac\70b31a3c-9c62-42ae-936f-bbc365817254\f791b588370f3828_0;f791b588370f3828_0;;otro;00_CONTROL;1467;2026-09-05 00:58
00_CONTROL\.ig-profile\Default\Service Worker\CacheStorage\579544fd7d0441717f082c9eb123588966aa57ac\70b31a3c-9c62-42ae-936f-bbc365817254\f7ae4156a119fb28_0;f7ae4156a119fb28_0;;otro;00_CONTROL;1626;2026-09-05 00:57
00_CONTROL\.ig-profile\Default\Service Worker\CacheStorage\579544fd7d0441717f082c9eb123588966aa57ac\70b31a3c-9c62-42ae-936f-bbc365817254\f877fef425749231_0;f877fef425749231_0;;otro;00_CONTROL;1494;2026-09-05 00:58
00_CONTROL\.ig-profile\Default\Service Worker\CacheStorage\579544fd7d0441717f082c9eb123588966aa57ac\70b31a3c-9c62-42ae-936f-bbc365817254\f8901d129c274bed_0;f8901d129c274bed_0;;otro;00_CONTROL;1427;2026-09-05 00:58
00_CONTROL\.ig-profile\Default\Service Worker\CacheStorage\579544fd7d0441717f082c9eb123588966aa57ac\70b31a3c-9c62-42ae-936f-bbc365817254\f895d0a6446241da_0;f895d0a6446241da_0;;otro;00_CONTROL;1441;2026-09-05 00:58
00_CONTROL\.ig-profile\Default\Service Worker\CacheStorage\579544fd7d0441717f082c9eb123588966aa57ac\70b31a3c-9c62-42ae-936f-bbc365817254\f8d79728ff97f661_0;f8d79728ff97f661_0;;otro;00_CONTROL;1389;2026-09-05 00:58
00_CONTROL\.ig-profile\Default\Service Worker\CacheStorage\579544fd7d0441717f082c9eb123588966aa57ac\70b31a3c-9c62-42ae-936f-bbc365817254\f8e0d7196e603f5c_0;f8e0d7196e603f5c_0;;otro;00_CONTROL;1379;2026-09-05 00:58
00_CONTROL\.ig-profile\Default\Service Worker\CacheStorage\579544fd7d0441717f082c9eb123588966aa57ac\70b31a3c-9c62-42ae-936f-bbc365817254\fa4ed36594c5557d_0;fa4ed36594c5557d_0;;otro;00_CONTROL;1236;2026-09-05 00:58
00_CONTROL\.ig-profile\Default\Service Worker\CacheStorage\579544fd7d0441717f082c9eb123588966aa57ac\70b31a3c-9c62-42ae-936f-bbc365817254\fb0c98a284d9915a_0;fb0c98a284d9915a_0;;otro;00_CONTROL;1347;2026-09-05 00:57
00_CONTROL\.ig-profile\Default\Service Worker\CacheStorage\579544fd7d0441717f082c9eb123588966aa57ac\70b31a3c-9c62-42ae-936f-bbc365817254\fb96252ef371bd49_0;fb96252ef371bd49_0;;otro;00_CONTROL;1445;2026-09-05 00:58
00_CONTROL\.ig-profile\Default\Service Worker\CacheStorage\579544fd7d0441717f082c9eb123588966aa57ac\70b31a3c-9c62-42ae-936f-bbc365817254\fcbc1da413162718_0;fcbc1da413162718_0;;otro;00_CONTROL;1654;2026-09-05 00:57
00_CONTROL\.ig-profile\Default\Service Worker\CacheStorage\579544fd7d0441717f082c9eb123588966aa57ac\70b31a3c-9c62-42ae-936f-bbc365817254\fd1abaa0e6192be7_0;fd1abaa0e6192be7_0;;otro;00_CONTROL;1432;2026-09-05 00:57
00_CONTROL\.ig-profile\Default\Service Worker\CacheStorage\579544fd7d0441717f082c9eb123588966aa57ac\70b31a3c-9c62-42ae-936f-bbc365817254\fd5f5589973f3caa_0;fd5f5589973f3caa_0;;otro;00_CONTROL;1331;2026-09-05 00:58
00_CONTROL\.ig-profile\Default\Service Worker\CacheStorage\579544fd7d0441717f082c9eb123588966aa57ac\70b31a3c-9c62-42ae-936f-bbc365817254\fe0825ba0022493e_0;fe0825ba0022493e_0;;otro;00_CONTROL;1437;2026-09-05 00:57
00_CONTROL\.ig-profile\Default\Service Worker\CacheStorage\579544fd7d0441717f082c9eb123588966aa57ac\70b31a3c-9c62-42ae-936f-bbc365817254\fe0863a94af0f7c9_0;fe0863a94af0f7c9_0;;otro;00_CONTROL;1520;2026-09-05 00:58
00_CONTROL\.ig-profile\Default\Service Worker\CacheStorage\579544fd7d0441717f082c9eb123588966aa57ac\70b31a3c-9c62-42ae-936f-bbc365817254\fe756b47c45a5730_0;fe756b47c45a5730_0;;otro;00_CONTROL;1562;2026-09-05 00:58
00_CONTROL\.ig-profile\Default\Service Worker\CacheStorage\579544fd7d0441717f082c9eb123588966aa57ac\70b31a3c-9c62-42ae-936f-bbc365817254\fe8c580bed1de761_0;fe8c580bed1de761_0;;otro;00_CONTROL;1375;2026-09-05 00:57
00_CONTROL\.ig-profile\Default\Service Worker\CacheStorage\579544fd7d0441717f082c9eb123588966aa57ac\70b31a3c-9c62-42ae-936f-bbc365817254\febdb5cc1f915199_0;febdb5cc1f915199_0;;otro;00_CONTROL;1375;2026-09-05 00:57
00_CONTROL\.ig-profile\Default\Service Worker\CacheStorage\579544fd7d0441717f082c9eb123588966aa57ac\70b31a3c-9c62-42ae-936f-bbc365817254\ff36c015dd67add3_0;ff36c015dd67add3_0;;otro;00_CONTROL;1399;2026-09-05 00:58
00_CONTROL\.ig-profile\Default\Service Worker\CacheStorage\579544fd7d0441717f082c9eb123588966aa57ac\70b31a3c-9c62-42ae-936f-bbc365817254\ffa1cfeb1d201a97_0;ffa1cfeb1d201a97_0;;otro;00_CONTROL;1475;2026-09-05 00:58
00_CONTROL\.ig-profile\Default\Service Worker\CacheStorage\579544fd7d0441717f082c9eb123588966aa57ac\70b31a3c-9c62-42ae-936f-bbc365817254\index;index;;otro;00_CONTROL;24;2026-09-05 00:57
00_CONTROL\.ig-profile\Default\Service Worker\CacheStorage\579544fd7d0441717f082c9eb123588966aa57ac\70b31a3c-9c62-42ae-936f-bbc365817254\index-dir\the-real-index;the-real-index;;otro;00_CONTROL;12000;2026-09-05 00:58
00_CONTROL\.ig-profile\Default\Service Worker\CacheStorage\579544fd7d0441717f082c9eb123588966aa57ac\9b743d5b-c8be-470d-a5f7-de1c1b00d9d4\7f08f0e5f7ed34e5_0;7f08f0e5f7ed34e5_0;;otro;00_CONTROL;4342601;2026-09-05 00:57
00_CONTROL\.ig-profile\Default\Service Worker\CacheStorage\579544fd7d0441717f082c9eb123588966aa57ac\9b743d5b-c8be-470d-a5f7-de1c1b00d9d4\b2005066068b53bf_0;b2005066068b53bf_0;;otro;00_CONTROL;4342623;2026-09-05 00:57
00_CONTROL\.ig-profile\Default\Service Worker\CacheStorage\579544fd7d0441717f082c9eb123588966aa57ac\9b743d5b-c8be-470d-a5f7-de1c1b00d9d4\b22e5651a969af87_0;b22e5651a969af87_0;;otro;00_CONTROL;4342607;2026-09-05 00:57
00_CONTROL\.ig-profile\Default\Service Worker\CacheStorage\579544fd7d0441717f082c9eb123588966aa57ac\9b743d5b-c8be-470d-a5f7-de1c1b00d9d4\index;index;;otro;00_CONTROL;24;2026-09-05 00:57
00_CONTROL\.ig-profile\Default\Service Worker\CacheStorage\579544fd7d0441717f082c9eb123588966aa57ac\9b743d5b-c8be-470d-a5f7-de1c1b00d9d4\index-dir\the-real-index;the-real-index;;otro;00_CONTROL;120;2026-09-05 00:58
00_CONTROL\.ig-profile\Default\Service Worker\CacheStorage\579544fd7d0441717f082c9eb123588966aa57ac\index.txt;index.txt;.txt;documento;00_CONTROL;664;2026-09-05 00:58
00_CONTROL\.ig-profile\Default\Service Worker\CacheStorage\f278ba7242a4b0474c6478429cbbac36bd73e18d\63b0ad6d-1a5a-4060-86b8-33d9caffe274\080f915ea078118a_0;080f915ea078118a_0;;otro;00_CONTROL;9303;2026-09-05 00:57
00_CONTROL\.ig-profile\Default\Service Worker\CacheStorage\f278ba7242a4b0474c6478429cbbac36bd73e18d\63b0ad6d-1a5a-4060-86b8-33d9caffe274\0c7ca62737dccf75_0;0c7ca62737dccf75_0;;otro;00_CONTROL;16920;2026-09-05 00:57
00_CONTROL\.ig-profile\Default\Service Worker\CacheStorage\f278ba7242a4b0474c6478429cbbac36bd73e18d\63b0ad6d-1a5a-4060-86b8-33d9caffe274\0e570a5993230d0a_0;0e570a5993230d0a_0;;otro;00_CONTROL;25032;2026-09-05 00:57
00_CONTROL\.ig-profile\Default\Service Worker\CacheStorage\f278ba7242a4b0474c6478429cbbac36bd73e18d\63b0ad6d-1a5a-4060-86b8-33d9caffe274\10995cd5ba637876_0;10995cd5ba637876_0;;otro;00_CONTROL;21632;2026-09-05 00:57
00_CONTROL\.ig-profile\Default\Service Worker\CacheStorage\f278ba7242a4b0474c6478429cbbac36bd73e18d\63b0ad6d-1a5a-4060-86b8-33d9caffe274\10c55faa09235c8b_0;10c55faa09235c8b_0;;otro;00_CONTROL;9511;2026-09-05 00:57
00_CONTROL\.ig-profile\Default\Service Worker\CacheStorage\f278ba7242a4b0474c6478429cbbac36bd73e18d\63b0ad6d-1a5a-4060-86b8-33d9caffe274\1c9f8ea9d96951fb_0;1c9f8ea9d96951fb_0;;otro;00_CONTROL;41308;2026-09-05 00:57
00_CONTROL\.ig-profile\Default\Service Worker\CacheStorage\f278ba7242a4b0474c6478429cbbac36bd73e18d\63b0ad6d-1a5a-4060-86b8-33d9caffe274\220fb2ee695ed241_0;220fb2ee695ed241_0;;otro;00_CONTROL;27612;2026-09-05 00:57
00_CONTROL\.ig-profile\Default\Service Worker\CacheStorage\f278ba7242a4b0474c6478429cbbac36bd73e18d\63b0ad6d-1a5a-4060-86b8-33d9caffe274\314c122e07d6bb66_0;314c122e07d6bb66_0;;otro;00_CONTROL;48375;2026-09-05 00:57
00_CONTROL\.ig-profile\Default\Service Worker\CacheStorage\f278ba7242a4b0474c6478429cbbac36bd73e18d\63b0ad6d-1a5a-4060-86b8-33d9caffe274\327aa8d571b15d4e_0;327aa8d571b15d4e_0;;otro;00_CONTROL;42120;2026-09-05 00:57
00_CONTROL\.ig-profile\Default\Service Worker\CacheStorage\f278ba7242a4b0474c6478429cbbac36bd73e18d\63b0ad6d-1a5a-4060-86b8-33d9caffe274\463203b260e87778_0;463203b260e87778_0;;otro;00_CONTROL;77080;2026-09-05 00:57
00_CONTROL\.ig-profile\Default\Service Worker\CacheStorage\f278ba7242a4b0474c6478429cbbac36bd73e18d\63b0ad6d-1a5a-4060-86b8-33d9caffe274\481ec232333f4763_0;481ec232333f4763_0;;otro;00_CONTROL;73532;2026-09-05 00:57
00_CONTROL\.ig-profile\Default\Service Worker\CacheStorage\f278ba7242a4b0474c6478429cbbac36bd73e18d\63b0ad6d-1a5a-4060-86b8-33d9caffe274\486910a000e794bd_0;486910a000e794bd_0;;otro;00_CONTROL;37452;2026-09-05 00:57
00_CONTROL\.ig-profile\Default\Service Worker\CacheStorage\f278ba7242a4b0474c6478429cbbac36bd73e18d\63b0ad6d-1a5a-4060-86b8-33d9caffe274\4cfaa271d76bf53f_0;4cfaa271d76bf53f_0;;otro;00_CONTROL;16752;2026-09-05 00:57
00_CONTROL\.ig-profile\Default\Service Worker\CacheStorage\f278ba7242a4b0474c6478429cbbac36bd73e18d\63b0ad6d-1a5a-4060-86b8-33d9caffe274\54d30886af56dca1_0;54d30886af56dca1_0;;otro;00_CONTROL;5523;2026-09-05 00:57
00_CONTROL\.ig-profile\Default\Service Worker\CacheStorage\f278ba7242a4b0474c6478429cbbac36bd73e18d\63b0ad6d-1a5a-4060-86b8-33d9caffe274\6ac2eb3b27cc6c9d_0;6ac2eb3b27cc6c9d_0;;otro;00_CONTROL;18575;2026-09-05 00:57
00_CONTROL\.ig-profile\Default\Service Worker\CacheStorage\f278ba7242a4b0474c6478429cbbac36bd73e18d\63b0ad6d-1a5a-4060-86b8-33d9caffe274\74cd3af4c1d573c4_0;74cd3af4c1d573c4_0;;otro;00_CONTROL;170259;2026-09-05 00:57
00_CONTROL\.ig-profile\Default\Service Worker\CacheStorage\f278ba7242a4b0474c6478429cbbac36bd73e18d\63b0ad6d-1a5a-4060-86b8-33d9caffe274\78142062675918b9_0;78142062675918b9_0;;otro;00_CONTROL;3555;2026-09-05 00:57
00_CONTROL\.ig-profile\Default\Service Worker\CacheStorage\f278ba7242a4b0474c6478429cbbac36bd73e18d\63b0ad6d-1a5a-4060-86b8-33d9caffe274\797d43ed3348b3e3_0;797d43ed3348b3e3_0;;otro;00_CONTROL;10219;2026-09-05 00:57
00_CONTROL\.ig-profile\Default\Service Worker\CacheStorage\f278ba7242a4b0474c6478429cbbac36bd73e18d\63b0ad6d-1a5a-4060-86b8-33d9caffe274\88a476813439adfd_0;88a476813439adfd_0;;otro;00_CONTROL;47080;2026-09-05 00:57
00_CONTROL\.ig-profile\Default\Service Worker\CacheStorage\f278ba7242a4b0474c6478429cbbac36bd73e18d\63b0ad6d-1a5a-4060-86b8-33d9caffe274\8aa49a822d4b2b05_0;8aa49a822d4b2b05_0;;otro;00_CONTROL;564578;2026-09-05 00:57
00_CONTROL\.ig-profile\Default\Service Worker\CacheStorage\f278ba7242a4b0474c6478429cbbac36bd73e18d\63b0ad6d-1a5a-4060-86b8-33d9caffe274\8fed3ac770aa6643_0;8fed3ac770aa6643_0;;otro;00_CONTROL;249673;2026-09-05 00:57
00_CONTROL\.ig-profile\Default\Service Worker\CacheStorage\f278ba7242a4b0474c6478429cbbac36bd73e18d\63b0ad6d-1a5a-4060-86b8-33d9caffe274\9d60c29301eb465d_0;9d60c29301eb465d_0;;otro;00_CONTROL;18720;2026-09-05 00:57
00_CONTROL\.ig-profile\Default\Service Worker\CacheStorage\f278ba7242a4b0474c6478429cbbac36bd73e18d\63b0ad6d-1a5a-4060-86b8-33d9caffe274\9de18b14ad6f9a2d_0;9de18b14ad6f9a2d_0;;otro;00_CONTROL;13404;2026-09-05 00:57
00_CONTROL\.ig-profile\Default\Service Worker\CacheStorage\f278ba7242a4b0474c6478429cbbac36bd73e18d\63b0ad6d-1a5a-4060-86b8-33d9caffe274\a035edb6c21bba1d_0;a035edb6c21bba1d_0;;otro;00_CONTROL;36752;2026-09-05 00:57
00_CONTROL\.ig-profile\Default\Service Worker\CacheStorage\f278ba7242a4b0474c6478429cbbac36bd73e18d\63b0ad6d-1a5a-4060-86b8-33d9caffe274\a9555db2f00d16e5_0;a9555db2f00d16e5_0;;otro;00_CONTROL;164141;2026-09-05 00:57
00_CONTROL\.ig-profile\Default\Service Worker\CacheStorage\f278ba7242a4b0474c6478429cbbac36bd73e18d\63b0ad6d-1a5a-4060-86b8-33d9caffe274\adef4d8f179b89c3_0;adef4d8f179b89c3_0;;otro;00_CONTROL;19008;2026-09-05 00:57
00_CONTROL\.ig-profile\Default\Service Worker\CacheStorage\f278ba7242a4b0474c6478429cbbac36bd73e18d\63b0ad6d-1a5a-4060-86b8-33d9caffe274\b955b0db9146f248_0;b955b0db9146f248_0;;otro;00_CONTROL;234597;2026-09-05 00:57
00_CONTROL\.ig-profile\Default\Service Worker\CacheStorage\f278ba7242a4b0474c6478429cbbac36bd73e18d\63b0ad6d-1a5a-4060-86b8-33d9caffe274\bde693892187bd6f_0;bde693892187bd6f_0;;otro;00_CONTROL;18536;2026-09-05 00:57
00_CONTROL\.ig-profile\Default\Service Worker\CacheStorage\f278ba7242a4b0474c6478429cbbac36bd73e18d\63b0ad6d-1a5a-4060-86b8-33d9caffe274\c0525a82984a36d9_0;c0525a82984a36d9_0;;otro;00_CONTROL;16776;2026-09-05 00:57
00_CONTROL\.ig-profile\Default\Service Worker\CacheStorage\f278ba7242a4b0474c6478429cbbac36bd73e18d\63b0ad6d-1a5a-4060-86b8-33d9caffe274\c3d9403896f46a2c_0;c3d9403896f46a2c_0;;otro;00_CONTROL;77510;2026-09-05 00:57
00_CONTROL\.ig-profile\Default\Service Worker\CacheStorage\f278ba7242a4b0474c6478429cbbac36bd73e18d\63b0ad6d-1a5a-4060-86b8-33d9caffe274\c76d8204969fb031_0;c76d8204969fb031_0;;otro;00_CONTROL;21592;2026-09-05 00:57
00_CONTROL\.ig-profile\Default\Service Worker\CacheStorage\f278ba7242a4b0474c6478429cbbac36bd73e18d\63b0ad6d-1a5a-4060-86b8-33d9caffe274\c9be454d252448c4_0;c9be454d252448c4_0;;otro;00_CONTROL;23980;2026-09-05 00:57
00_CONTROL\.ig-profile\Default\Service Worker\CacheStorage\f278ba7242a4b0474c6478429cbbac36bd73e18d\63b0ad6d-1a5a-4060-86b8-33d9caffe274\cfe299372f9a6026_0;cfe299372f9a6026_0;;otro;00_CONTROL;42764;2026-09-05 00:57
00_CONTROL\.ig-profile\Default\Service Worker\CacheStorage\f278ba7242a4b0474c6478429cbbac36bd73e18d\63b0ad6d-1a5a-4060-86b8-33d9caffe274\dc36cfb859525ebf_0;dc36cfb859525ebf_0;;otro;00_CONTROL;14188;2026-09-05 00:57
00_CONTROL\.ig-profile\Default\Service Worker\CacheStorage\f278ba7242a4b0474c6478429cbbac36bd73e18d\63b0ad6d-1a5a-4060-86b8-33d9caffe274\ebb6c6d4ef091b42_0;ebb6c6d4ef091b42_0;;otro;00_CONTROL;67392;2026-09-05 00:57
00_CONTROL\.ig-profile\Default\Service Worker\CacheStorage\f278ba7242a4b0474c6478429cbbac36bd73e18d\63b0ad6d-1a5a-4060-86b8-33d9caffe274\ed5a116ab2e90336_0;ed5a116ab2e90336_0;;otro;00_CONTROL;41756;2026-09-05 00:57
00_CONTROL\.ig-profile\Default\Service Worker\CacheStorage\f278ba7242a4b0474c6478429cbbac36bd73e18d\63b0ad6d-1a5a-4060-86b8-33d9caffe274\f348317dbfc604c4_0;f348317dbfc604c4_0;;otro;00_CONTROL;9073;2026-09-05 00:57
00_CONTROL\.ig-profile\Default\Service Worker\CacheStorage\f278ba7242a4b0474c6478429cbbac36bd73e18d\63b0ad6d-1a5a-4060-86b8-33d9caffe274\f37c87cb65c2dad1_0;f37c87cb65c2dad1_0;;otro;00_CONTROL;22672;2026-09-05 00:57
00_CONTROL\.ig-profile\Default\Service Worker\CacheStorage\f278ba7242a4b0474c6478429cbbac36bd73e18d\63b0ad6d-1a5a-4060-86b8-33d9caffe274\f6a6d7275b1c494a_0;f6a6d7275b1c494a_0;;otro;00_CONTROL;62188;2026-09-05 00:57
00_CONTROL\.ig-profile\Default\Service Worker\CacheStorage\f278ba7242a4b0474c6478429cbbac36bd73e18d\63b0ad6d-1a5a-4060-86b8-33d9caffe274\f8d33d9d4e8cc420_0;f8d33d9d4e8cc420_0;;otro;00_CONTROL;18812;2026-09-05 00:57
00_CONTROL\.ig-profile\Default\Service Worker\CacheStorage\f278ba7242a4b0474c6478429cbbac36bd73e18d\63b0ad6d-1a5a-4060-86b8-33d9caffe274\index;index;;otro;00_CONTROL;24;2026-09-05 00:57
00_CONTROL\.ig-profile\Default\Service Worker\CacheStorage\f278ba7242a4b0474c6478429cbbac36bd73e18d\63b0ad6d-1a5a-4060-86b8-33d9caffe274\index-dir\the-real-index;the-real-index;;otro;00_CONTROL;1008;2026-09-05 00:58
00_CONTROL\.ig-profile\Default\Service Worker\CacheStorage\f278ba7242a4b0474c6478429cbbac36bd73e18d\index.txt;index.txt;.txt;documento;00_CONTROL;284;2026-09-05 00:57
00_CONTROL\.ig-profile\Default\Service Worker\Database\000003.log;000003.log;.log;otro;00_CONTROL;70571;2026-09-05 11:33
00_CONTROL\.ig-profile\Default\Service Worker\Database\CURRENT;CURRENT;;otro;00_CONTROL;16;2026-09-04 23:26
00_CONTROL\.ig-profile\Default\Service Worker\Database\LOCK;LOCK;;otro;00_CONTROL;0;2026-09-04 23:26
00_CONTROL\.ig-profile\Default\Service Worker\Database\LOG;LOG;;otro;00_CONTROL;450;2026-09-05 11:30
00_CONTROL\.ig-profile\Default\Service Worker\Database\LOG.old;LOG.old;.old;otro;00_CONTROL;450;2026-09-05 11:14
00_CONTROL\.ig-profile\Default\Service Worker\Database\MANIFEST-000001;MANIFEST-000001;;otro;00_CONTROL;41;2026-09-04 23:26
00_CONTROL\.ig-profile\Default\Service Worker\ScriptCache\04882e8afcdf263c_0;04882e8afcdf263c_0;;otro;00_CONTROL;119995;2026-09-05 11:33
00_CONTROL\.ig-profile\Default\Service Worker\ScriptCache\04882e8afcdf263c_1;04882e8afcdf263c_1;;otro;00_CONTROL;260498;2026-09-05 11:33
00_CONTROL\.ig-profile\Default\Service Worker\ScriptCache\3ef2ebed6c12e1f6_0;3ef2ebed6c12e1f6_0;;otro;00_CONTROL;5433;2026-09-05 00:57
00_CONTROL\.ig-profile\Default\Service Worker\ScriptCache\653e56b4b6556a9e_0;653e56b4b6556a9e_0;;otro;00_CONTROL;5664;2026-09-05 00:56
00_CONTROL\.ig-profile\Default\Service Worker\ScriptCache\83efbe48d0097388_0;83efbe48d0097388_0;;otro;00_CONTROL;438568;2026-09-05 00:57
00_CONTROL\.ig-profile\Default\Service Worker\ScriptCache\83efbe48d0097388_1;83efbe48d0097388_1;;otro;00_CONTROL;1333946;2026-09-05 00:57
00_CONTROL\.ig-profile\Default\Service Worker\ScriptCache\9d7e27336e245213_0;9d7e27336e245213_0;;otro;00_CONTROL;10269;2026-09-05 11:33
00_CONTROL\.ig-profile\Default\Service Worker\ScriptCache\9d7e27336e245213_1;9d7e27336e245213_1;;otro;00_CONTROL;1642;2026-09-05 11:33
00_CONTROL\.ig-profile\Default\Service Worker\ScriptCache\ce2a2172c04b134d_0;ce2a2172c04b134d_0;;otro;00_CONTROL;119618;2026-09-05 00:57
00_CONTROL\.ig-profile\Default\Service Worker\ScriptCache\ce2a2172c04b134d_1;ce2a2172c04b134d_1;;otro;00_CONTROL;287666;2026-09-05 00:57
00_CONTROL\.ig-profile\Default\Service Worker\ScriptCache\f13a76bbf6c7f0b3_0;f13a76bbf6c7f0b3_0;;otro;00_CONTROL;181773;2026-09-05 00:56
00_CONTROL\.ig-profile\Default\Service Worker\ScriptCache\f13a76bbf6c7f0b3_1;f13a76bbf6c7f0b3_1;;otro;00_CONTROL;554954;2026-09-05 00:56
00_CONTROL\.ig-profile\Default\Service Worker\ScriptCache\index;index;;otro;00_CONTROL;24;2026-09-04 23:26
00_CONTROL\.ig-profile\Default\Service Worker\ScriptCache\index-dir\the-real-index;the-real-index;;otro;00_CONTROL;216;2026-09-05 11:33
00_CONTROL\.ig-profile\Default\Session Storage\000004.log;000004.log;.log;otro;00_CONTROL;7031;2026-09-05 14:33
00_CONTROL\.ig-profile\Default\Session Storage\000005.ldb;000005.ldb;.ldb;otro;00_CONTROL;17203;2026-09-05 11:14
00_CONTROL\.ig-profile\Default\Session Storage\CURRENT;CURRENT;;otro;00_CONTROL;16;2026-09-04 22:43
00_CONTROL\.ig-profile\Default\Session Storage\LOCK;LOCK;;otro;00_CONTROL;0;2026-09-04 22:43
00_CONTROL\.ig-profile\Default\Session Storage\LOG;LOG;;otro;00_CONTROL;434;2026-09-05 11:30
00_CONTROL\.ig-profile\Default\Session Storage\LOG.old;LOG.old;.old;otro;00_CONTROL;597;2026-09-05 11:14
00_CONTROL\.ig-profile\Default\Session Storage\MANIFEST-000001;MANIFEST-000001;;otro;00_CONTROL;101;2026-09-05 11:14
00_CONTROL\.ig-profile\Default\Sessions\Session_13433073258361522;Session_13433073258361522;;otro;00_CONTROL;249692;2026-09-05 11:18
00_CONTROL\.ig-profile\Default\Sessions\Session_13433078273048470;Session_13433078273048470;;otro;00_CONTROL;3204;2026-09-05 14:33
00_CONTROL\.ig-profile\Default\Sessions\Tabs_13433073254911746;Tabs_13433073254911746;;otro;00_CONTROL;156376;2026-09-05 11:14
00_CONTROL\.ig-profile\Default\Sessions\Tabs_13433074225331216;Tabs_13433074225331216;;otro;00_CONTROL;229953;2026-09-05 14:33
00_CONTROL\.ig-profile\Default\Shared Dictionary\cache\index;index;;otro;00_CONTROL;24;2026-09-04 22:43
00_CONTROL\.ig-profile\Default\Shared Dictionary\cache\index-dir\the-real-index;the-real-index;;otro;00_CONTROL;48;2026-09-05 09:58
00_CONTROL\.ig-profile\Default\Shared Dictionary\db;db;;otro;00_CONTROL;45056;2026-09-04 22:43
00_CONTROL\.ig-profile\Default\Shared Dictionary\db-journal;db-journal;;otro;00_CONTROL;0;2026-09-04 22:43
00_CONTROL\.ig-profile\Default\Shortcuts;Shortcuts;;otro;00_CONTROL;20480;2026-09-05 10:17
00_CONTROL\.ig-profile\Default\Shortcuts-journal;Shortcuts-journal;;otro;00_CONTROL;0;2026-09-05 10:17
00_CONTROL\.ig-profile\Default\Site Characteristics Database\000003.log;000003.log;.log;otro;00_CONTROL;728;2026-09-05 14:33
00_CONTROL\.ig-profile\Default\Site Characteristics Database\CURRENT;CURRENT;;otro;00_CONTROL;16;2026-09-04 22:43
00_CONTROL\.ig-profile\Default\Site Characteristics Database\LOCK;LOCK;;otro;00_CONTROL;0;2026-09-04 22:43
00_CONTROL\.ig-profile\Default\Site Characteristics Database\LOG;LOG;;otro;00_CONTROL;462;2026-09-05 11:30
00_CONTROL\.ig-profile\Default\Site Characteristics Database\LOG.old;LOG.old;.old;otro;00_CONTROL;459;2026-09-05 11:14
00_CONTROL\.ig-profile\Default\Site Characteristics Database\MANIFEST-000001;MANIFEST-000001;;otro;00_CONTROL;41;2026-09-04 22:43
00_CONTROL\.ig-profile\Default\Sync Data\LevelDB\000003.log;000003.log;.log;otro;00_CONTROL;118;2026-09-04 22:43
00_CONTROL\.ig-profile\Default\Sync Data\LevelDB\CURRENT;CURRENT;;otro;00_CONTROL;16;2026-09-04 22:43
00_CONTROL\.ig-profile\Default\Sync Data\LevelDB\LOCK;LOCK;;otro;00_CONTROL;0;2026-09-04 22:43
00_CONTROL\.ig-profile\Default\Sync Data\LevelDB\LOG;LOG;;otro;00_CONTROL;438;2026-09-05 11:30
00_CONTROL\.ig-profile\Default\Sync Data\LevelDB\LOG.old;LOG.old;.old;otro;00_CONTROL;438;2026-09-05 11:14
00_CONTROL\.ig-profile\Default\Sync Data\LevelDB\MANIFEST-000001;MANIFEST-000001;;otro;00_CONTROL;41;2026-09-04 22:43
00_CONTROL\.ig-profile\Default\Top Sites;Top Sites;;otro;00_CONTROL;20480;2026-09-05 11:30
00_CONTROL\.ig-profile\Default\Top Sites-journal;Top Sites-journal;;otro;00_CONTROL;0;2026-09-05 11:30
00_CONTROL\.ig-profile\Default\VideoDecodeStats\LOCK;LOCK;;otro;00_CONTROL;0;2026-09-04 23:50
00_CONTROL\.ig-profile\Default\VideoDecodeStats\LOG;LOG;;otro;00_CONTROL;0;2026-09-05 11:31
00_CONTROL\.ig-profile\Default\VideoDecodeStats\LOG.old;LOG.old;.old;otro;00_CONTROL;0;2026-09-05 11:15
00_CONTROL\.ig-profile\Default\Web Data;Web Data;;otro;00_CONTROL;196608;2026-09-05 11:30
00_CONTROL\.ig-profile\Default\Web Data-journal;Web Data-journal;;otro;00_CONTROL;0;2026-09-05 11:30
00_CONTROL\.ig-profile\Default\WebStorage\QuotaManager;QuotaManager;;otro;00_CONTROL;40960;2026-09-05 14:33
00_CONTROL\.ig-profile\Default\WebStorage\QuotaManager-journal;QuotaManager-journal;;otro;00_CONTROL;0;2026-09-05 14:33
00_CONTROL\.ig-profile\Default\WebrtcVideoStats\LOCK;LOCK;;otro;00_CONTROL;0;2026-09-05 00:57
00_CONTROL\.ig-profile\Default\WebrtcVideoStats\LOG;LOG;;otro;00_CONTROL;0;2026-09-05 00:57
00_CONTROL\.ig-profile\Default\ads_service\client.json;client.json;.json;codigo;00_CONTROL;78;2026-09-04 22:43
00_CONTROL\.ig-profile\Default\ads_service\database.sqlite;database.sqlite;.sqlite;otro;00_CONTROL;245760;2026-09-05 11:30
00_CONTROL\.ig-profile\Default\ads_service\database.sqlite-journal;database.sqlite-journal;.sqlite-journal;otro;00_CONTROL;0;2026-09-05 11:30
00_CONTROL\.ig-profile\Default\chrome_cart_db\LOCK;LOCK;;otro;00_CONTROL;0;2026-09-04 22:43
00_CONTROL\.ig-profile\Default\chrome_cart_db\LOG;LOG;;otro;00_CONTROL;0;2026-09-05 11:30
00_CONTROL\.ig-profile\Default\chrome_cart_db\LOG.old;LOG.old;.old;otro;00_CONTROL;0;2026-09-05 11:14
00_CONTROL\.ig-profile\Default\commerce_subscription_db\LOCK;LOCK;;otro;00_CONTROL;0;2026-09-04 22:43
00_CONTROL\.ig-profile\Default\commerce_subscription_db\LOG;LOG;;otro;00_CONTROL;0;2026-09-05 11:30
00_CONTROL\.ig-profile\Default\commerce_subscription_db\LOG.old;LOG.old;.old;otro;00_CONTROL;0;2026-09-05 11:14
00_CONTROL\.ig-profile\Default\declarative_performance_observer.db;declarative_performance_observer.db;.db;otro;00_CONTROL;32768;2026-09-04 22:43
00_CONTROL\.ig-profile\Default\declarative_performance_observer.db-journal;declarative_performance_observer.db-journal;.db-journal;otro;00_CONTROL;0;2026-09-04 22:43
00_CONTROL\.ig-profile\Default\discount_infos_db\LOCK;LOCK;;otro;00_CONTROL;0;2026-09-04 22:43
00_CONTROL\.ig-profile\Default\discount_infos_db\LOG;LOG;;otro;00_CONTROL;0;2026-09-05 11:30
00_CONTROL\.ig-profile\Default\discount_infos_db\LOG.old;LOG.old;.old;otro;00_CONTROL;0;2026-09-05 11:14
00_CONTROL\.ig-profile\Default\discounts_db\LOCK;LOCK;;otro;00_CONTROL;0;2026-09-04 22:43
00_CONTROL\.ig-profile\Default\discounts_db\LOG;LOG;;otro;00_CONTROL;0;2026-09-05 11:30
00_CONTROL\.ig-profile\Default\discounts_db\LOG.old;LOG.old;.old;otro;00_CONTROL;0;2026-09-05 11:14
00_CONTROL\.ig-profile\Default\engine_allowlist.bf;engine_allowlist.bf;.bf;otro;00_CONTROL;360;2026-09-04 22:43
00_CONTROL\.ig-profile\Default\heavy_ad_intervention_opt_out.db;heavy_ad_intervention_opt_out.db;.db;otro;00_CONTROL;16384;2026-09-04 22:43
00_CONTROL\.ig-profile\Default\heavy_ad_intervention_opt_out.db-journal;heavy_ad_intervention_opt_out.db-journal;.db-journal;otro;00_CONTROL;0;2026-09-04 22:43
00_CONTROL\.ig-profile\Default\parcel_tracking_db\LOCK;LOCK;;otro;00_CONTROL;0;2026-09-04 22:43
00_CONTROL\.ig-profile\Default\parcel_tracking_db\LOG;LOG;;otro;00_CONTROL;0;2026-09-05 11:30
00_CONTROL\.ig-profile\Default\parcel_tracking_db\LOG.old;LOG.old;.old;otro;00_CONTROL;0;2026-09-05 11:14
00_CONTROL\.ig-profile\Default\shared_proto_db\000003.log;000003.log;.log;otro;00_CONTROL;6178;2026-09-05 11:32
00_CONTROL\.ig-profile\Default\shared_proto_db\CURRENT;CURRENT;;otro;00_CONTROL;16;2026-09-04 22:43
00_CONTROL\.ig-profile\Default\shared_proto_db\LOCK;LOCK;;otro;00_CONTROL;0;2026-09-04 22:43
00_CONTROL\.ig-profile\Default\shared_proto_db\LOG;LOG;;otro;00_CONTROL;434;2026-09-05 11:30
00_CONTROL\.ig-profile\Default\shared_proto_db\LOG.old;LOG.old;.old;otro;00_CONTROL;434;2026-09-05 11:14
00_CONTROL\.ig-profile\Default\shared_proto_db\MANIFEST-000001;MANIFEST-000001;;otro;00_CONTROL;41;2026-09-04 22:43
00_CONTROL\.ig-profile\Default\shared_proto_db\metadata\000003.log;000003.log;.log;otro;00_CONTROL;1034;2026-09-05 11:30
00_CONTROL\.ig-profile\Default\shared_proto_db\metadata\CURRENT;CURRENT;;otro;00_CONTROL;16;2026-09-04 22:43
00_CONTROL\.ig-profile\Default\shared_proto_db\metadata\LOCK;LOCK;;otro;00_CONTROL;0;2026-09-04 22:43
00_CONTROL\.ig-profile\Default\shared_proto_db\metadata\LOG;LOG;;otro;00_CONTROL;452;2026-09-05 11:30
00_CONTROL\.ig-profile\Default\shared_proto_db\metadata\LOG.old;LOG.old;.old;otro;00_CONTROL;452;2026-09-05 11:14
00_CONTROL\.ig-profile\Default\shared_proto_db\metadata\MANIFEST-000001;MANIFEST-000001;;otro;00_CONTROL;41;2026-09-04 22:43
00_CONTROL\.ig-profile\Default\trusted_vault.pb;trusted_vault.pb;.pb;otro;00_CONTROL;156;2026-09-05 00:55
00_CONTROL\.ig-profile\FileTypePolicies\145.0.7584.0\_metadata\verified_contents.json;verified_contents.json;.json;codigo;00_CONTROL;1439;2025-12-18 01:40
00_CONTROL\.ig-profile\FileTypePolicies\145.0.7584.0\download_file_types.pb;download_file_types.pb;.pb;otro;00_CONTROL;8037;2025-12-18 01:40
00_CONTROL\.ig-profile\FileTypePolicies\145.0.7584.0\manifest.json;manifest.json;.json;codigo;00_CONTROL;86;2025-12-18 01:40
00_CONTROL\.ig-profile\First Run;First Run;;otro;00_CONTROL;0;2026-09-04 22:43
00_CONTROL\.ig-profile\GPUPersistentCache\DawnGraphiteCache\3VTFBHJDFNU2V4IGSN4IATDSGV2NT3ME\cache.db;cache.db;.db;otro;00_CONTROL;0;2026-09-05 11:14
00_CONTROL\.ig-profile\GPUPersistentCache\DawnGraphiteCache\3VTFBHJDFNU2V4IGSN4IATDSGV2NT3ME\cache.db-wal;cache.db-wal;.db-wal;otro;00_CONTROL;0;2026-09-05 11:14
00_CONTROL\.ig-profile\GPUPersistentCache\DawnGraphiteCache\3VTFBHJDFNU2V4IGSN4IATDSGV2NT3ME\cache.journal;cache.journal;.journal;otro;00_CONTROL;0;2026-09-05 11:14
00_CONTROL\.ig-profile\GrShaderCache\data_0;data_0;;otro;00_CONTROL;45056;2026-09-05 12:37
00_CONTROL\.ig-profile\GrShaderCache\data_1;data_1;;otro;00_CONTROL;270336;2026-09-05 14:33
00_CONTROL\.ig-profile\GrShaderCache\data_2;data_2;;otro;00_CONTROL;8192;2026-09-04 22:43
00_CONTROL\.ig-profile\GrShaderCache\data_3;data_3;;otro;00_CONTROL;4202496;2026-09-05 12:37
00_CONTROL\.ig-profile\GrShaderCache\f_000001;f_000001;;otro;00_CONTROL;16676;2026-09-04 22:43
00_CONTROL\.ig-profile\GrShaderCache\f_000002;f_000002;;otro;00_CONTROL;16568;2026-09-04 22:43
00_CONTROL\.ig-profile\GrShaderCache\f_000003;f_000003;;otro;00_CONTROL;20364;2026-09-04 22:43
00_CONTROL\.ig-profile\GrShaderCache\f_000004;f_000004;;otro;00_CONTROL;20136;2026-09-04 22:43
00_CONTROL\.ig-profile\GrShaderCache\f_000005;f_000005;;otro;00_CONTROL;18232;2026-09-04 22:49
00_CONTROL\.ig-profile\GrShaderCache\f_000006;f_000006;;otro;00_CONTROL;18896;2026-09-04 22:49
00_CONTROL\.ig-profile\GrShaderCache\f_000007;f_000007;;otro;00_CONTROL;19372;2026-09-04 23:25
00_CONTROL\.ig-profile\GrShaderCache\f_000008;f_000008;;otro;00_CONTROL;16796;2026-09-04 23:25
00_CONTROL\.ig-profile\GrShaderCache\f_000009;f_000009;;otro;00_CONTROL;16732;2026-09-04 23:25
00_CONTROL\.ig-profile\GrShaderCache\f_00000a;f_00000a;;otro;00_CONTROL;17432;2026-09-04 23:25
00_CONTROL\.ig-profile\GrShaderCache\f_00000b;f_00000b;;otro;00_CONTROL;16504;2026-09-04 23:25
00_CONTROL\.ig-profile\GrShaderCache\f_00000c;f_00000c;;otro;00_CONTROL;20564;2026-09-04 23:25
00_CONTROL\.ig-profile\GrShaderCache\f_00000d;f_00000d;;otro;00_CONTROL;17336;2026-09-04 23:25
00_CONTROL\.ig-profile\GrShaderCache\f_00000e;f_00000e;;otro;00_CONTROL;18680;2026-09-04 23:27
00_CONTROL\.ig-profile\GrShaderCache\f_00000f;f_00000f;;otro;00_CONTROL;19452;2026-09-04 23:27
00_CONTROL\.ig-profile\GrShaderCache\f_000010;f_000010;;otro;00_CONTROL;21064;2026-09-04 23:27
00_CONTROL\.ig-profile\GrShaderCache\f_000011;f_000011;;otro;00_CONTROL;18220;2026-09-04 23:27
00_CONTROL\.ig-profile\GrShaderCache\f_000012;f_000012;;otro;00_CONTROL;25168;2026-09-04 23:27
00_CONTROL\.ig-profile\GrShaderCache\f_000013;f_000013;;otro;00_CONTROL;19004;2026-09-04 23:28
00_CONTROL\.ig-profile\GrShaderCache\f_000014;f_000014;;otro;00_CONTROL;20312;2026-09-04 23:28
00_CONTROL\.ig-profile\GrShaderCache\f_000015;f_000015;;otro;00_CONTROL;17752;2026-09-04 23:28
00_CONTROL\.ig-profile\GrShaderCache\f_000016;f_000016;;otro;00_CONTROL;21340;2026-09-04 23:28
00_CONTROL\.ig-profile\GrShaderCache\f_000017;f_000017;;otro;00_CONTROL;21196;2026-09-04 23:28
00_CONTROL\.ig-profile\GrShaderCache\f_000018;f_000018;;otro;00_CONTROL;17496;2026-09-04 23:31
00_CONTROL\.ig-profile\GrShaderCache\f_000019;f_000019;;otro;00_CONTROL;16632;2026-09-04 23:31
00_CONTROL\.ig-profile\GrShaderCache\f_00001a;f_00001a;;otro;00_CONTROL;19860;2026-09-04 23:31
00_CONTROL\.ig-profile\GrShaderCache\f_00001b;f_00001b;;otro;00_CONTROL;17624;2026-09-04 23:31
00_CONTROL\.ig-profile\GrShaderCache\f_00001c;f_00001c;;otro;00_CONTROL;20260;2026-09-04 23:49
00_CONTROL\.ig-profile\GrShaderCache\f_00001d;f_00001d;;otro;00_CONTROL;19376;2026-09-04 23:49
00_CONTROL\.ig-profile\GrShaderCache\f_00001e;f_00001e;;otro;00_CONTROL;16928;2026-09-04 23:49
00_CONTROL\.ig-profile\GrShaderCache\f_00001f;f_00001f;;otro;00_CONTROL;17752;2026-09-04 23:50
00_CONTROL\.ig-profile\GrShaderCache\f_000020;f_000020;;otro;00_CONTROL;20780;2026-09-04 23:50
00_CONTROL\.ig-profile\GrShaderCache\f_000021;f_000021;;otro;00_CONTROL;17448;2026-09-04 23:50
00_CONTROL\.ig-profile\GrShaderCache\f_000022;f_000022;;otro;00_CONTROL;21084;2026-09-04 23:50
00_CONTROL\.ig-profile\GrShaderCache\f_000023;f_000023;;otro;00_CONTROL;18528;2026-09-04 23:50
00_CONTROL\.ig-profile\GrShaderCache\f_000024;f_000024;;otro;00_CONTROL;24584;2026-09-04 23:51
00_CONTROL\.ig-profile\GrShaderCache\f_000025;f_000025;;otro;00_CONTROL;17556;2026-09-04 23:52
00_CONTROL\.ig-profile\GrShaderCache\f_000026;f_000026;;otro;00_CONTROL;18792;2026-09-04 23:54
00_CONTROL\.ig-profile\GrShaderCache\f_000027;f_000027;;otro;00_CONTROL;18940;2026-09-04 23:54
00_CONTROL\.ig-profile\GrShaderCache\f_000028;f_000028;;otro;00_CONTROL;18216;2026-09-05 00:55
00_CONTROL\.ig-profile\GrShaderCache\f_000029;f_000029;;otro;00_CONTROL;18984;2026-09-05 00:55
00_CONTROL\.ig-profile\GrShaderCache\f_00002a;f_00002a;;otro;00_CONTROL;17288;2026-09-05 00:55
00_CONTROL\.ig-profile\GrShaderCache\f_00002b;f_00002b;;otro;00_CONTROL;18656;2026-09-05 00:55
00_CONTROL\.ig-profile\GrShaderCache\f_00002c;f_00002c;;otro;00_CONTROL;16960;2026-09-05 00:55
00_CONTROL\.ig-profile\GrShaderCache\f_00002d;f_00002d;;otro;00_CONTROL;18604;2026-09-05 00:55
00_CONTROL\.ig-profile\GrShaderCache\f_00002e;f_00002e;;otro;00_CONTROL;17052;2026-09-05 00:55
00_CONTROL\.ig-profile\GrShaderCache\f_00002f;f_00002f;;otro;00_CONTROL;29992;2026-09-05 00:55
00_CONTROL\.ig-profile\GrShaderCache\f_000030;f_000030;;otro;00_CONTROL;19940;2026-09-05 00:56
00_CONTROL\.ig-profile\GrShaderCache\f_000031;f_000031;;otro;00_CONTROL;19568;2026-09-05 00:56
00_CONTROL\.ig-profile\GrShaderCache\f_000032;f_000032;;otro;00_CONTROL;25032;2026-09-05 00:56
00_CONTROL\.ig-profile\GrShaderCache\f_000033;f_000033;;otro;00_CONTROL;20968;2026-09-05 00:56
00_CONTROL\.ig-profile\GrShaderCache\f_000034;f_000034;;otro;00_CONTROL;21340;2026-09-05 00:57
00_CONTROL\.ig-profile\GrShaderCache\f_000035;f_000035;;otro;00_CONTROL;20684;2026-09-05 00:57
00_CONTROL\.ig-profile\GrShaderCache\f_000036;f_000036;;otro;00_CONTROL;21144;2026-09-05 01:00
00_CONTROL\.ig-profile\GrShaderCache\f_000037;f_000037;;otro;00_CONTROL;17556;2026-09-05 01:00
00_CONTROL\.ig-profile\GrShaderCache\f_000038;f_000038;;otro;00_CONTROL;16504;2026-09-05 01:00
00_CONTROL\.ig-profile\GrShaderCache\f_000039;f_000039;;otro;00_CONTROL;16484;2026-09-05 10:01
00_CONTROL\.ig-profile\GrShaderCache\f_00003a;f_00003a;;otro;00_CONTROL;18932;2026-09-05 10:17
00_CONTROL\.ig-profile\GrShaderCache\f_00003b;f_00003b;;otro;00_CONTROL;18476;2026-09-05 10:17
00_CONTROL\.ig-profile\GrShaderCache\f_00003c;f_00003c;;otro;00_CONTROL;21696;2026-09-05 10:17
00_CONTROL\.ig-profile\GrShaderCache\f_00003d;f_00003d;;otro;00_CONTROL;17396;2026-09-05 10:18
00_CONTROL\.ig-profile\GrShaderCache\f_00003e;f_00003e;;otro;00_CONTROL;21968;2026-09-05 10:21
00_CONTROL\.ig-profile\GrShaderCache\f_00003f;f_00003f;;otro;00_CONTROL;18604;2026-09-05 10:21
00_CONTROL\.ig-profile\GrShaderCache\f_000040;f_000040;;otro;00_CONTROL;22928;2026-09-05 10:21
00_CONTROL\.ig-profile\GrShaderCache\f_000041;f_000041;;otro;00_CONTROL;18408;2026-09-05 10:21
00_CONTROL\.ig-profile\GrShaderCache\f_000042;f_000042;;otro;00_CONTROL;18904;2026-09-05 10:25
00_CONTROL\.ig-profile\GrShaderCache\f_000043;f_000043;;otro;00_CONTROL;21020;2026-09-05 10:25
00_CONTROL\.ig-profile\GrShaderCache\f_000044;f_000044;;otro;00_CONTROL;21268;2026-09-05 10:25
00_CONTROL\.ig-profile\GrShaderCache\f_000045;f_000045;;otro;00_CONTROL;21040;2026-09-05 10:25
00_CONTROL\.ig-profile\GrShaderCache\f_000046;f_000046;;otro;00_CONTROL;21084;2026-09-05 10:35
00_CONTROL\.ig-profile\GrShaderCache\f_000047;f_000047;;otro;00_CONTROL;19784;2026-09-05 10:35
00_CONTROL\.ig-profile\GrShaderCache\f_000048;f_000048;;otro;00_CONTROL;16480;2026-09-05 11:14
00_CONTROL\.ig-profile\GrShaderCache\f_000049;f_000049;;otro;00_CONTROL;18484;2026-09-05 11:14
00_CONTROL\.ig-profile\GrShaderCache\f_00004a;f_00004a;;otro;00_CONTROL;19256;2026-09-05 11:14
00_CONTROL\.ig-profile\GrShaderCache\f_00004b;f_00004b;;otro;00_CONTROL;20584;2026-09-05 11:14
00_CONTROL\.ig-profile\GrShaderCache\f_00004c;f_00004c;;otro;00_CONTROL;20996;2026-09-05 11:14
00_CONTROL\.ig-profile\GrShaderCache\f_00004d;f_00004d;;otro;00_CONTROL;17556;2026-09-05 11:14
00_CONTROL\.ig-profile\GrShaderCache\f_00004e;f_00004e;;otro;00_CONTROL;21140;2026-09-05 11:14
00_CONTROL\.ig-profile\GrShaderCache\f_00004f;f_00004f;;otro;00_CONTROL;18024;2026-09-05 11:14
00_CONTROL\.ig-profile\GrShaderCache\f_000050;f_000050;;otro;00_CONTROL;18020;2026-09-05 11:14
00_CONTROL\.ig-profile\GrShaderCache\f_000051;f_000051;;otro;00_CONTROL;20888;2026-09-05 11:14
00_CONTROL\.ig-profile\GrShaderCache\f_000052;f_000052;;otro;00_CONTROL;20888;2026-09-05 11:14
00_CONTROL\.ig-profile\GrShaderCache\f_000053;f_000053;;otro;00_CONTROL;20168;2026-09-05 11:14
00_CONTROL\.ig-profile\GrShaderCache\f_000054;f_000054;;otro;00_CONTROL;19940;2026-09-05 11:14
00_CONTROL\.ig-profile\GrShaderCache\f_000055;f_000055;;otro;00_CONTROL;18804;2026-09-05 11:30
00_CONTROL\.ig-profile\GrShaderCache\f_000056;f_000056;;otro;00_CONTROL;20116;2026-09-05 11:30
00_CONTROL\.ig-profile\GrShaderCache\f_000057;f_000057;;otro;00_CONTROL;18036;2026-09-05 11:31
00_CONTROL\.ig-profile\GrShaderCache\f_000058;f_000058;;otro;00_CONTROL;17300;2026-09-05 11:31
00_CONTROL\.ig-profile\GrShaderCache\f_000059;f_000059;;otro;00_CONTROL;20060;2026-09-05 11:31
00_CONTROL\.ig-profile\GrShaderCache\f_00005a;f_00005a;;otro;00_CONTROL;19176;2026-09-05 11:31
00_CONTROL\.ig-profile\GrShaderCache\f_00005b;f_00005b;;otro;00_CONTROL;17556;2026-09-05 11:31
00_CONTROL\.ig-profile\GrShaderCache\f_00005c;f_00005c;;otro;00_CONTROL;17252;2026-09-05 11:31
00_CONTROL\.ig-profile\GrShaderCache\f_00005d;f_00005d;;otro;00_CONTROL;18328;2026-09-05 11:31
00_CONTROL\.ig-profile\GrShaderCache\f_00005e;f_00005e;;otro;00_CONTROL;24388;2026-09-05 11:31
00_CONTROL\.ig-profile\GrShaderCache\index;index;;otro;00_CONTROL;262512;2026-09-04 22:43
00_CONTROL\.ig-profile\Last Browser;Last Browser;;otro;00_CONTROL;156;2026-09-05 11:30
00_CONTROL\.ig-profile\Last Version;Last Version;;otro;00_CONTROL;12;2026-09-05 11:30
00_CONTROL\.ig-profile\Local State;Local State;;otro;00_CONTROL;51488;2026-09-05 14:33
00_CONTROL\.ig-profile\MEIPreload\1.1.0.3\_metadata\verified_contents.json;verified_contents.json;.json;codigo;00_CONTROL;1766;2000-01-01 01:00
00_CONTROL\.ig-profile\MEIPreload\1.1.0.3\manifest.json;manifest.json;.json;codigo;00_CONTROL;202;2000-01-01 01:00
00_CONTROL\.ig-profile\MEIPreload\1.1.0.3\preloaded_data.pb;preloaded_data.pb;.pb;otro;00_CONTROL;8219;2000-01-01 01:00
00_CONTROL\.ig-profile\OnDeviceHeadSuggestModel\20251024.824731831.14\_metadata\verified_contents.json;verified_contents.json;.json;codigo;00_CONTROL;1792;2025-10-31 09:45
00_CONTROL\.ig-profile\OnDeviceHeadSuggestModel\20251024.824731831.14\cr_es_500000_index.bin;cr_es_500000_index.bin;.bin;otro;00_CONTROL;7951240;2025-10-31 09:45
00_CONTROL\.ig-profile\OnDeviceHeadSuggestModel\20251024.824731831.14\manifest.json;manifest.json;.json;codigo;00_CONTROL;106;2025-10-31 09:45
00_CONTROL\.ig-profile\P3AConfig\1.0.5\manifest.json;manifest.json;.json;codigo;00_CONTROL;534;2025-09-26 20:38
00_CONTROL\.ig-profile\P3AConfig\1.0.5\p3a_manifest.json;p3a_manifest.json;.json;codigo;00_CONTROL;437;2025-09-26 20:38
00_CONTROL\.ig-profile\PKIMetadata\1768\_metadata\verified_contents.json;verified_contents.json;.json;codigo;00_CONTROL;2080;1980-01-01 01:00
00_CONTROL\.ig-profile\PKIMetadata\1768\crs.pb;crs.pb;.pb;otro;00_CONTROL;349754;1980-01-01 01:00
00_CONTROL\.ig-profile\PKIMetadata\1768\ct_config.pb;ct_config.pb;.pb;otro;00_CONTROL;53719;1980-01-01 01:00
00_CONTROL\.ig-profile\PKIMetadata\1768\kp_pinslist.pb;kp_pinslist.pb;.pb;otro;00_CONTROL;10663;1980-01-01 01:00
00_CONTROL\.ig-profile\PKIMetadata\1768\manifest.json;manifest.json;.json;codigo;00_CONTROL;73;1980-01-01 01:00
00_CONTROL\.ig-profile\PKIMetadata\1768\mtc_config.pb;mtc_config.pb;.pb;otro;00_CONTROL;9234;1980-01-01 01:00
00_CONTROL\.ig-profile\SSLErrorAssistant\7\_metadata\verified_contents.json;verified_contents.json;.json;codigo;00_CONTROL;1765;1980-01-01 01:00
00_CONTROL\.ig-profile\SSLErrorAssistant\7\manifest.json;manifest.json;.json;codigo;00_CONTROL;76;1980-01-01 01:00
00_CONTROL\.ig-profile\SSLErrorAssistant\7\ssl_error_assistant.pb;ssl_error_assistant.pb;.pb;otro;00_CONTROL;2816;2018-12-18 11:09
00_CONTROL\.ig-profile\Safe Browsing\ChromeExtMalware.store;ChromeExtMalware.store;.store;otro;00_CONTROL;106;2026-09-05 10:00
00_CONTROL\.ig-profile\Safe Browsing\ChromeExtMalware.store.32_13433028461367859;ChromeExtMalware.store.32_13433028461367859;.32_13433028461367859;otro;00_CONTROL;1917600;2026-09-04 22:47
00_CONTROL\.ig-profile\Safe Browsing\ChromeExtMalware.store.32_13433068822794501;ChromeExtMalware.store.32_13433068822794501;.32_13433068822794501;otro;00_CONTROL;1917792;2026-09-05 10:00
00_CONTROL\.ig-profile\Safe Browsing\UrlBilling.store;UrlBilling.store;.store;otro;00_CONTROL;106;2026-09-05 14:32
00_CONTROL\.ig-profile\Safe Browsing\UrlBilling.store.4_13433083347564397;UrlBilling.store.4_13433083347564397;.4_13433083347564397;otro;00_CONTROL;49836;2026-09-05 14:02
00_CONTROL\.ig-profile\Safe Browsing\UrlBilling.store.4_13433085173068000;UrlBilling.store.4_13433085173068000;.4_13433085173068000;otro;00_CONTROL;49864;2026-09-05 14:32
00_CONTROL\.ig-profile\Safe Browsing\UrlCsdDownloadAllowlist.store;UrlCsdDownloadAllowlist.store;.store;otro;00_CONTROL;105;2026-09-04 22:47
00_CONTROL\.ig-profile\Safe Browsing\UrlCsdDownloadAllowlist.store.32_13433028461403303;UrlCsdDownloadAllowlist.store.32_13433028461403303;.32_13433028461403303;otro;00_CONTROL;37344;2026-09-04 22:47
00_CONTROL\.ig-profile\Safe Browsing\UrlMalBin.store;UrlMalBin.store;.store;otro;00_CONTROL;106;2026-09-05 14:32
00_CONTROL\.ig-profile\Safe Browsing\UrlMalBin.store.4_13433083347570895;UrlMalBin.store.4_13433083347570895;.4_13433083347570895;otro;00_CONTROL;38800;2026-09-05 14:02
00_CONTROL\.ig-profile\Safe Browsing\UrlMalBin.store.4_13433085173072122;UrlMalBin.store.4_13433085173072122;.4_13433085173072122;otro;00_CONTROL;38784;2026-09-05 14:32
00_CONTROL\.ig-profile\Safe Browsing\UrlMalware.store;UrlMalware.store;.store;otro;00_CONTROL;106;2026-09-05 14:32
00_CONTROL\.ig-profile\Safe Browsing\UrlMalware.store.4_13433083347583724;UrlMalware.store.4_13433083347583724;.4_13433083347583724;otro;00_CONTROL;139232;2026-09-05 14:02
00_CONTROL\.ig-profile\Safe Browsing\UrlMalware.store.4_13433085173079699;UrlMalware.store.4_13433085173079699;.4_13433085173079699;otro;00_CONTROL;139264;2026-09-05 14:32
00_CONTROL\.ig-profile\Safe Browsing\UrlSoceng.store;UrlSoceng.store;.store;otro;00_CONTROL;107;2026-09-05 14:32
00_CONTROL\.ig-profile\Safe Browsing\UrlSoceng.store.4_13433083347592122;UrlSoceng.store.4_13433083347592122;.4_13433083347592122;otro;00_CONTROL;16621744;2026-09-05 14:02
00_CONTROL\.ig-profile\Safe Browsing\UrlSoceng.store.4_13433085173084784;UrlSoceng.store.4_13433085173084784;.4_13433085173084784;otro;00_CONTROL;16622248;2026-09-05 14:32
00_CONTROL\.ig-profile\Safe Browsing\UrlUws.store;UrlUws.store;.store;otro;00_CONTROL;106;2026-09-05 14:32
00_CONTROL\.ig-profile\Safe Browsing\UrlUws.store.4_13433083347576956;UrlUws.store.4_13433083347576956;.4_13433083347576956;otro;00_CONTROL;112776;2026-09-05 14:02
00_CONTROL\.ig-profile\Safe Browsing\UrlUws.store.4_13433085173075714;UrlUws.store.4_13433085173075714;.4_13433085173075714;otro;00_CONTROL;112800;2026-09-05 14:32
00_CONTROL\.ig-profile\SafetyTips\3091\_metadata\verified_contents.json;verified_contents.json;.json;codigo;00_CONTROL;1758;2026-01-07 12:49
00_CONTROL\.ig-profile\SafetyTips\3091\manifest.json;manifest.json;.json;codigo;00_CONTROL;72;2026-01-07 12:49
00_CONTROL\.ig-profile\SafetyTips\3091\safety_tips.pb;safety_tips.pb;.pb;otro;00_CONTROL;184462;2026-01-07 12:49
00_CONTROL\.ig-profile\ShaderCache\data_0;data_0;;otro;00_CONTROL;8192;2026-09-04 22:43
00_CONTROL\.ig-profile\ShaderCache\data_1;data_1;;otro;00_CONTROL;270336;2026-09-05 14:33
00_CONTROL\.ig-profile\ShaderCache\data_2;data_2;;otro;00_CONTROL;8192;2026-09-04 22:43
00_CONTROL\.ig-profile\ShaderCache\data_3;data_3;;otro;00_CONTROL;8192;2026-09-04 22:43
00_CONTROL\.ig-profile\ShaderCache\index;index;;otro;00_CONTROL;262512;2026-09-04 22:43
00_CONTROL\.ig-profile\Variations;Variations;;otro;00_CONTROL;85;2026-09-05 14:33
00_CONTROL\.ig-profile\VariationsSafeSeedV2;VariationsSafeSeedV2;;otro;00_CONTROL;7719;2026-09-05 14:30
00_CONTROL\.ig-profile\VariationsSeedV2;VariationsSeedV2;;otro;00_CONTROL;171;2026-09-05 14:30
00_CONTROL\.ig-profile\ZxcvbnData\3\_metadata\verified_contents.json;verified_contents.json;.json;codigo;00_CONTROL;2437;2023-02-22 00:20
00_CONTROL\.ig-profile\ZxcvbnData\3\english_wikipedia.txt;english_wikipedia.txt;.txt;documento;00_CONTROL;277015;2020-06-02 10:10
00_CONTROL\.ig-profile\ZxcvbnData\3\female_names.txt;female_names.txt;.txt;documento;00_CONTROL;26708;2020-06-02 10:10
00_CONTROL\.ig-profile\ZxcvbnData\3\male_names.txt;male_names.txt;.txt;documento;00_CONTROL;6672;2020-06-02 10:10
00_CONTROL\.ig-profile\ZxcvbnData\3\manifest.json;manifest.json;.json;codigo;00_CONTROL;69;2023-02-22 00:20
00_CONTROL\.ig-profile\ZxcvbnData\3\passwords.txt;passwords.txt;.txt;documento;00_CONTROL;241951;2020-06-02 10:10
00_CONTROL\.ig-profile\ZxcvbnData\3\ranked_dicts;ranked_dicts;;otro;00_CONTROL;886570;2023-02-22 00:20
00_CONTROL\.ig-profile\ZxcvbnData\3\surnames.txt;surnames.txt;.txt;documento;00_CONTROL;76077;2020-06-02 10:11
00_CONTROL\.ig-profile\ZxcvbnData\3\us_tv_and_film.txt;us_tv_and_film.txt;.txt;documento;00_CONTROL;164290;2020-06-02 10:11
00_CONTROL\.ig-profile\adcocjohghhfpidemphmcmlmhnfgikei\1.0.480\brave_metadata\verified_contents.json;verified_contents.json;.json;codigo;00_CONTROL;880;2026-09-05 04:55
00_CONTROL\.ig-profile\adcocjohghhfpidemphmcmlmhnfgikei\1.0.480\list.txt;list.txt;.txt;documento;00_CONTROL;271190;2026-09-05 04:55
00_CONTROL\.ig-profile\adcocjohghhfpidemphmcmlmhnfgikei\1.0.480\manifest.json;manifest.json;.json;codigo;00_CONTROL;594;2026-09-05 04:55
00_CONTROL\.ig-profile\afalakplffnnnlkncjhbmahjfjhmlkal\1.0.1518\1\clean-urls-permissions.json;clean-urls-permissions.json;.json;codigo;00_CONTROL;333;2026-09-04 02:11
00_CONTROL\.ig-profile\afalakplffnnnlkncjhbmahjfjhmlkal\1.0.1518\1\clean-urls.json;clean-urls.json;.json;codigo;00_CONTROL;30070;2026-09-04 02:11
00_CONTROL\.ig-profile\afalakplffnnnlkncjhbmahjfjhmlkal\1.0.1518\1\debounce.json;debounce.json;.json;codigo;00_CONTROL;12930;2026-09-04 02:11
00_CONTROL\.ig-profile\afalakplffnnnlkncjhbmahjfjhmlkal\1.0.1518\1\https-upgrade-exceptions-list.txt;https-upgrade-exceptions-list.txt;.txt;documento;00_CONTROL;1569;2026-09-04 02:11
00_CONTROL\.ig-profile\afalakplffnnnlkncjhbmahjfjhmlkal\1.0.1518\1\localhost-permission-allow-list.txt;localhost-permission-allow-list.txt;.txt;documento;00_CONTROL;1463;2026-09-04 02:11
00_CONTROL\.ig-profile\afalakplffnnnlkncjhbmahjfjhmlkal\1.0.1518\1\request-otr.json;request-otr.json;.json;codigo;00_CONTROL;617;2026-09-04 02:11
00_CONTROL\.ig-profile\afalakplffnnnlkncjhbmahjfjhmlkal\1.0.1518\1\webcompat-exceptions.json;webcompat-exceptions.json;.json;codigo;00_CONTROL;3929;2026-09-04 02:11
00_CONTROL\.ig-profile\afalakplffnnnlkncjhbmahjfjhmlkal\1.0.1518\manifest.json;manifest.json;.json;codigo;00_CONTROL;575;2026-09-05 11:30
00_CONTROL\.ig-profile\alkblaadjjijngaehljijdimckobegga\1.0.2513\3c2f7832-eeea-4d37-a587-1564c0956cc9\1ca97563-6e65-489c-9bd0-aee686ea2954.jpg;1ca97563-6e65-489c-9bd0-aee686ea2954.jpg;.jpg;imagen;00_CONTROL;312072;2026-09-05 05:10
00_CONTROL\.ig-profile\alkblaadjjijngaehljijdimckobegga\1.0.2513\3c2f7832-eeea-4d37-a587-1564c0956cc9\bb32ac2a-7cda-43a1-91b8-dc74f1fc1c3c.png;bb32ac2a-7cda-43a1-91b8-dc74f1fc1c3c.png;.png;imagen;00_CONTROL;42995;2026-09-05 05:10
00_CONTROL\.ig-profile\alkblaadjjijngaehljijdimckobegga\1.0.2513\412e2691-d708-4558-9b1a-269f681564ac\c49acceb-04cb-48ba-86c4-74f42a1a1b8f.png;c49acceb-04cb-48ba-86c4-74f42a1a1b8f.png;.png;imagen;00_CONTROL;42995;2026-09-05 05:10
00_CONTROL\.ig-profile\alkblaadjjijngaehljijdimckobegga\1.0.2513\412e2691-d708-4558-9b1a-269f681564ac\dc264599-4c99-4542-8bd9-0bfa6ab265e7.jpg;dc264599-4c99-4542-8bd9-0bfa6ab265e7.jpg;.jpg;imagen;00_CONTROL;358275;2026-09-05 05:10
00_CONTROL\.ig-profile\alkblaadjjijngaehljijdimckobegga\1.0.2513\4ba7cac3-3a7f-4634-b868-ca6da5683dca\15bfeb20-7da3-4340-9a8d-88b4dfc12db9.png;15bfeb20-7da3-4340-9a8d-88b4dfc12db9.png;.png;imagen;00_CONTROL;42995;2026-09-05 05:10
00_CONTROL\.ig-profile\alkblaadjjijngaehljijdimckobegga\1.0.2513\4ba7cac3-3a7f-4634-b868-ca6da5683dca\95a0a370-cb2e-41ba-970c-780086803dca.jpg;95a0a370-cb2e-41ba-970c-780086803dca.jpg;.jpg;imagen;00_CONTROL;234513;2026-09-05 05:10
00_CONTROL\.ig-profile\alkblaadjjijngaehljijdimckobegga\1.0.2513\brave_metadata\verified_contents.json;verified_contents.json;.json;codigo;00_CONTROL;2389;2026-09-05 05:10
00_CONTROL\.ig-profile\alkblaadjjijngaehljijdimckobegga\1.0.2513\campaigns.json;campaigns.json;.json;codigo;00_CONTROL;3292;2026-09-05 05:10
00_CONTROL\.ig-profile\alkblaadjjijngaehljijdimckobegga\1.0.2513\manifest.json;manifest.json;.json;codigo;00_CONTROL;546;2026-09-05 05:10
00_CONTROL\.ig-profile\alkblaadjjijngaehljijdimckobegga\1.0.2513\photo.json;photo.json;.json;codigo;00_CONTROL;50;2026-09-05 05:10
00_CONTROL\.ig-profile\alkblaadjjijngaehljijdimckobegga\1.0.2513\tiles.json;tiles.json;.json;codigo;00_CONTROL;30;2026-09-05 05:10
00_CONTROL\.ig-profile\aoojcmojmmcbpfgoecoadbdpnagfchel\1.0.24\adrian-limani.jpg;adrian-limani.jpg;.jpg;imagen;00_CONTROL;680334;2026-07-10 22:16
00_CONTROL\.ig-profile\aoojcmojmmcbpfgoecoadbdpnagfchel\1.0.24\alan-hu.jpg;alan-hu.jpg;.jpg;imagen;00_CONTROL;358559;2026-07-10 22:16
00_CONTROL\.ig-profile\aoojcmojmmcbpfgoecoadbdpnagfchel\1.0.24\aleksandar-popovski.jpg;aleksandar-popovski.jpg;.jpg;imagen;00_CONTROL;502132;2026-07-10 22:16
00_CONTROL\.ig-profile\aoojcmojmmcbpfgoecoadbdpnagfchel\1.0.24\andrei-castanha.jpg;andrei-castanha.jpg;.jpg;imagen;00_CONTROL;326823;2026-07-10 22:16
00_CONTROL\.ig-profile\aoojcmojmmcbpfgoecoadbdpnagfchel\1.0.24\antonin-fontaine.jpg;antonin-fontaine.jpg;.jpg;imagen;00_CONTROL;211295;2026-07-10 22:16
00_CONTROL\.ig-profile\aoojcmojmmcbpfgoecoadbdpnagfchel\1.0.24\colin-watts.jpg;colin-watts.jpg;.jpg;imagen;00_CONTROL;127667;2026-07-10 22:16
00_CONTROL\.ig-profile\aoojcmojmmcbpfgoecoadbdpnagfchel\1.0.24\cyn-t.jpg;cyn-t.jpg;.jpg;imagen;00_CONTROL;765276;2026-07-10 22:16
00_CONTROL\.ig-profile\aoojcmojmmcbpfgoecoadbdpnagfchel\1.0.24\dejan-zakic.jpg;dejan-zakic.jpg;.jpg;imagen;00_CONTROL;216204;2026-07-10 22:16
00_CONTROL\.ig-profile\aoojcmojmmcbpfgoecoadbdpnagfchel\1.0.24\denis-gorbuleac.jpg;denis-gorbuleac.jpg;.jpg;imagen;00_CONTROL;372947;2026-07-10 22:16
00_CONTROL\.ig-profile\aoojcmojmmcbpfgoecoadbdpnagfchel\1.0.24\doncoombez.jpg;doncoombez.jpg;.jpg;imagen;00_CONTROL;197502;2026-07-10 22:16
00_CONTROL\.ig-profile\aoojcmojmmcbpfgoecoadbdpnagfchel\1.0.24\evgeni-tcherkasski.jpg;evgeni-tcherkasski.jpg;.jpg;imagen;00_CONTROL;1117471;2026-07-10 22:16
00_CONTROL\.ig-profile\aoojcmojmmcbpfgoecoadbdpnagfchel\1.0.24\gabriel-dizzi.jpg;gabriel-dizzi.jpg;.jpg;imagen;00_CONTROL;148141;2026-07-10 22:16
00_CONTROL\.ig-profile\aoojcmojmmcbpfgoecoadbdpnagfchel\1.0.24\jahanzeb-ahsan.jpg;jahanzeb-ahsan.jpg;.jpg;imagen;00_CONTROL;64202;2026-07-10 22:16
00_CONTROL\.ig-profile\aoojcmojmmcbpfgoecoadbdpnagfchel\1.0.24\juan-di-nella.jpg;juan-di-nella.jpg;.jpg;imagen;00_CONTROL;790865;2026-07-10 22:16
00_CONTROL\.ig-profile\aoojcmojmmcbpfgoecoadbdpnagfchel\1.0.24\justin-wolff.jpg;justin-wolff.jpg;.jpg;imagen;00_CONTROL;263049;2026-07-10 22:16
00_CONTROL\.ig-profile\aoojcmojmmcbpfgoecoadbdpnagfchel\1.0.24\kai-battistoni.jpg;kai-battistoni.jpg;.jpg;imagen;00_CONTROL;1165505;2026-07-10 22:16
00_CONTROL\.ig-profile\aoojcmojmmcbpfgoecoadbdpnagfchel\1.0.24\lezian-ilir.jpg;lezian-ilir.jpg;.jpg;imagen;00_CONTROL;599155;2026-07-10 22:16
00_CONTROL\.ig-profile\aoojcmojmmcbpfgoecoadbdpnagfchel\1.0.24\magali-maurice.jpg;magali-maurice.jpg;.jpg;imagen;00_CONTROL;875561;2026-07-10 22:16
00_CONTROL\.ig-profile\aoojcmojmmcbpfgoecoadbdpnagfchel\1.0.24\manifest.json;manifest.json;.json;codigo;00_CONTROL;533;2026-07-10 22:16
00_CONTROL\.ig-profile\aoojcmojmmcbpfgoecoadbdpnagfchel\1.0.24\marcreation.jpg;marcreation.jpg;.jpg;imagen;00_CONTROL;735843;2026-07-10 22:16
00_CONTROL\.ig-profile\aoojcmojmmcbpfgoecoadbdpnagfchel\1.0.24\marcus-lenk.jpg;marcus-lenk.jpg;.jpg;imagen;00_CONTROL;241285;2026-07-10 22:16
00_CONTROL\.ig-profile\aoojcmojmmcbpfgoecoadbdpnagfchel\1.0.24\marek-piwnicki.jpg;marek-piwnicki.jpg;.jpg;imagen;00_CONTROL;436916;2026-07-10 22:16
00_CONTROL\.ig-profile\aoojcmojmmcbpfgoecoadbdpnagfchel\1.0.24\marjan-blan.jpg;marjan-blan.jpg;.jpg;imagen;00_CONTROL;586963;2026-07-10 22:16
00_CONTROL\.ig-profile\aoojcmojmmcbpfgoecoadbdpnagfchel\1.0.24\milad-fakurian.jpg;milad-fakurian.jpg;.jpg;imagen;00_CONTROL;224667;2026-07-10 22:16
00_CONTROL\.ig-profile\aoojcmojmmcbpfgoecoadbdpnagfchel\1.0.24\nasa.jpg;nasa.jpg;.jpg;imagen;00_CONTROL;221711;2026-07-10 22:16
00_CONTROL\.ig-profile\aoojcmojmmcbpfgoecoadbdpnagfchel\1.0.24\nicolas-prieto.jpg;nicolas-prieto.jpg;.jpg;imagen;00_CONTROL;437362;2026-07-10 22:16
00_CONTROL\.ig-profile\aoojcmojmmcbpfgoecoadbdpnagfchel\1.0.24\nir-himi.jpg;nir-himi.jpg;.jpg;imagen;00_CONTROL;695132;2026-07-10 22:16
00_CONTROL\.ig-profile\aoojcmojmmcbpfgoecoadbdpnagfchel\1.0.24\origin.jpg;origin.jpg;.jpg;imagen;00_CONTROL;354654;2026-07-10 22:16
00_CONTROL\.ig-profile\aoojcmojmmcbpfgoecoadbdpnagfchel\1.0.24\pawel-czerwinski.jpg;pawel-czerwinski.jpg;.jpg;imagen;00_CONTROL;384903;2026-07-10 22:16
00_CONTROL\.ig-profile\aoojcmojmmcbpfgoecoadbdpnagfchel\1.0.24\pawel-czerwinski2.jpg;pawel-czerwinski2.jpg;.jpg;imagen;00_CONTROL;621553;2026-07-10 22:16
00_CONTROL\.ig-profile\aoojcmojmmcbpfgoecoadbdpnagfchel\1.0.24\photo.json;photo.json;.json;codigo;00_CONTROL;10621;2026-07-10 22:16
00_CONTROL\.ig-profile\aoojcmojmmcbpfgoecoadbdpnagfchel\1.0.24\puscas-adryan.jpg;puscas-adryan.jpg;.jpg;imagen;00_CONTROL;185429;2026-07-10 22:16
00_CONTROL\.ig-profile\aoojcmojmmcbpfgoecoadbdpnagfchel\1.0.24\rod-long.jpg;rod-long.jpg;.jpg;imagen;00_CONTROL;834967;2026-07-10 22:16
00_CONTROL\.ig-profile\aoojcmojmmcbpfgoecoadbdpnagfchel\1.0.24\sebastian-knoll.jpg;sebastian-knoll.jpg;.jpg;imagen;00_CONTROL;485015;2026-07-10 22:16
00_CONTROL\.ig-profile\aoojcmojmmcbpfgoecoadbdpnagfchel\1.0.24\tim-mossholder.jpg;tim-mossholder.jpg;.jpg;imagen;00_CONTROL;348090;2026-07-10 22:16
00_CONTROL\.ig-profile\aoojcmojmmcbpfgoecoadbdpnagfchel\1.0.24\universtock.jpg;universtock.jpg;.jpg;imagen;00_CONTROL;710037;2026-07-10 22:16
00_CONTROL\.ig-profile\aoojcmojmmcbpfgoecoadbdpnagfchel\1.0.24\uran-wang.jpg;uran-wang.jpg;.jpg;imagen;00_CONTROL;927664;2026-07-10 22:16
00_CONTROL\.ig-profile\aoojcmojmmcbpfgoecoadbdpnagfchel\1.0.24\wolfgang-weiser.jpg;wolfgang-weiser.jpg;.jpg;imagen;00_CONTROL;523837;2026-07-10 22:16
00_CONTROL\.ig-profile\bfpgedeaaibpoidldhjcknekahbikncb\1.0.16880\brave_metadata\verified_contents.json;verified_contents.json;.json;codigo;00_CONTROL;882;2026-09-04 10:55
00_CONTROL\.ig-profile\bfpgedeaaibpoidldhjcknekahbikncb\1.0.16880\list.txt;list.txt;.txt;documento;00_CONTROL;50065;2026-09-04 10:55
00_CONTROL\.ig-profile\bfpgedeaaibpoidldhjcknekahbikncb\1.0.16880\manifest.json;manifest.json;.json;codigo;00_CONTROL;587;2026-09-04 10:55
00_CONTROL\.ig-profile\cdbbhgbmjhfnhnmgeddbliobbofkgdhe\1.0.20010\brave_metadata\verified_contents.json;verified_contents.json;.json;codigo;00_CONTROL;882;2026-09-05 11:55
00_CONTROL\.ig-profile\cdbbhgbmjhfnhnmgeddbliobbofkgdhe\1.0.20010\list.txt;list.txt;.txt;documento;00_CONTROL;1597457;2026-09-05 11:55
00_CONTROL\.ig-profile\cdbbhgbmjhfnhnmgeddbliobbofkgdhe\1.0.20010\manifest.json;manifest.json;.json;codigo;00_CONTROL;584;2026-09-05 11:55
00_CONTROL\.ig-profile\cemdlagocoimleflkfkjoihojfainiho\1.0.145\manifest.json;manifest.json;.json;codigo;00_CONTROL;504;2026-09-04 23:52
00_CONTROL\.ig-profile\cemdlagocoimleflkfkjoihojfainiho\1.0.145\query-filter.json;query-filter.json;.json;codigo;00_CONTROL;2396;2026-09-04 23:52
00_CONTROL\.ig-profile\component_crx_cache\0107e83860e2091f414b1b91949bd2953cb920f70900ee8e6cc5a4f97ebe5685;0107e83860e2091f414b1b91949bd2953cb920f70900ee8e6cc5a4f97ebe5685;;otro;00_CONTROL;1443653;2026-09-05 09:59
00_CONTROL\.ig-profile\component_crx_cache\0bdd76ba00c197bec3cda14b80529160d8840791b64dcc7bbbca5d36d019fbac;0bdd76ba00c197bec3cda14b80529160d8840791b64dcc7bbbca5d36d019fbac;;otro;00_CONTROL;1042150;2026-09-05 09:43
00_CONTROL\.ig-profile\component_crx_cache\1c542b491f1e396eab83c4ecf8f630aa530c043e6e90eef94a933d97b00a902f;1c542b491f1e396eab83c4ecf8f630aa530c043e6e90eef94a933d97b00a902f;;otro;00_CONTROL;44876;2026-09-05 13:10
00_CONTROL\.ig-profile\component_crx_cache\242064f4077cc7543c58ef9eacc39d3fe7aee20894478de799e5b5f8f9a321a3;242064f4077cc7543c58ef9eacc39d3fe7aee20894478de799e5b5f8f9a321a3;;otro;00_CONTROL;1595805;2026-09-05 13:10
00_CONTROL\.ig-profile\component_crx_cache\261bea60d22ebca3a95ce335c03ec751a0b58b2b7bdbd6ea51dfa54381b07775;261bea60d22ebca3a95ce335c03ec751a0b58b2b7bdbd6ea51dfa54381b07775;;otro;00_CONTROL;11361;2026-09-04 22:43
00_CONTROL\.ig-profile\component_crx_cache\2ba4512806ea8eaa1a1363942a23e30b9c942665549c61f90e089ec4ce1aefa4;2ba4512806ea8eaa1a1363942a23e30b9c942665549c61f90e089ec4ce1aefa4;;otro;00_CONTROL;4010;2026-09-04 22:43
00_CONTROL\.ig-profile\component_crx_cache\33fa8d15806becd8c0926fb455ccb4b63942a7b41df8b0c0fded8acc97f3ef5f;33fa8d15806becd8c0926fb455ccb4b63942a7b41df8b0c0fded8acc97f3ef5f;;otro;00_CONTROL;17748379;2026-09-04 22:43
00_CONTROL\.ig-profile\component_crx_cache\34eba3c9cfe9297524128c34f04fed206bdbaeaf48a0024239e8ad20dc9c599d;34eba3c9cfe9297524128c34f04fed206bdbaeaf48a0024239e8ad20dc9c599d;;otro;00_CONTROL;5147;2026-09-04 22:43
00_CONTROL\.ig-profile\component_crx_cache\35714a34c4befe8c3fff50a1de310170a389b709ba1e9d37729af1daff0199b2;35714a34c4befe8c3fff50a1de310170a389b709ba1e9d37729af1daff0199b2;;otro;00_CONTROL;101915;2026-09-04 22:43
00_CONTROL\.ig-profile\component_crx_cache\3eb16d6c28b502ac4cfee8f4a148df05f4d93229fa36a71db8b08d06329ff18a;3eb16d6c28b502ac4cfee8f4a148df05f4d93229fa36a71db8b08d06329ff18a;;otro;00_CONTROL;5407;2026-09-04 22:44
00_CONTROL\.ig-profile\component_crx_cache\412f72d6ad6db7c33794dfb8abe9f2037d48bdc2b8fc7c3159e8622bb92df4ba;412f72d6ad6db7c33794dfb8abe9f2037d48bdc2b8fc7c3159e8622bb92df4ba;;otro;00_CONTROL;296635;2026-09-04 22:44
00_CONTROL\.ig-profile\component_crx_cache\532cf9efd87c19774b2d2e4fff8737053a5a16384de88b1d60776d24fb2e0165;532cf9efd87c19774b2d2e4fff8737053a5a16384de88b1d60776d24fb2e0165;;otro;00_CONTROL;6300;2026-09-04 22:43
00_CONTROL\.ig-profile\component_crx_cache\545666a4efd056351597bb386aea1368105ededc976ed5650d8682daab9f37ff;545666a4efd056351597bb386aea1368105ededc976ed5650d8682daab9f37ff;;otro;00_CONTROL;878447;2026-09-04 22:44
00_CONTROL\.ig-profile\component_crx_cache\7b05c14dba04ed522210b733f004cb0e74d7679a653b19bd029f9bc0e6b19903;7b05c14dba04ed522210b733f004cb0e74d7679a653b19bd029f9bc0e6b19903;;otro;00_CONTROL;12491;2026-09-04 22:44
00_CONTROL\.ig-profile\component_crx_cache\8079ee13f17028be6fbc6a8b26a15a7b03c7e645831b5b4dccd9c022a9ee858b;8079ee13f17028be6fbc6a8b26a15a7b03c7e645831b5b4dccd9c022a9ee858b;;otro;00_CONTROL;50063;2026-09-04 22:43
00_CONTROL\.ig-profile\component_crx_cache\8846cc85512389359593fb746c0498af54259729896b43fc1e2b9f8ec27c1b87;8846cc85512389359593fb746c0498af54259729896b43fc1e2b9f8ec27c1b87;;otro;00_CONTROL;278351;2026-09-04 22:43
00_CONTROL\.ig-profile\component_crx_cache\8abbf2005663279a05d196b11973cc9c238732a176ffbb98b0185a8f442a536d;8abbf2005663279a05d196b11973cc9c238732a176ffbb98b0185a8f442a536d;;otro;00_CONTROL;20603;2026-09-04 22:43
00_CONTROL\.ig-profile\component_crx_cache\925faa0d68a91520e4762217f7addb7746c23f33ba83abd1739b5ec1c84dd520;925faa0d68a91520e4762217f7addb7746c23f33ba83abd1739b5ec1c84dd520;;otro;00_CONTROL;3941;2026-09-04 22:43
00_CONTROL\.ig-profile\component_crx_cache\9425df057173f767acb2e84d721e0d596d355f594a2385ba2a5c763449c48894;9425df057173f767acb2e84d721e0d596d355f594a2385ba2a5c763449c48894;;otro;00_CONTROL;428740;2026-09-05 03:44
00_CONTROL\.ig-profile\component_crx_cache\9bec6c2c0185d3305ac8495047a1aa01e725d58f8f18d219742a2988f07cd93a;9bec6c2c0185d3305ac8495047a1aa01e725d58f8f18d219742a2988f07cd93a;;otro;00_CONTROL;188589;2026-09-04 22:44
00_CONTROL\.ig-profile\component_crx_cache\a4776a981ffb58cbbeb940e41a0b4ac33b664c576ea5d29f60bd808027459d3c;a4776a981ffb58cbbeb940e41a0b4ac33b664c576ea5d29f60bd808027459d3c;;otro;00_CONTROL;496234;2026-09-05 13:10
00_CONTROL\.ig-profile\component_crx_cache\c52c62a7c50daf7d3f73ec16977cd4b0ea401710807d5dbe3850941dd1b73a70;c52c62a7c50daf7d3f73ec16977cd4b0ea401710807d5dbe3850941dd1b73a70;;otro;00_CONTROL;1114805;2026-09-04 22:44
00_CONTROL\.ig-profile\component_crx_cache\cd90570f02ef6465d8e324fb9eb3729b08100f73cdd8c521e3c819b001526877;cd90570f02ef6465d8e324fb9eb3729b08100f73cdd8c521e3c819b001526877;;otro;00_CONTROL;3170;2026-09-04 22:43
00_CONTROL\.ig-profile\component_crx_cache\ced7f11cd363bf9043fbd2e4346dbbb386159a6f61a59398795eb3a7c59e9a6d;ced7f11cd363bf9043fbd2e4346dbbb386159a6f61a59398795eb3a7c59e9a6d;;otro;00_CONTROL;7955451;2026-09-04 22:44
00_CONTROL\.ig-profile\component_crx_cache\d0a36e95c3aa3e632cee5efc3015bf58c4e1b43b1a930b550ee90298917c9fda;d0a36e95c3aa3e632cee5efc3015bf58c4e1b43b1a930b550ee90298917c9fda;;otro;00_CONTROL;3377;2026-09-05 03:44
00_CONTROL\.ig-profile\component_crx_cache\e36d82b80df15f12a1a33aae522c8088063e29a861ca6a2960462624d57cddf1;e36d82b80df15f12a1a33aae522c8088063e29a861ca6a2960462624d57cddf1;;otro;00_CONTROL;491676;2026-09-05 13:10
00_CONTROL\.ig-profile\component_crx_cache\f03cb3d1169e0cbe9c1041e14ea92fc1b52bc5354b1c87ebfc324b5d737f7f68;f03cb3d1169e0cbe9c1041e14ea92fc1b52bc5354b1c87ebfc324b5d737f7f68;;otro;00_CONTROL;12439;2026-09-04 22:43
00_CONTROL\.ig-profile\component_crx_cache\f4f6a8a562017327b18e4c11d6530eec7f2fb19903ef08c557d7828dd650f860;f4f6a8a562017327b18e4c11d6530eec7f2fb19903ef08c557d7828dd650f860;;otro;00_CONTROL;91258;2026-09-05 09:58
00_CONTROL\.ig-profile\component_crx_cache\metadata.json;metadata.json;.json;codigo;00_CONTROL;3148;2026-09-05 13:10
00_CONTROL\.ig-profile\dkpggglmbjhgjhachikgmohmecomjndo\1.0.0\brave_metadata\verified_contents.json;verified_contents.json;.json;codigo;00_CONTROL;877;2026-06-09 03:55
00_CONTROL\.ig-profile\dkpggglmbjhgjhachikgmohmecomjndo\1.0.0\list.txt;list.txt;.txt;documento;00_CONTROL;82;2026-06-09 03:55
00_CONTROL\.ig-profile\dkpggglmbjhgjhachikgmohmecomjndo\1.0.0\manifest.json;manifest.json;.json;codigo;00_CONTROL;581;2026-06-09 03:55
00_CONTROL\.ig-profile\extensions_crx_cache\metadata.json;metadata.json;.json;codigo;00_CONTROL;13;2026-09-04 22:43
00_CONTROL\.ig-profile\fejmaeodjeekfldnbegjagemjgnmhfof\1.0.26209\brave_metadata\verified_contents.json;verified_contents.json;.json;codigo;00_CONTROL;882;2026-09-05 12:55
00_CONTROL\.ig-profile\fejmaeodjeekfldnbegjagemjgnmhfof\1.0.26209\list.txt;list.txt;.txt;documento;00_CONTROL;128057;2026-09-05 12:55
00_CONTROL\.ig-profile\fejmaeodjeekfldnbegjagemjgnmhfof\1.0.26209\manifest.json;manifest.json;.json;codigo;00_CONTROL;589;2026-09-05 12:55
00_CONTROL\.ig-profile\ganmbmiebelpdlnohnabgkkocholelbp\1.0.54\fviitrtmtqcpuzpwnrmfltsqpefsprrl;fviitrtmtqcpuzpwnrmfltsqpefsprrl;;otro;00_CONTROL;15143;2026-02-20 16:06
00_CONTROL\.ig-profile\ganmbmiebelpdlnohnabgkkocholelbp\1.0.54\manifest.json;manifest.json;.json;codigo;00_CONTROL;551;2026-09-05 11:30
00_CONTROL\.ig-profile\ganmbmiebelpdlnohnabgkkocholelbp\1.0.54\resources.json;resources.json;.json;codigo;00_CONTROL;151;2026-02-20 16:06
00_CONTROL\.ig-profile\gkboaolpopklhgplhaaiboijnklogmbc\1.0.97\brave_metadata\verified_contents.json;verified_contents.json;.json;codigo;00_CONTROL;890;2026-09-01 21:13
00_CONTROL\.ig-profile\gkboaolpopklhgplhaaiboijnklogmbc\1.0.97\list_catalog.json;list_catalog.json;.json;codigo;00_CONTROL;59003;2026-09-01 21:13
00_CONTROL\.ig-profile\gkboaolpopklhgplhaaiboijnklogmbc\1.0.97\manifest.json;manifest.json;.json;codigo;00_CONTROL;564;2026-09-01 21:13
00_CONTROL\.ig-profile\gkboaolpopklhgplhaaiboijnklogmbc\1.0.97\regional_catalog.json;regional_catalog.json;.json;codigo;00_CONTROL;50428;2026-09-01 21:13
00_CONTROL\.ig-profile\hyphen-data\120.0.6050.0\_metadata\verified_contents.json;verified_contents.json;.json;codigo;00_CONTROL;7328;2001-01-01 01:00
00_CONTROL\.ig-profile\hyphen-data\120.0.6050.0\hyph-af.hyb;hyph-af.hyb;.hyb;otro;00_CONTROL;72640;2001-01-01 01:00
00_CONTROL\.ig-profile\hyphen-data\120.0.6050.0\hyph-as.hyb;hyph-as.hyb;.hyb;otro;00_CONTROL;703;2001-01-01 01:00
00_CONTROL\.ig-profile\hyphen-data\120.0.6050.0\hyph-be.hyb;hyph-be.hyb;.hyb;otro;00_CONTROL;6098;2001-01-01 01:00
00_CONTROL\.ig-profile\hyphen-data\120.0.6050.0\hyph-bg.hyb;hyph-bg.hyb;.hyb;otro;00_CONTROL;3467;2001-01-01 01:00
00_CONTROL\.ig-profile\hyphen-data\120.0.6050.0\hyph-bn.hyb;hyph-bn.hyb;.hyb;otro;00_CONTROL;703;2001-01-01 01:00
00_CONTROL\.ig-profile\hyphen-data\120.0.6050.0\hyph-cs.hyb;hyph-cs.hyb;.hyb;otro;00_CONTROL;64245;2001-01-01 01:00
00_CONTROL\.ig-profile\hyphen-data\120.0.6050.0\hyph-cu.hyb;hyph-cu.hyb;.hyb;otro;00_CONTROL;52842;2001-01-01 01:00
00_CONTROL\.ig-profile\hyphen-data\120.0.6050.0\hyph-cy.hyb;hyph-cy.hyb;.hyb;otro;00_CONTROL;35913;2001-01-01 01:00
00_CONTROL\.ig-profile\hyphen-data\120.0.6050.0\hyph-da.hyb;hyph-da.hyb;.hyb;otro;00_CONTROL;6967;2001-01-01 01:00
00_CONTROL\.ig-profile\hyphen-data\120.0.6050.0\hyph-de-1901.hyb;hyph-de-1901.hyb;.hyb;otro;00_CONTROL;121393;2001-01-01 01:00
00_CONTROL\.ig-profile\hyphen-data\120.0.6050.0\hyph-de-1996.hyb;hyph-de-1996.hyb;.hyb;otro;00_CONTROL;120412;2001-01-01 01:00
00_CONTROL\.ig-profile\hyphen-data\120.0.6050.0\hyph-de-ch-1901.hyb;hyph-de-ch-1901.hyb;.hyb;otro;00_CONTROL;120218;2001-01-01 01:00
00_CONTROL\.ig-profile\hyphen-data\120.0.6050.0\hyph-el.hyb;hyph-el.hyb;.hyb;otro;00_CONTROL;4219;2001-01-01 01:00
00_CONTROL\.ig-profile\hyphen-data\120.0.6050.0\hyph-en-gb.hyb;hyph-en-gb.hyb;.hyb;otro;00_CONTROL;46607;2001-01-01 01:00
00_CONTROL\.ig-profile\hyphen-data\120.0.6050.0\hyph-en-us.hyb;hyph-en-us.hyb;.hyb;otro;00_CONTROL;59802;2001-01-01 01:00
00_CONTROL\.ig-profile\hyphen-data\120.0.6050.0\hyph-es.hyb;hyph-es.hyb;.hyb;otro;00_CONTROL;14995;2001-01-01 01:00
00_CONTROL\.ig-profile\hyphen-data\120.0.6050.0\hyph-et.hyb;hyph-et.hyb;.hyb;otro;00_CONTROL;21421;2001-01-01 01:00
00_CONTROL\.ig-profile\hyphen-data\120.0.6050.0\hyph-eu.hyb;hyph-eu.hyb;.hyb;otro;00_CONTROL;665;2001-01-01 01:00
00_CONTROL\.ig-profile\hyphen-data\120.0.6050.0\hyph-fr.hyb;hyph-fr.hyb;.hyb;otro;00_CONTROL;8165;2001-01-01 01:00
00_CONTROL\.ig-profile\hyphen-data\120.0.6050.0\hyph-ga.hyb;hyph-ga.hyb;.hyb;otro;00_CONTROL;35824;2001-01-01 01:00
00_CONTROL\.ig-profile\hyphen-data\120.0.6050.0\hyph-gl.hyb;hyph-gl.hyb;.hyb;otro;00_CONTROL;9289;2001-01-01 01:00
00_CONTROL\.ig-profile\hyphen-data\120.0.6050.0\hyph-gu.hyb;hyph-gu.hyb;.hyb;otro;00_CONTROL;655;2001-01-01 01:00
00_CONTROL\.ig-profile\hyphen-data\120.0.6050.0\hyph-hi.hyb;hyph-hi.hyb;.hyb;otro;00_CONTROL;687;2001-01-01 01:00
00_CONTROL\.ig-profile\hyphen-data\120.0.6050.0\hyph-hr.hyb;hyph-hr.hyb;.hyb;otro;00_CONTROL;3031;2001-01-01 01:00
00_CONTROL\.ig-profile\hyphen-data\120.0.6050.0\hyph-hu.hyb;hyph-hu.hyb;.hyb;otro;00_CONTROL;317251;2001-01-01 01:00
00_CONTROL\.ig-profile\hyphen-data\120.0.6050.0\hyph-hy.hyb;hyph-hy.hyb;.hyb;otro;00_CONTROL;605;2001-01-01 01:00
00_CONTROL\.ig-profile\hyphen-data\120.0.6050.0\hyph-it.hyb;hyph-it.hyb;.hyb;otro;00_CONTROL;2512;2001-01-01 01:00
00_CONTROL\.ig-profile\hyphen-data\120.0.6050.0\hyph-ka.hyb;hyph-ka.hyb;.hyb;otro;00_CONTROL;9996;2001-01-01 01:00
00_CONTROL\.ig-profile\hyphen-data\120.0.6050.0\hyph-kn.hyb;hyph-kn.hyb;.hyb;otro;00_CONTROL;711;2001-01-01 01:00
00_CONTROL\.ig-profile\hyphen-data\120.0.6050.0\hyph-la.hyb;hyph-la.hyb;.hyb;otro;00_CONTROL;1839;2001-01-01 01:00
00_CONTROL\.ig-profile\hyphen-data\120.0.6050.0\hyph-lt.hyb;hyph-lt.hyb;.hyb;otro;00_CONTROL;7774;2001-01-01 01:00
00_CONTROL\.ig-profile\hyphen-data\120.0.6050.0\hyph-lv.hyb;hyph-lv.hyb;.hyb;otro;00_CONTROL;38602;2001-01-01 01:00
00_CONTROL\.ig-profile\hyphen-data\120.0.6050.0\hyph-ml.hyb;hyph-ml.hyb;.hyb;otro;00_CONTROL;776;2001-01-01 01:00
00_CONTROL\.ig-profile\hyphen-data\120.0.6050.0\hyph-mn-cyrl.hyb;hyph-mn-cyrl.hyb;.hyb;otro;00_CONTROL;5142;2001-01-01 01:00
00_CONTROL\.ig-profile\hyphen-data\120.0.6050.0\hyph-mr.hyb;hyph-mr.hyb;.hyb;otro;00_CONTROL;687;2001-01-01 01:00
00_CONTROL\.ig-profile\hyphen-data\120.0.6050.0\hyph-mul-ethi.hyb;hyph-mul-ethi.hyb;.hyb;otro;00_CONTROL;3740;2001-01-01 01:00
00_CONTROL\.ig-profile\hyphen-data\120.0.6050.0\hyph-nb.hyb;hyph-nb.hyb;.hyb;otro;00_CONTROL;145263;2001-01-01 01:00
00_CONTROL\.ig-profile\hyphen-data\120.0.6050.0\hyph-nl.hyb;hyph-nl.hyb;.hyb;otro;00_CONTROL;77080;2001-01-01 01:00
00_CONTROL\.ig-profile\hyphen-data\120.0.6050.0\hyph-nn.hyb;hyph-nn.hyb;.hyb;otro;00_CONTROL;145263;2001-01-01 01:00
00_CONTROL\.ig-profile\hyphen-data\120.0.6050.0\hyph-or.hyb;hyph-or.hyb;.hyb;otro;00_CONTROL;647;2001-01-01 01:00
00_CONTROL\.ig-profile\hyphen-data\120.0.6050.0\hyph-pa.hyb;hyph-pa.hyb;.hyb;otro;00_CONTROL;607;2001-01-01 01:00
00_CONTROL\.ig-profile\hyphen-data\120.0.6050.0\hyph-pt.hyb;hyph-pt.hyb;.hyb;otro;00_CONTROL;1414;2001-01-01 01:00
00_CONTROL\.ig-profile\hyphen-data\120.0.6050.0\hyph-ru.hyb;hyph-ru.hyb;.hyb;otro;00_CONTROL;19886;2001-01-01 01:00
00_CONTROL\.ig-profile\hyphen-data\120.0.6050.0\hyph-sk.hyb;hyph-sk.hyb;.hyb;otro;00_CONTROL;64103;2001-01-01 01:00
00_CONTROL\.ig-profile\hyphen-data\120.0.6050.0\hyph-sl.hyb;hyph-sl.hyb;.hyb;otro;00_CONTROL;6631;2001-01-01 01:00
00_CONTROL\.ig-profile\hyphen-data\120.0.6050.0\hyph-sq.hyb;hyph-sq.hyb;.hyb;otro;00_CONTROL;2013;2001-01-01 01:00
00_CONTROL\.ig-profile\hyphen-data\120.0.6050.0\hyph-sv.hyb;hyph-sv.hyb;.hyb;otro;00_CONTROL;72119;2001-01-01 01:00
00_CONTROL\.ig-profile\hyphen-data\120.0.6050.0\hyph-ta.hyb;hyph-ta.hyb;.hyb;otro;00_CONTROL;554;2001-01-01 01:00
00_CONTROL\.ig-profile\hyphen-data\120.0.6050.0\hyph-te.hyb;hyph-te.hyb;.hyb;otro;00_CONTROL;703;2001-01-01 01:00
00_CONTROL\.ig-profile\hyphen-data\120.0.6050.0\hyph-tk.hyb;hyph-tk.hyb;.hyb;otro;00_CONTROL;2712;2001-01-01 01:00
00_CONTROL\.ig-profile\hyphen-data\120.0.6050.0\hyph-uk.hyb;hyph-uk.hyb;.hyb;otro;00_CONTROL;19417;2001-01-01 01:00
00_CONTROL\.ig-profile\hyphen-data\120.0.6050.0\hyph-und-ethi.hyb;hyph-und-ethi.hyb;.hyb;otro;00_CONTROL;3484;2001-01-01 01:00
00_CONTROL\.ig-profile\hyphen-data\120.0.6050.0\manifest.json;manifest.json;.json;codigo;00_CONTROL;82;2001-01-01 01:00
00_CONTROL\.ig-profile\iodkpdagapdfkphljnddpjlldadblomo\1.0.22063\brave_metadata\verified_contents.json;verified_contents.json;.json;codigo;00_CONTROL;882;2026-09-05 12:55
00_CONTROL\.ig-profile\iodkpdagapdfkphljnddpjlldadblomo\1.0.22063\list.txt;list.txt;.txt;documento;00_CONTROL;5216267;2026-09-05 12:55
00_CONTROL\.ig-profile\iodkpdagapdfkphljnddpjlldadblomo\1.0.22063\manifest.json;manifest.json;.json;codigo;00_CONTROL;592;2026-09-05 12:55
00_CONTROL\.ig-profile\jmfhneobcdckobmonkfjkbknnjjnegoh\1.0.0\brave_metadata\verified_contents.json;verified_contents.json;.json;codigo;00_CONTROL;877;2026-06-09 03:55
00_CONTROL\.ig-profile\jmfhneobcdckobmonkfjkbknnjjnegoh\1.0.0\list.txt;list.txt;.txt;documento;00_CONTROL;350;2026-06-09 03:55
00_CONTROL\.ig-profile\jmfhneobcdckobmonkfjkbknnjjnegoh\1.0.0\manifest.json;manifest.json;.json;codigo;00_CONTROL;580;2026-06-09 03:55
00_CONTROL\.ig-profile\kihnoaefogbkmblfimmibknnmkllbhlf\1.0.7640\brave_metadata\verified_contents.json;verified_contents.json;.json;codigo;00_CONTROL;881;2026-09-05 12:55
00_CONTROL\.ig-profile\kihnoaefogbkmblfimmibknnmkllbhlf\1.0.7640\list.txt;list.txt;.txt;documento;00_CONTROL;1680108;2026-09-05 12:55
00_CONTROL\.ig-profile\kihnoaefogbkmblfimmibknnmkllbhlf\1.0.7640\manifest.json;manifest.json;.json;codigo;00_CONTROL;591;2026-09-05 12:55
00_CONTROL\.ig-profile\meimhmgfbckapkbbbdaoefgnbppmkodp\1.0.1673\brave_metadata\verified_contents.json;verified_contents.json;.json;codigo;00_CONTROL;881;2026-09-04 19:55
00_CONTROL\.ig-profile\meimhmgfbckapkbbbdaoefgnbppmkodp\1.0.1673\list.txt;list.txt;.txt;documento;00_CONTROL;358919;2026-09-04 19:55
00_CONTROL\.ig-profile\meimhmgfbckapkbbbdaoefgnbppmkodp\1.0.1673\manifest.json;manifest.json;.json;codigo;00_CONTROL;603;2026-09-04 19:55
00_CONTROL\.ig-profile\mfddibmblmbccpadfndgakiopmmhebop\1.0.154\brave_metadata\verified_contents.json;verified_contents.json;.json;codigo;00_CONTROL;888;2026-09-02 22:55
00_CONTROL\.ig-profile\mfddibmblmbccpadfndgakiopmmhebop\1.0.154\manifest.json;manifest.json;.json;codigo;00_CONTROL;558;2026-09-02 22:55
00_CONTROL\.ig-profile\mfddibmblmbccpadfndgakiopmmhebop\1.0.154\resources.json;resources.json;.json;codigo;00_CONTROL;1022210;2026-09-02 22:55
00_CONTROL\.ig-profile\nlpaeekllejnmhoonlpcefpfnpbajbpe\1.0.548\brave-checks.txt;brave-checks.txt;.txt;documento;00_CONTROL;4840;2026-09-04 14:53
00_CONTROL\.ig-profile\nlpaeekllejnmhoonlpcefpfnpbajbpe\1.0.548\manifest.json;manifest.json;.json;codigo;00_CONTROL;512;2026-09-04 14:53
00_CONTROL\.ig-profile\segmentation_platform\ukm_db;ukm_db;;otro;00_CONTROL;49152;2026-09-04 22:43
00_CONTROL\01_PROMPTS_Y_CONTEXTO\PROMPT_01_MISION_PRINCIPAL.md;PROMPT_01_MISION_PRINCIPAL.md;.md;documento;00_CONTROL;3738;2026-08-18 08:00
00_CONTROL\01_PROMPTS_Y_CONTEXTO\PROMPT_02_EJECUCION_ECOSISTEMA_MARC.md;PROMPT_02_EJECUCION_ECOSISTEMA_MARC.md;.md;documento;00_CONTROL;1735;2026-08-18 08:00
00_CONTROL\01_PROMPTS_Y_CONTEXTO\PROMPT_03_AUDITORIA_TOTAL.md;PROMPT_03_AUDITORIA_TOTAL.md;.md;documento;00_CONTROL;2217;2026-09-04 22:06
00_CONTROL\01_PROMPTS_Y_CONTEXTO\PROMPT_04_OPERADOR_AUTONOMO.md;PROMPT_04_OPERADOR_AUTONOMO.md;.md;documento;00_CONTROL;1926;2026-08-18 08:01
00_CONTROL\01_PROMPTS_Y_CONTEXTO\PROMPT_05_CONTEXTO_TRANSFERENCIA.md;PROMPT_05_CONTEXTO_TRANSFERENCIA.md;.md;documento;00_CONTROL;5056;2026-09-04 22:06
00_CONTROL\ACCESS_MAP.md;ACCESS_MAP.md;.md;documento;00_CONTROL;3274;2026-08-18 08:13
00_CONTROL\ASSET_MAP.md;ASSET_MAP.md;.md;documento;00_CONTROL;2612;2026-08-18 08:08
00_CONTROL\BUSINESS_MAP.md;BUSINESS_MAP.md;.md;documento;00_CONTROL;5414;2026-08-18 08:02
00_CONTROL\CENTRO_DE_CONTROL.md;CENTRO_DE_CONTROL.md;.md;documento;00_CONTROL;2962;2026-08-18 11:03
00_CONTROL\CHANGELOG.md;CHANGELOG.md;.md;documento;00_CONTROL;2624;2026-08-18 11:04
00_CONTROL\CHANNEL_MAP.md;CHANNEL_MAP.md;.md;documento;00_CONTROL;2682;2026-08-18 08:23
00_CONTROL\CONTEXTO_MAESTRO_AURORA.md;CONTEXTO_MAESTRO_AURORA.md;.md;documento;00_CONTROL;4071;2026-08-18 08:10
00_CONTROL\CONTEXTO_MAESTRO_MARC.md;CONTEXTO_MAESTRO_MARC.md;.md;documento;00_CONTROL;6760;2026-08-18 11:32
00_CONTROL\DECISIONS.md;DECISIONS.md;.md;documento;00_CONTROL;3948;2026-08-18 11:00
00_CONTROL\EXTRACCIONES_2026-08-28\CHARLA_DESPIERTA.md;CHARLA_DESPIERTA.md;.md;documento;00_CONTROL;10825;2026-08-28 21:09
00_CONTROL\EXTRACCIONES_2026-08-28\EBOOK_LOCA.md;EBOOK_LOCA.md;.md;documento;00_CONTROL;73997;2026-08-28 21:08
00_CONTROL\EXTRACCIONES_2026-08-28\PROCESO_COMPLETO.md;PROCESO_COMPLETO.md;.md;documento;00_CONTROL;34420;2026-08-28 21:08
00_CONTROL\INFORME_AUDITORIA_INICIAL.md;INFORME_AUDITORIA_INICIAL.md;.md;documento;00_CONTROL;3978;2026-08-18 08:28
00_CONTROL\INVENTARIO_COMPLETO.csv;INVENTARIO_COMPLETO.csv;.csv;documento;00_CONTROL;76392;2026-08-18 15:03
00_CONTROL\INVENTARIO_MAESTRO.md;INVENTARIO_MAESTRO.md;.md;documento;00_CONTROL;15678;2026-08-18 08:13
00_CONTROL\KPI_FRAMEWORK.md;KPI_FRAMEWORK.md;.md;documento;00_CONTROL;2721;2026-08-18 08:27
00_CONTROL\MAPA_GENERAL.md;MAPA_GENERAL.md;.md;documento;00_CONTROL;7628;2026-08-18 07:59
00_CONTROL\ONBOARDING_REPORT_OPENCODE_2026-09-04.md;ONBOARDING_REPORT_OPENCODE_2026-09-04.md;.md;documento;00_CONTROL;5478;2026-09-04 18:13
00_CONTROL\PEGAR_A_CHATGPT.md;PEGAR_A_CHATGPT.md;.md;documento;00_CONTROL;703;2026-09-04 18:41
00_CONTROL\REFLEXION_2026-08-31.md;REFLEXION_2026-08-31.md;.md;documento;00_CONTROL;2163;2026-08-31 16:43
00_CONTROL\ROADMAP_30_DAYS.md;ROADMAP_30_DAYS.md;.md;documento;00_CONTROL;2898;2026-08-18 08:27
00_CONTROL\SESIONES_ZED\775b61f7.md;775b61f7.md;.md;documento;00_CONTROL;173902;2026-09-04 19:39
00_CONTROL\SESIONES_ZED\7da5a423.md;7da5a423.md;.md;documento;00_CONTROL;14356;2026-09-04 19:39
00_CONTROL\SESION_2026-08-18.md;SESION_2026-08-18.md;.md;documento;00_CONTROL;3952;2026-08-18 11:00
00_CONTROL\TASKS.md;TASKS.md;.md;documento;00_CONTROL;5390;2026-08-18 10:59
00_CONTROL\TOOL_MAP.md;TOOL_MAP.md;.md;documento;00_CONTROL;2372;2026-08-18 08:03
00_CONTROL\_IG_SOLUCIONES_ERRORES.py;_IG_SOLUCIONES_ERRORES.py;.py;codigo;00_CONTROL;3738;2026-08-19 06:04
00_CONTROL\_archivista_indice.py;_archivista_indice.py;.py;codigo;00_CONTROL;6153;2026-08-23 06:22
00_CONTROL\_auditoria_100.py;_auditoria_100.py;.py;codigo;00_CONTROL;7596;2026-09-05 16:51
00_CONTROL\_check_html.py;_check_html.py;.py;codigo;00_CONTROL;1389;2026-08-28 21:23
00_CONTROL\_gen_assets_aurora.py;_gen_assets_aurora.py;.py;codigo;00_CONTROL;3507;2026-08-18 15:37
00_CONTROL\_gen_assets_marc.py;_gen_assets_marc.py;.py;codigo;00_CONTROL;3517;2026-08-18 14:24
00_CONTROL\_gen_audios_calma.ps1;_gen_audios_calma.ps1;.ps1;codigo;00_CONTROL;1990;2026-09-04 22:06
00_CONTROL\_gen_highlight_covers.py;_gen_highlight_covers.py;.py;codigo;00_CONTROL;3228;2026-08-28 21:37
00_CONTROL\_gen_inventario.py;_gen_inventario.py;.py;codigo;00_CONTROL;3887;2026-08-18 07:53
00_CONTROL\_gen_lanzamiento_assets.py;_gen_lanzamiento_assets.py;.py;codigo;00_CONTROL;6023;2026-08-31 13:26
00_CONTROL\_ig_audit_marc.py;_ig_audit_marc.py;.py;codigo;00_CONTROL;4202;2026-08-18 13:48
00_CONTROL\_ig_diag_menu.py;_ig_diag_menu.py;.py;codigo;00_CONTROL;2552;2026-08-19 05:45
00_CONTROL\_ig_login_aurora.py;_ig_login_aurora.py;.py;codigo;00_CONTROL;1334;2026-08-18 13:54
00_CONTROL\_ig_login_check.py;_ig_login_check.py;.py;codigo;00_CONTROL;931;2026-08-18 11:34
00_CONTROL\_ig_login_marc.py;_ig_login_marc.py;.py;codigo;00_CONTROL;2905;2026-08-18 13:00
00_CONTROL\_ig_pin_from_grid.py;_ig_pin_from_grid.py;.py;codigo;00_CONTROL;1746;2026-08-19 05:58
00_CONTROL\_ig_pin_mobile.py;_ig_pin_mobile.py;.py;codigo;00_CONTROL;2215;2026-08-19 06:00
00_CONTROL\_ig_probe.py;_ig_probe.py;.py;codigo;00_CONTROL;1348;2026-08-18 13:57
00_CONTROL\_ig_state.py;_ig_state.py;.py;codigo;00_CONTROL;1592;2026-08-18 13:42
00_CONTROL\_ig_toolkit.py;_ig_toolkit.py;.py;codigo;00_CONTROL;13365;2026-08-19 05:54
00_CONTROL\_marc_acc_center.py;_marc_acc_center.py;.py;codigo;00_CONTROL;1072;2026-08-19 11:56
00_CONTROL\_marc_acc_name.py;_marc_acc_name.py;.py;codigo;00_CONTROL;1475;2026-08-19 12:00
00_CONTROL\_marc_acc_profile.py;_marc_acc_profile.py;.py;codigo;00_CONTROL;1657;2026-08-19 11:58
00_CONTROL\_marc_audit_interna.py;_marc_audit_interna.py;.py;codigo;00_CONTROL;2921;2026-08-18 16:46
00_CONTROL\_marc_batch2.py;_marc_batch2.py;.py;codigo;00_CONTROL;2493;2026-08-19 14:15
00_CONTROL\_marc_batch_controls.py;_marc_batch_controls.py;.py;codigo;00_CONTROL;3759;2026-08-19 13:43
00_CONTROL\_marc_cat_label.py;_marc_cat_label.py;.py;codigo;00_CONTROL;3000;2026-08-19 13:26
00_CONTROL\_marc_category.py;_marc_category.py;.py;codigo;00_CONTROL;1500;2026-08-19 12:40
00_CONTROL\_marc_category2.py;_marc_category2.py;.py;codigo;00_CONTROL;1701;2026-08-19 13:16
00_CONTROL\_marc_category_search.py;_marc_category_search.py;.py;codigo;00_CONTROL;1243;2026-08-19 13:18
00_CONTROL\_marc_category_search2.py;_marc_category_search2.py;.py;codigo;00_CONTROL;1647;2026-08-19 13:20
00_CONTROL\_marc_category_search3.py;_marc_category_search3.py;.py;codigo;00_CONTROL;2005;2026-08-19 13:23
00_CONTROL\_marc_check.py;_marc_check.py;.py;codigo;00_CONTROL;2079;2026-08-18 16:40
00_CONTROL\_marc_comments_msgs.py;_marc_comments_msgs.py;.py;codigo;00_CONTROL;2316;2026-08-19 14:11
00_CONTROL\_marc_custom_words.py;_marc_custom_words.py;.py;codigo;00_CONTROL;1662;2026-08-19 13:40
00_CONTROL\_marc_dm_settings.py;_marc_dm_settings.py;.py;codigo;00_CONTROL;1141;2026-08-19 12:29
00_CONTROL\_marc_edit_bio.py;_marc_edit_bio.py;.py;codigo;00_CONTROL;2036;2026-08-19 05:04
00_CONTROL\_marc_edit_perfil.py;_marc_edit_perfil.py;.py;codigo;00_CONTROL;3281;2026-08-18 17:57
00_CONTROL\_marc_exec_controls.py;_marc_exec_controls.py;.py;codigo;00_CONTROL;2866;2026-08-19 13:33
00_CONTROL\_marc_insights.py;_marc_insights.py;.py;codigo;00_CONTROL;815;2026-08-19 14:36
00_CONTROL\_marc_insights_3posts.py;_marc_insights_3posts.py;.py;codigo;00_CONTROL;2419;2026-08-19 15:44
00_CONTROL\_marc_interactions.py;_marc_interactions.py;.py;codigo;00_CONTROL;1167;2026-08-19 12:27
00_CONTROL\_marc_map_controls.py;_marc_map_controls.py;.py;codigo;00_CONTROL;2006;2026-08-19 13:30
00_CONTROL\_marc_msg_hiddenwords.py;_marc_msg_hiddenwords.py;.py;codigo;00_CONTROL;2488;2026-08-19 13:38
00_CONTROL\_marc_name_btns.py;_marc_name_btns.py;.py;codigo;00_CONTROL;1345;2026-08-19 12:08
00_CONTROL\_marc_name_deep.py;_marc_name_deep.py;.py;codigo;00_CONTROL;1919;2026-08-19 12:13
00_CONTROL\_marc_name_enter.py;_marc_name_enter.py;.py;codigo;00_CONTROL;1912;2026-08-19 12:10
00_CONTROL\_marc_name_fill.py;_marc_name_fill.py;.py;codigo;00_CONTROL;1911;2026-08-19 12:06
00_CONTROL\_marc_name_save_search.py;_marc_name_save_search.py;.py;codigo;00_CONTROL;1323;2026-08-19 12:15
00_CONTROL\_marc_name_type.py;_marc_name_type.py;.py;codigo;00_CONTROL;2152;2026-08-19 12:18
00_CONTROL\_marc_note.py;_marc_note.py;.py;codigo;00_CONTROL;1385;2026-08-19 14:39
00_CONTROL\_marc_note_open.py;_marc_note_open.py;.py;codigo;00_CONTROL;1298;2026-08-19 14:42
00_CONTROL\_marc_note_publish.py;_marc_note_publish.py;.py;codigo;00_CONTROL;2096;2026-08-19 14:49
00_CONTROL\_marc_note_verify.py;_marc_note_verify.py;.py;codigo;00_CONTROL;1261;2026-08-19 14:52
00_CONTROL\_marc_note_write.py;_marc_note_write.py;.py;codigo;00_CONTROL;1841;2026-08-19 14:46
00_CONTROL\_marc_notif_map.py;_marc_notif_map.py;.py;codigo;00_CONTROL;1870;2026-08-19 15:09
00_CONTROL\_marc_notif_settings.py;_marc_notif_settings.py;.py;codigo;00_CONTROL;1892;2026-08-19 15:05
00_CONTROL\_marc_pin_test.py;_marc_pin_test.py;.py;codigo;00_CONTROL;1330;2026-08-19 11:52
00_CONTROL\_marc_post_insights.py;_marc_post_insights.py;.py;codigo;00_CONTROL;1728;2026-08-19 15:12
00_CONTROL\_marc_post_insights_detail.py;_marc_post_insights_detail.py;.py;codigo;00_CONTROL;1400;2026-08-19 15:17
00_CONTROL\_marc_post_insights_retry.py;_marc_post_insights_retry.py;.py;codigo;00_CONTROL;1465;2026-08-19 15:24
00_CONTROL\_marc_prof_dash.py;_marc_prof_dash.py;.py;codigo;00_CONTROL;2196;2026-08-19 12:20
00_CONTROL\_marc_prof_diag.py;_marc_prof_diag.py;.py;codigo;00_CONTROL;1959;2026-08-19 13:05
00_CONTROL\_marc_prof_fields.py;_marc_prof_fields.py;.py;codigo;00_CONTROL;1404;2026-08-19 12:38
00_CONTROL\_marc_prof_fill.py;_marc_prof_fill.py;.py;codigo;00_CONTROL;2349;2026-08-19 12:43
00_CONTROL\_marc_prof_final_verify.py;_marc_prof_final_verify.py;.py;codigo;00_CONTROL;2490;2026-08-19 13:13
00_CONTROL\_marc_prof_settings.py;_marc_prof_settings.py;.py;codigo;00_CONTROL;1072;2026-08-19 12:35
00_CONTROL\_marc_prof_submit.py;_marc_prof_submit.py;.py;codigo;00_CONTROL;2335;2026-08-19 12:45
00_CONTROL\_marc_prof_submit2.py;_marc_prof_submit2.py;.py;codigo;00_CONTROL;2733;2026-08-19 12:50
00_CONTROL\_marc_prof_submit3.py;_marc_prof_submit3.py;.py;codigo;00_CONTROL;3082;2026-08-19 12:54
00_CONTROL\_marc_prof_submit4.py;_marc_prof_submit4.py;.py;codigo;00_CONTROL;2906;2026-08-19 13:02
00_CONTROL\_marc_prof_submit5.py;_marc_prof_submit5.py;.py;codigo;00_CONTROL;2624;2026-08-19 13:08
00_CONTROL\_marc_prof_submit6.py;_marc_prof_submit6.py;.py;codigo;00_CONTROL;2825;2026-08-19 13:10
00_CONTROL\_marc_prof_verify.py;_marc_prof_verify.py;.py;codigo;00_CONTROL;1934;2026-08-19 12:47
00_CONTROL\_marc_profundo.py;_marc_profundo.py;.py;codigo;00_CONTROL;3090;2026-08-18 17:19
00_CONTROL\_marc_qr_status.py;_marc_qr_status.py;.py;codigo;00_CONTROL;2438;2026-08-19 14:18
00_CONTROL\_marc_restore_mobile.py;_marc_restore_mobile.py;.py;codigo;00_CONTROL;1761;2026-08-19 13:00
00_CONTROL\_marc_routes_test.py;_marc_routes_test.py;.py;codigo;00_CONTROL;1878;2026-08-19 11:54
00_CONTROL\_marc_settings_explore.py;_marc_settings_explore.py;.py;codigo;00_CONTROL;1209;2026-08-19 12:24
00_CONTROL\_marc_settings_hrefs.py;_marc_settings_hrefs.py;.py;codigo;00_CONTROL;1103;2026-08-19 12:33
00_CONTROL\_marc_status2.py;_marc_status2.py;.py;codigo;00_CONTROL;875;2026-08-19 14:22
00_CONTROL\_marc_status_expand.py;_marc_status_expand.py;.py;codigo;00_CONTROL;1711;2026-08-19 14:25
00_CONTROL\_marc_status_expand2.py;_marc_status_expand2.py;.py;codigo;00_CONTROL;1593;2026-08-19 14:26
00_CONTROL\_marc_status_expand3.py;_marc_status_expand3.py;.py;codigo;00_CONTROL;1433;2026-08-19 14:31
00_CONTROL\_marc_tools_notif.py;_marc_tools_notif.py;.py;codigo;00_CONTROL;1625;2026-08-19 15:01
00_CONTROL\_marc_verify_filter.py;_marc_verify_filter.py;.py;codigo;00_CONTROL;1843;2026-08-19 13:35
00_CONTROL\_marc_words_dom.py;_marc_words_dom.py;.py;codigo;00_CONTROL;2902;2026-08-19 13:56
00_CONTROL\_marc_words_fill.py;_marc_words_fill.py;.py;codigo;00_CONTROL;2408;2026-08-19 13:59
00_CONTROL\_marc_words_open.py;_marc_words_open.py;.py;codigo;00_CONTROL;1901;2026-08-19 13:45
00_CONTROL\_marc_words_open2.py;_marc_words_open2.py;.py;codigo;00_CONTROL;2828;2026-08-19 13:48
00_CONTROL\_marc_words_open3.py;_marc_words_open3.py;.py;codigo;00_CONTROL;2426;2026-08-19 13:50
00_CONTROL\_marc_words_open4.py;_marc_words_open4.py;.py;codigo;00_CONTROL;3181;2026-08-19 13:52
00_CONTROL\_marc_words_submit.py;_marc_words_submit.py;.py;codigo;00_CONTROL;2357;2026-08-19 14:02
00_CONTROL\_marc_words_urls.py;_marc_words_urls.py;.py;codigo;00_CONTROL;1318;2026-08-19 13:54
00_CONTROL\_marc_words_verify.py;_marc_words_verify.py;.py;codigo;00_CONTROL;1040;2026-08-19 14:04
00_CONTROL\_reexplorar.py;_reexplorar.py;.py;codigo;00_CONTROL;1337;2026-08-18 14:51
00_CONTROL\_review_tmp.png;_review_tmp.png;.png;imagen;00_CONTROL;180410;2026-09-05 12:59
00_EMPIEZA_AQUI.md;00_EMPIEZA_AQUI.md;.md;documento;RAIZ;2295;2026-09-04 22:10
03_ESCALA\AGENDA_REUNION_2026-08-20.md;AGENDA_REUNION_2026-08-20.md;.md;documento;03_ESCALA;3350;2026-08-18 08:25
03_ESCALA\CONTEXTO_ESCALA.md;CONTEXTO_ESCALA.md;.md;documento;03_ESCALA;3416;2026-08-18 08:25
03_ESCALA\DOCUMENTACION_ENTREGADA\5.0 IE6 - Contrato de prestación de servicios y garantía de resultados.pdf;5.0 IE6 - Contrato de prestación de servicios y garantía de resultados.pdf;.pdf;documento;03_ESCALA;132692;2026-02-19 18:34
03_ESCALA\DOCUMENTACION_ENTREGADA\GUIÓN WEBINAR PERSONALIZADO.docx;GUIÓN WEBINAR PERSONALIZADO.docx;.docx;documento;03_ESCALA;25037;2026-07-02 20:49
03_ESCALA\DOCUMENTACION_ENTREGADA\PREGUNTAS  TESTIMONIOS.docx;PREGUNTAS  TESTIMONIOS.docx;.docx;documento;03_ESCALA;15316;2026-05-25 23:03
03_ESCALA\GUIA_REUNION_ESCALA_2026-08-20.md;GUIA_REUNION_ESCALA_2026-08-20.md;.md;documento;03_ESCALA;5373;2026-08-19 16:08
04_ACUERDOS\ACUERDO_HABITACION_2026-09-04.md;ACUERDO_HABITACION_2026-09-04.md;.md;documento;04_ACUERDOS;1013;2026-09-05 00:47
04_ACUERDOS\RESUMEN_LLAMADA_2026-09-04.md;RESUMEN_LLAMADA_2026-09-04.md;.md;documento;04_ACUERDOS;1065;2026-09-05 00:47
ARCHIVO_DOCUMENTAL\00_INDICE\INDICE_MAESTRO.csv;INDICE_MAESTRO.csv;.csv;documento;ARCHIVO_DOCUMENTAL;32832;2026-08-23 06:22
ARCHIVO_DOCUMENTAL\00_INDICE\INDICE_MAESTRO.md;INDICE_MAESTRO.md;.md;documento;ARCHIVO_DOCUMENTAL;34869;2026-08-23 06:22
ARCHIVO_DOCUMENTAL\00_INDICE\_docs_meta.json;_docs_meta.json;.json;codigo;ARCHIVO_DOCUMENTAL;97439;2026-08-23 06:22
ARCHIVO_DOCUMENTAL\04_LINEA_TIEMPO\LINEA_TIEMPO_MARC_AURORA.md;LINEA_TIEMPO_MARC_AURORA.md;.md;documento;ARCHIVO_DOCUMENTAL;5133;2026-08-23 06:24
ARCHIVO_DOCUMENTAL\06_ARCHIVO_HISTORICO\ACADEMICO_LEGACY_2026-08-28\Admción.-Exposic\Adción por Objetivos Gris[1].pptx;Adción por Objetivos Gris[1].pptx;.pptx;documento;ARCHIVO_DOCUMENTAL;230480;2012-04-10 00:12
ARCHIVO_DOCUMENTAL\06_ARCHIVO_HISTORICO\ACADEMICO_LEGACY_2026-08-28\Admción.-Exposic\Admción Ciencia, Técnica, Arte Exc..ppt;Admción Ciencia, Técnica, Arte Exc..ppt;.ppt;otro;ARCHIVO_DOCUMENTAL;4510720;2012-04-09 23:51
ARCHIVO_DOCUMENTAL\06_ARCHIVO_HISTORICO\ACADEMICO_LEGACY_2026-08-28\Admción.-Exposic\La sinceridad.pptx;La sinceridad.pptx;.pptx;documento;ARCHIVO_DOCUMENTAL;765555;2013-03-20 18:05
ARCHIVO_DOCUMENTAL\06_ARCHIVO_HISTORICO\ACADEMICO_LEGACY_2026-08-28\Evaluaciones Admción\1er. Quiz  Admción 2010 II Nocturno. 2 L.A.[1] (Autoguardado).docx;1er. Quiz  Admción 2010 II Nocturno. 2 L.A.[1] (Autoguardado).docx;.docx;documento;ARCHIVO_DOCUMENTAL;13958;2010-08-19 18:04
ARCHIVO_DOCUMENTAL\06_ARCHIVO_HISTORICO\ACADEMICO_LEGACY_2026-08-28\Evaluaciones Admción\1er. Quiz  Admción 2010 Nocturno. 2 L.A.[1] (Autoguardado).docx;1er. Quiz  Admción 2010 Nocturno. 2 L.A.[1] (Autoguardado).docx;.docx;documento;ARCHIVO_DOCUMENTAL;14152;2011-03-10 15:49
ARCHIVO_DOCUMENTAL\06_ARCHIVO_HISTORICO\ACADEMICO_LEGACY_2026-08-28\Evaluaciones Admción\1er. Quiz  Admción 2010 Nocturno. 3L.A.[1] (Autoguardado).docx;1er. Quiz  Admción 2010 Nocturno. 3L.A.[1] (Autoguardado).docx;.docx;documento;ARCHIVO_DOCUMENTAL;12541;2011-04-05 16:36
ARCHIVO_DOCUMENTAL\06_ARCHIVO_HISTORICO\ACADEMICO_LEGACY_2026-08-28\Evaluaciones Admción\1er. Quiz  Admción 2010. 2 L.A.[1] (Autoguardado).docx;1er. Quiz  Admción 2010. 2 L.A.[1] (Autoguardado).docx;.docx;documento;ARCHIVO_DOCUMENTAL;13762;2011-03-08 11:25
ARCHIVO_DOCUMENTAL\06_ARCHIVO_HISTORICO\ACADEMICO_LEGACY_2026-08-28\Evaluaciones Admción\1er. Quiz  Admción 2010.II.docx;1er. Quiz  Admción 2010.II.docx;.docx;documento;ARCHIVO_DOCUMENTAL;13824;2010-08-19 08:04
ARCHIVO_DOCUMENTAL\06_ARCHIVO_HISTORICO\ACADEMICO_LEGACY_2026-08-28\Evaluaciones Admción\1er. Quiz  Admción 2011-II.docx;1er. Quiz  Admción 2011-II.docx;.docx;documento;ARCHIVO_DOCUMENTAL;12618;2011-08-25 17:27
ARCHIVO_DOCUMENTAL\06_ARCHIVO_HISTORICO\ACADEMICO_LEGACY_2026-08-28\Evaluaciones Admción\1er. Quiz  Admción 2011.docx;1er. Quiz  Admción 2011.docx;.docx;documento;ARCHIVO_DOCUMENTAL;12567;2011-04-28 13:33
ARCHIVO_DOCUMENTAL\06_ARCHIVO_HISTORICO\ACADEMICO_LEGACY_2026-08-28\Evaluaciones Admción\1er. Quiz  Admción Diurno. 2 L.A.[1].doc;1er. Quiz  Admción Diurno. 2 L.A.[1].doc;.doc;documento;ARCHIVO_DOCUMENTAL;28672;2009-09-03 09:30
ARCHIVO_DOCUMENTAL\06_ARCHIVO_HISTORICO\ACADEMICO_LEGACY_2026-08-28\Evaluaciones Admción\1er. Quiz  Admción Nocturno. 2 L.A.[1] (Autoguardado).doc;1er. Quiz  Admción Nocturno. 2 L.A.[1] (Autoguardado).doc;.doc;documento;ARCHIVO_DOCUMENTAL;29696;2009-09-03 17:54
ARCHIVO_DOCUMENTAL\06_ARCHIVO_HISTORICO\ACADEMICO_LEGACY_2026-08-28\Evaluaciones Admción\2do. Quiz   Admción(A1) 2010. 2 L.A.[1] (Autoguardado).docx;2do. Quiz   Admción(A1) 2010. 2 L.A.[1] (Autoguardado).docx;.docx;documento;ARCHIVO_DOCUMENTAL;14208;2011-05-05 07:55
ARCHIVO_DOCUMENTAL\06_ARCHIVO_HISTORICO\ACADEMICO_LEGACY_2026-08-28\Evaluaciones Admción\2do. Quiz   Admción2012.docx;2do. Quiz   Admción2012.docx;.docx;documento;ARCHIVO_DOCUMENTAL;14205;2011-05-05 07:55
ARCHIVO_DOCUMENTAL\06_ARCHIVO_HISTORICO\ACADEMICO_LEGACY_2026-08-28\Evaluaciones Admción\2do. Quiz . Admción 1B.docx;2do. Quiz . Admción 1B.docx;.docx;documento;ARCHIVO_DOCUMENTAL;13612;2011-05-05 17:57
ARCHIVO_DOCUMENTAL\06_ARCHIVO_HISTORICO\ACADEMICO_LEGACY_2026-08-28\Evaluaciones Admción\2do. Quiz . Admción ITM.docx;2do. Quiz . Admción ITM.docx;.docx;documento;ARCHIVO_DOCUMENTAL;12772;2011-04-13 13:29
ARCHIVO_DOCUMENTAL\06_ARCHIVO_HISTORICO\ACADEMICO_LEGACY_2026-08-28\Evaluaciones Admción\2do. Quiz . Quiz  Admción 2010. 2 L.A.[1] (Autoguardado).docx;2do. Quiz . Quiz  Admción 2010. 2 L.A.[1] (Autoguardado).docx;.docx;documento;ARCHIVO_DOCUMENTAL;13993;2010-03-25 07:16
ARCHIVO_DOCUMENTAL\06_ARCHIVO_HISTORICO\ACADEMICO_LEGACY_2026-08-28\Evaluaciones Admción\2do. Quiz . Quiz  Admción 2010. II.docx;2do. Quiz . Quiz  Admción 2010. II.docx;.docx;documento;ARCHIVO_DOCUMENTAL;13992;2010-09-21 07:58
ARCHIVO_DOCUMENTAL\06_ARCHIVO_HISTORICO\ACADEMICO_LEGACY_2026-08-28\Evaluaciones Admción\2do. Quiz . Quiz  Admción B2.docx;2do. Quiz . Quiz  Admción B2.docx;.docx;documento;ARCHIVO_DOCUMENTAL;13947;2011-05-06 17:56
ARCHIVO_DOCUMENTAL\06_ARCHIVO_HISTORICO\ACADEMICO_LEGACY_2026-08-28\Evaluaciones Admción\2do. Quiz . Quiz  Admción B22.docx;2do. Quiz . Quiz  Admción B22.docx;.docx;documento;ARCHIVO_DOCUMENTAL;13517;2011-05-06 17:54
ARCHIVO_DOCUMENTAL\06_ARCHIVO_HISTORICO\ACADEMICO_LEGACY_2026-08-28\Evaluaciones Admción\2do. Quiz . Quiz  Admción2  2010. II.docx;2do. Quiz . Quiz  Admción2  2010. II.docx;.docx;documento;ARCHIVO_DOCUMENTAL;13974;2010-09-21 09:42
ARCHIVO_DOCUMENTAL\06_ARCHIVO_HISTORICO\ACADEMICO_LEGACY_2026-08-28\Evaluaciones Admción\2do. Quiz . Quiz  Admción2  2013.docx;2do. Quiz . Quiz  Admción2  2013.docx;.docx;documento;ARCHIVO_DOCUMENTAL;14151;2011-05-06 17:55
ARCHIVO_DOCUMENTAL\06_ARCHIVO_HISTORICO\ACADEMICO_LEGACY_2026-08-28\Evaluaciones Admción\2do. Quiz . Quiz  Admción3 2010. II.docx;2do. Quiz . Quiz  Admción3 2010. II.docx;.docx;documento;ARCHIVO_DOCUMENTAL;13989;2010-09-21 17:33
ARCHIVO_DOCUMENTAL\06_ARCHIVO_HISTORICO\ACADEMICO_LEGACY_2026-08-28\Evaluaciones Admción\2do.Quiz  Admción Nocturno. 2 L.A.[1] (Autoguardado).doc;2do.Quiz  Admción Nocturno. 2 L.A.[1] (Autoguardado).doc;.doc;documento;ARCHIVO_DOCUMENTAL;27648;2009-11-05 08:48
ARCHIVO_DOCUMENTAL\06_ARCHIVO_HISTORICO\ACADEMICO_LEGACY_2026-08-28\Evaluaciones Admción\2do.Quiz Admciín_...docx;2do.Quiz Admciín_...docx;.docx;documento;ARCHIVO_DOCUMENTAL;13428;2010-05-03 18:09
ARCHIVO_DOCUMENTAL\06_ARCHIVO_HISTORICO\ACADEMICO_LEGACY_2026-08-28\Evaluaciones Admción\2do.Quiz_...doc;2do.Quiz_...doc;.doc;documento;ARCHIVO_DOCUMENTAL;29696;2010-05-03 18:08
ARCHIVO_DOCUMENTAL\06_ARCHIVO_HISTORICO\ACADEMICO_LEGACY_2026-08-28\Evaluaciones Admción\2do.Quiz_2...docx;2do.Quiz_2...docx;.docx;documento;ARCHIVO_DOCUMENTAL;12337;2010-06-15 08:21
ARCHIVO_DOCUMENTAL\06_ARCHIVO_HISTORICO\ACADEMICO_LEGACY_2026-08-28\Evaluaciones Admción\2do.Quiz_Admción Diurno...docx;2do.Quiz_Admción Diurno...docx;.docx;documento;ARCHIVO_DOCUMENTAL;12939;2010-05-04 19:25
ARCHIVO_DOCUMENTAL\06_ARCHIVO_HISTORICO\ACADEMICO_LEGACY_2026-08-28\Evaluaciones Admción\Admción A2.docx;Admción A2.docx;.docx;documento;ARCHIVO_DOCUMENTAL;12327;2011-05-24 09:59
ARCHIVO_DOCUMENTAL\06_ARCHIVO_HISTORICO\ACADEMICO_LEGACY_2026-08-28\Evaluaciones Admción\Admción B1.docx;Admción B1.docx;.docx;documento;ARCHIVO_DOCUMENTAL;12323;2011-05-24 19:51
ARCHIVO_DOCUMENTAL\06_ARCHIVO_HISTORICO\ACADEMICO_LEGACY_2026-08-28\Evaluaciones Admción\Final  Pensam. Adm. 3.docx;Final  Pensam. Adm. 3.docx;.docx;documento;ARCHIVO_DOCUMENTAL;13310;2009-06-11 17:14
ARCHIVO_DOCUMENTAL\06_ARCHIVO_HISTORICO\ACADEMICO_LEGACY_2026-08-28\Evaluaciones Admción\Final Admción Nocturno. 2 L.A.[1] (Autoguardado).doc;Final Admción Nocturno. 2 L.A.[1] (Autoguardado).doc;.doc;documento;ARCHIVO_DOCUMENTAL;29696;2009-11-27 09:04
ARCHIVO_DOCUMENTAL\06_ARCHIVO_HISTORICO\ACADEMICO_LEGACY_2026-08-28\Evaluaciones Admción\Final Admción Nocturno. 4 L.A.[1] (Autoguardado).docx;Final Admción Nocturno. 4 L.A.[1] (Autoguardado).docx;.docx;documento;ARCHIVO_DOCUMENTAL;13689;2009-11-27 16:29
ARCHIVO_DOCUMENTAL\06_ARCHIVO_HISTORICO\ACADEMICO_LEGACY_2026-08-28\Evaluaciones Admción\Final Admción Nocturno. 5 L.A.[1] (Autoguardado).docx;Final Admción Nocturno. 5 L.A.[1] (Autoguardado).docx;.docx;documento;ARCHIVO_DOCUMENTAL;13639;2009-11-27 16:30
ARCHIVO_DOCUMENTAL\06_ARCHIVO_HISTORICO\ACADEMICO_LEGACY_2026-08-28\Evaluaciones Admción\Final Admción. 2 Junio.docx;Final Admción. 2 Junio.docx;.docx;documento;ARCHIVO_DOCUMENTAL;13635;2010-06-08 09:08
ARCHIVO_DOCUMENTAL\06_ARCHIVO_HISTORICO\ACADEMICO_LEGACY_2026-08-28\Evaluaciones Admción\Final Admción. Diurno 2010.docx;Final Admción. Diurno 2010.docx;.docx;documento;ARCHIVO_DOCUMENTAL;13857;2010-11-16 08:39
ARCHIVO_DOCUMENTAL\06_ARCHIVO_HISTORICO\ACADEMICO_LEGACY_2026-08-28\Evaluaciones Admción\Final Admción. Diurno2 2010.docx;Final Admción. Diurno2 2010.docx;.docx;documento;ARCHIVO_DOCUMENTAL;12687;2011-06-22 17:25
ARCHIVO_DOCUMENTAL\06_ARCHIVO_HISTORICO\ACADEMICO_LEGACY_2026-08-28\Evaluaciones Admción\Final Admción. Junio.docx;Final Admción. Junio.docx;.docx;documento;ARCHIVO_DOCUMENTAL;13612;2010-06-08 19:42
ARCHIVO_DOCUMENTAL\06_ARCHIVO_HISTORICO\ACADEMICO_LEGACY_2026-08-28\Evaluaciones Admción\Final Admción. Modelo.docx;Final Admción. Modelo.docx;.docx;documento;ARCHIVO_DOCUMENTAL;13456;2011-11-21 08:21
ARCHIVO_DOCUMENTAL\06_ARCHIVO_HISTORICO\ACADEMICO_LEGACY_2026-08-28\Evaluaciones Admción\Final Admción. Nocturno 2010.docx;Final Admción. Nocturno 2010.docx;.docx;documento;ARCHIVO_DOCUMENTAL;14237;2010-11-16 16:48
ARCHIVO_DOCUMENTAL\06_ARCHIVO_HISTORICO\ACADEMICO_LEGACY_2026-08-28\Evaluaciones Admción\Final Admción. Nocturno 2011.docx;Final Admción. Nocturno 2011.docx;.docx;documento;ARCHIVO_DOCUMENTAL;12510;2011-06-22 17:32
ARCHIVO_DOCUMENTAL\06_ARCHIVO_HISTORICO\ACADEMICO_LEGACY_2026-08-28\Evaluaciones Admción\Final Admción. diurnob 2011-II.docx;Final Admción. diurnob 2011-II.docx;.docx;documento;ARCHIVO_DOCUMENTAL;12705;2011-11-21 07:27
ARCHIVO_DOCUMENTAL\06_ARCHIVO_HISTORICO\ACADEMICO_LEGACY_2026-08-28\Evaluaciones Admción\Final Admción. diurnob 2011.docx;Final Admción. diurnob 2011.docx;.docx;documento;ARCHIVO_DOCUMENTAL;12516;2011-06-22 18:12
ARCHIVO_DOCUMENTAL\06_ARCHIVO_HISTORICO\ACADEMICO_LEGACY_2026-08-28\Evaluaciones Admción\Final Admción32 L.A.[1] (Autoguardado).docx;Final Admción32 L.A.[1] (Autoguardado).docx;.docx;documento;ARCHIVO_DOCUMENTAL;13441;2009-12-11 10:18
ARCHIVO_DOCUMENTAL\06_ARCHIVO_HISTORICO\ACADEMICO_LEGACY_2026-08-28\Evaluaciones Admción\FubalAdmción Nocturno. 2 L.A.[1] (Autoguardado).doc;FubalAdmción Nocturno. 2 L.A.[1] (Autoguardado).doc;.doc;documento;ARCHIVO_DOCUMENTAL;29696;2009-11-27 09:03
ARCHIVO_DOCUMENTAL\06_ARCHIVO_HISTORICO\ACADEMICO_LEGACY_2026-08-28\Evaluaciones Admción\Habilitación  Admción. nocturno 2011.docx;Habilitación  Admción. nocturno 2011.docx;.docx;documento;ARCHIVO_DOCUMENTAL;12387;2011-06-30 12:22
ARCHIVO_DOCUMENTAL\06_ARCHIVO_HISTORICO\ACADEMICO_LEGACY_2026-08-28\Evaluaciones Admción\Habilitación Pens. Admt.L.A.[1] (Autoguardado).docx;Habilitación Pens. Admt.L.A.[1] (Autoguardado).docx;.docx;documento;ARCHIVO_DOCUMENTAL;12270;2009-12-09 17:08
ARCHIVO_DOCUMENTAL\06_ARCHIVO_HISTORICO\ACADEMICO_LEGACY_2026-08-28\Evaluaciones Admción\Parcial Pensam Admt. 2 L.A.[1].doc;Parcial Pensam Admt. 2 L.A.[1].doc;.doc;documento;ARCHIVO_DOCUMENTAL;24576;2009-04-16 21:00
ARCHIVO_DOCUMENTAL\06_ARCHIVO_HISTORICO\ACADEMICO_LEGACY_2026-08-28\Evaluaciones Admción\Parcial Pensam Admt. A1 .[1].doc;Parcial Pensam Admt. A1 .[1].doc;.doc;documento;ARCHIVO_DOCUMENTAL;28672;2009-04-24 07:59
ARCHIVO_DOCUMENTAL\06_ARCHIVO_HISTORICO\ACADEMICO_LEGACY_2026-08-28\Evaluaciones Admción\Parcial Pensam Admt. L.A.[1].doc;Parcial Pensam Admt. L.A.[1].doc;.doc;documento;ARCHIVO_DOCUMENTAL;28672;2009-04-16 12:20
ARCHIVO_DOCUMENTAL\06_ARCHIVO_HISTORICO\ACADEMICO_LEGACY_2026-08-28\Evaluaciones Admción\Quiz B2.doc;Quiz B2.doc;.doc;documento;ARCHIVO_DOCUMENTAL;27136;2011-05-23 18:28
ARCHIVO_DOCUMENTAL\06_ARCHIVO_HISTORICO\ACADEMICO_LEGACY_2026-08-28\Evaluaciones Admción\~$nal Admción. Nocturno 2010.docx;~$nal Admción. Nocturno 2010.docx;.docx;documento;ARCHIVO_DOCUMENTAL;162;2010-11-16 15:34
ARCHIVO_DOCUMENTAL\06_ARCHIVO_HISTORICO\ACADEMICO_LEGACY_2026-08-28\Evaluaciones Admción\~$o. Quiz . Quiz  Admción 2010. II.docx;~$o. Quiz . Quiz  Admción 2010. II.docx;.docx;documento;ARCHIVO_DOCUMENTAL;162;2010-09-21 07:58
ARCHIVO_DOCUMENTAL\06_ARCHIVO_HISTORICO\ACADEMICO_LEGACY_2026-08-28\Evaluaciones Admción\~$o. Quiz . Quiz  Admción2  2010. II.docx;~$o. Quiz . Quiz  Admción2  2010. II.docx;.docx;documento;ARCHIVO_DOCUMENTAL;162;2010-09-21 09:42
ARCHIVO_DOCUMENTAL\06_ARCHIVO_HISTORICO\ACADEMICO_LEGACY_2026-08-28\Evaluaciones Admción\~$r. Quiz  Admción 2010 Nocturno. 2 L.A.[1] (Autoguardado).docx;~$r. Quiz  Admción 2010 Nocturno. 2 L.A.[1] (Autoguardado).docx;.docx;documento;ARCHIVO_DOCUMENTAL;162;2011-03-10 15:18
ARCHIVO_DOCUMENTAL\06_ARCHIVO_HISTORICO\ACADEMICO_LEGACY_2026-08-28\Evaluaciones\Amortizaciones 2011.docx;Amortizaciones 2011.docx;.docx;documento;ARCHIVO_DOCUMENTAL;14442;2011-08-19 12:10
ARCHIVO_DOCUMENTAL\06_ARCHIVO_HISTORICO\ACADEMICO_LEGACY_2026-08-28\Evaluaciones\Amortizaciones 2011A.docx;Amortizaciones 2011A.docx;.docx;documento;ARCHIVO_DOCUMENTAL;14676;2011-08-19 13:33
ARCHIVO_DOCUMENTAL\06_ARCHIVO_HISTORICO\ACADEMICO_LEGACY_2026-08-28\Evaluaciones\Conversión tasas 2011 Ing Econom..docx;Conversión tasas 2011 Ing Econom..docx;.docx;documento;ARCHIVO_DOCUMENTAL;13953;2011-09-07 17:27
ARCHIVO_DOCUMENTAL\06_ARCHIVO_HISTORICO\ACADEMICO_LEGACY_2026-08-28\Evaluaciones\Conversión tasas 2011 Ing Econom.B.docx;Conversión tasas 2011 Ing Econom.B.docx;.docx;documento;ARCHIVO_DOCUMENTAL;13909;2011-09-07 17:29
ARCHIVO_DOCUMENTAL\06_ARCHIVO_HISTORICO\ACADEMICO_LEGACY_2026-08-28\Evaluaciones\Conversión tasas 2011.docx;Conversión tasas 2011.docx;.docx;documento;ARCHIVO_DOCUMENTAL;14067;2011-05-11 07:41
ARCHIVO_DOCUMENTAL\06_ARCHIVO_HISTORICO\ACADEMICO_LEGACY_2026-08-28\Evaluaciones\Conversión tasas 2011B.docx;Conversión tasas 2011B.docx;.docx;documento;ARCHIVO_DOCUMENTAL;14072;2011-05-11 07:45
ARCHIVO_DOCUMENTAL\06_ARCHIVO_HISTORICO\ACADEMICO_LEGACY_2026-08-28\Evaluaciones\Conversión tasas-2012.docx;Conversión tasas-2012.docx;.docx;documento;ARCHIVO_DOCUMENTAL;13637;2012-04-10 17:56
ARCHIVO_DOCUMENTAL\06_ARCHIVO_HISTORICO\ACADEMICO_LEGACY_2026-08-28\Evaluaciones\Conversión tasas-Diurno 2[1].docx;Conversión tasas-Diurno 2[1].docx;.docx;documento;ARCHIVO_DOCUMENTAL;13436;2012-04-10 16:02
ARCHIVO_DOCUMENTAL\06_ARCHIVO_HISTORICO\ACADEMICO_LEGACY_2026-08-28\Evaluaciones\Conversión tasas-ITM[1].docx;Conversión tasas-ITM[1].docx;.docx;documento;ARCHIVO_DOCUMENTAL;14177;2011-05-12 19:41
ARCHIVO_DOCUMENTAL\06_ARCHIVO_HISTORICO\ACADEMICO_LEGACY_2026-08-28\Evaluaciones\Conversión tasas-Junio 15 2[1].docx;Conversión tasas-Junio 15 2[1].docx;.docx;documento;ARCHIVO_DOCUMENTAL;13996;2010-06-16 17:47
ARCHIVO_DOCUMENTAL\06_ARCHIVO_HISTORICO\ACADEMICO_LEGACY_2026-08-28\Evaluaciones\Examen 1.docx;Examen 1.docx;.docx;documento;ARCHIVO_DOCUMENTAL;14167;2011-05-12 19:41
ARCHIVO_DOCUMENTAL\06_ARCHIVO_HISTORICO\ACADEMICO_LEGACY_2026-08-28\Evaluaciones\Examen 2.docx;Examen 2.docx;.docx;documento;ARCHIVO_DOCUMENTAL;14153;2011-05-12 19:43
ARCHIVO_DOCUMENTAL\06_ARCHIVO_HISTORICO\ACADEMICO_LEGACY_2026-08-28\Evaluaciones\Examen 3.docx;Examen 3.docx;.docx;documento;ARCHIVO_DOCUMENTAL;14060;2011-05-12 22:07
ARCHIVO_DOCUMENTAL\06_ARCHIVO_HISTORICO\ACADEMICO_LEGACY_2026-08-28\Evaluaciones\FUNDACIÓN UNIVERSITARIA LUIS AMIGÓ.docx;FUNDACIÓN UNIVERSITARIA LUIS AMIGÓ.docx;.docx;documento;ARCHIVO_DOCUMENTAL;11467;2009-05-29 14:15
ARCHIVO_DOCUMENTAL\06_ARCHIVO_HISTORICO\ACADEMICO_LEGACY_2026-08-28\Evaluaciones\Final  Pensam. Adm. 2.doc;Final  Pensam. Adm. 2.doc;.doc;documento;ARCHIVO_DOCUMENTAL;28672;2009-06-11 09:56
ARCHIVO_DOCUMENTAL\06_ARCHIVO_HISTORICO\ACADEMICO_LEGACY_2026-08-28\Evaluaciones\Final Mat. Financ..docx;Final Mat. Financ..docx;.docx;documento;ARCHIVO_DOCUMENTAL;12469;2010-12-01 15:29
ARCHIVO_DOCUMENTAL\06_ARCHIVO_HISTORICO\ACADEMICO_LEGACY_2026-08-28\Evaluaciones\Gerencia_de_Proyectos 2[1]_(Autoguardado).doc;Gerencia_de_Proyectos 2[1]_(Autoguardado).doc;.doc;documento;ARCHIVO_DOCUMENTAL;30208;2009-11-18 09:22
ARCHIVO_DOCUMENTAL\06_ARCHIVO_HISTORICO\ACADEMICO_LEGACY_2026-08-28\Evaluaciones\Gerencia_de_Proyectos Nocturno B[1]_(Autoguardado).doc;Gerencia_de_Proyectos Nocturno B[1]_(Autoguardado).doc;.doc;documento;ARCHIVO_DOCUMENTAL;30208;2009-11-20 16:42
ARCHIVO_DOCUMENTAL\06_ARCHIVO_HISTORICO\ACADEMICO_LEGACY_2026-08-28\Evaluaciones\Gerencia_de_Proyectos Nocturno[1]_(Autoguardado).doc;Gerencia_de_Proyectos Nocturno[1]_(Autoguardado).doc;.doc;documento;ARCHIVO_DOCUMENTAL;30720;2009-11-20 16:38
ARCHIVO_DOCUMENTAL\06_ARCHIVO_HISTORICO\ACADEMICO_LEGACY_2026-08-28\Evaluaciones\Gerencia_de_Proyectos[1]_(Autoguardado).doc;Gerencia_de_Proyectos[1]_(Autoguardado).doc;.doc;documento;ARCHIVO_DOCUMENTAL;32768;2010-11-11 19:12
ARCHIVO_DOCUMENTAL\06_ARCHIVO_HISTORICO\ACADEMICO_LEGACY_2026-08-28\Evaluaciones\Habilitación  Pensam. Adm. 3.docx;Habilitación  Pensam. Adm. 3.docx;.docx;documento;ARCHIVO_DOCUMENTAL;13347;2009-06-26 17:57
ARCHIVO_DOCUMENTAL\06_ARCHIVO_HISTORICO\ACADEMICO_LEGACY_2026-08-28\Evaluaciones\Habilitación Mat. Financ..docx;Habilitación Mat. Financ..docx;.docx;documento;ARCHIVO_DOCUMENTAL;12462;2010-12-01 15:28
ARCHIVO_DOCUMENTAL\06_ARCHIVO_HISTORICO\ACADEMICO_LEGACY_2026-08-28\Evaluaciones\Habilitación[1].docx;Habilitación[1].docx;.docx;documento;ARCHIVO_DOCUMENTAL;14041;2009-05-19 11:13
ARCHIVO_DOCUMENTAL\06_ARCHIVO_HISTORICO\ACADEMICO_LEGACY_2026-08-28\Evaluaciones\Interés Compuesto 2 ITM 2[1].docx;Interés Compuesto 2 ITM 2[1].docx;.docx;documento;ARCHIVO_DOCUMENTAL;13714;2010-06-08 13:19
ARCHIVO_DOCUMENTAL\06_ARCHIVO_HISTORICO\ACADEMICO_LEGACY_2026-08-28\Evaluaciones\Interés Compuesto ITM 2[1].docx;Interés Compuesto ITM 2[1].docx;.docx;documento;ARCHIVO_DOCUMENTAL;14117;2010-09-10 12:36
ARCHIVO_DOCUMENTAL\06_ARCHIVO_HISTORICO\ACADEMICO_LEGACY_2026-08-28\Evaluaciones\Interés Compuesto ITM 3[1].docx;Interés Compuesto ITM 3[1].docx;.docx;documento;ARCHIVO_DOCUMENTAL;14080;2010-09-08 12:59
ARCHIVO_DOCUMENTAL\06_ARCHIVO_HISTORICO\ACADEMICO_LEGACY_2026-08-28\Evaluaciones\Interés Simple.docx;Interés Simple.docx;.docx;documento;ARCHIVO_DOCUMENTAL;12087;2010-10-29 08:55
ARCHIVO_DOCUMENTAL\06_ARCHIVO_HISTORICO\ACADEMICO_LEGACY_2026-08-28\Evaluaciones\La sinceridad.pptx;La sinceridad.pptx;.pptx;documento;ARCHIVO_DOCUMENTAL;765555;2013-03-20 18:05
ARCHIVO_DOCUMENTAL\06_ARCHIVO_HISTORICO\ACADEMICO_LEGACY_2026-08-28\Evaluaciones\PACI - Finanzas Corporativas.docx;PACI - Finanzas Corporativas.docx;.docx;documento;ARCHIVO_DOCUMENTAL;12304;2009-05-29 14:25
ARCHIVO_DOCUMENTAL\06_ARCHIVO_HISTORICO\ACADEMICO_LEGACY_2026-08-28\Evaluaciones\PACI - Matemáticas Financieras.docx;PACI - Matemáticas Financieras.docx;.docx;documento;ARCHIVO_DOCUMENTAL;12730;2009-05-29 14:35
ARCHIVO_DOCUMENTAL\06_ARCHIVO_HISTORICO\ACADEMICO_LEGACY_2026-08-28\Evaluaciones\PACI final Matemáticas Financ. FUNLAM.docx;PACI final Matemáticas Financ. FUNLAM.docx;.docx;documento;ARCHIVO_DOCUMENTAL;12316;2009-06-10 21:11
ARCHIVO_DOCUMENTAL\06_ARCHIVO_HISTORICO\ACADEMICO_LEGACY_2026-08-28\Evaluaciones\Parcial Conversión tasas 2-Diurno 2010 2[1].docx;Parcial Conversión tasas 2-Diurno 2010 2[1].docx;.docx;documento;ARCHIVO_DOCUMENTAL;13716;2010-05-29 11:00
ARCHIVO_DOCUMENTAL\06_ARCHIVO_HISTORICO\ACADEMICO_LEGACY_2026-08-28\Evaluaciones\Parcial Conversión tasas ITM.docx;Parcial Conversión tasas ITM.docx;.docx;documento;ARCHIVO_DOCUMENTAL;13428;2010-10-15 09:52
ARCHIVO_DOCUMENTAL\06_ARCHIVO_HISTORICO\ACADEMICO_LEGACY_2026-08-28\Evaluaciones\Parcial Conversión tasas-Diurno 2010 2[1].docx;Parcial Conversión tasas-Diurno 2010 2[1].docx;.docx;documento;ARCHIVO_DOCUMENTAL;14012;2010-05-19 07:57
ARCHIVO_DOCUMENTAL\06_ARCHIVO_HISTORICO\ACADEMICO_LEGACY_2026-08-28\Evaluaciones\Parcial Conversión tasas-Diurno 2[1].docx;Parcial Conversión tasas-Diurno 2[1].docx;.docx;documento;ARCHIVO_DOCUMENTAL;13531;2009-05-22 21:04
ARCHIVO_DOCUMENTAL\06_ARCHIVO_HISTORICO\ACADEMICO_LEGACY_2026-08-28\Evaluaciones\Parcial Conversión tasas-Nocturno 2[1].docx;Parcial Conversión tasas-Nocturno 2[1].docx;.docx;documento;ARCHIVO_DOCUMENTAL;14547;2009-06-06 18:53
ARCHIVO_DOCUMENTAL\06_ARCHIVO_HISTORICO\ACADEMICO_LEGACY_2026-08-28\Evaluaciones\Quiz 2 Interés compuesto Int. Simple Aplazados.docx;Quiz 2 Interés compuesto Int. Simple Aplazados.docx;.docx;documento;ARCHIVO_DOCUMENTAL;12831;2011-03-23 07:03
ARCHIVO_DOCUMENTAL\06_ARCHIVO_HISTORICO\ACADEMICO_LEGACY_2026-08-28\Evaluaciones\Quiz Amort 2.docx;Quiz Amort 2.docx;.docx;documento;ARCHIVO_DOCUMENTAL;15476;2010-11-25 15:23
ARCHIVO_DOCUMENTAL\06_ARCHIVO_HISTORICO\ACADEMICO_LEGACY_2026-08-28\Evaluaciones\Quiz Amort.docx;Quiz Amort.docx;.docx;documento;ARCHIVO_DOCUMENTAL;17432;2010-09-23 17:59
ARCHIVO_DOCUMENTAL\06_ARCHIVO_HISTORICO\ACADEMICO_LEGACY_2026-08-28\Evaluaciones\Quiz Anualidades  Amortizac. 2 ITM.docx;Quiz Anualidades  Amortizac. 2 ITM.docx;.docx;documento;ARCHIVO_DOCUMENTAL;12129;2010-06-01 12:47
ARCHIVO_DOCUMENTAL\06_ARCHIVO_HISTORICO\ACADEMICO_LEGACY_2026-08-28\Evaluaciones\Quiz Anualidades  Amortizac. ITM.docx;Quiz Anualidades  Amortizac. ITM.docx;.docx;documento;ARCHIVO_DOCUMENTAL;12107;2010-06-01 12:42
ARCHIVO_DOCUMENTAL\06_ARCHIVO_HISTORICO\ACADEMICO_LEGACY_2026-08-28\Evaluaciones\Quiz Anualidades 2 2010 II.docx;Quiz Anualidades 2 2010 II.docx;.docx;documento;ARCHIVO_DOCUMENTAL;12577;2010-09-10 09:44
ARCHIVO_DOCUMENTAL\06_ARCHIVO_HISTORICO\ACADEMICO_LEGACY_2026-08-28\Evaluaciones\Quiz Anualidades 2.docx;Quiz Anualidades 2.docx;.docx;documento;ARCHIVO_DOCUMENTAL;12715;2009-07-31 16:33
ARCHIVO_DOCUMENTAL\06_ARCHIVO_HISTORICO\ACADEMICO_LEGACY_2026-08-28\Evaluaciones\Quiz Anualidades 2010 II.docx;Quiz Anualidades 2010 II.docx;.docx;documento;ARCHIVO_DOCUMENTAL;12421;2010-08-13 07:52
ARCHIVO_DOCUMENTAL\06_ARCHIVO_HISTORICO\ACADEMICO_LEGACY_2026-08-28\Evaluaciones\Quiz Anualidades 2011 1.docx;Quiz Anualidades 2011 1.docx;.docx;documento;ARCHIVO_DOCUMENTAL;12708;2011-05-20 07:46
ARCHIVO_DOCUMENTAL\06_ARCHIVO_HISTORICO\ACADEMICO_LEGACY_2026-08-28\Evaluaciones\Quiz Anualidades 2011 2.docx;Quiz Anualidades 2011 2.docx;.docx;documento;ARCHIVO_DOCUMENTAL;12883;2011-05-20 07:49
ARCHIVO_DOCUMENTAL\06_ARCHIVO_HISTORICO\ACADEMICO_LEGACY_2026-08-28\Evaluaciones\Quiz Anualidades 2011 3.docx;Quiz Anualidades 2011 3.docx;.docx;documento;ARCHIVO_DOCUMENTAL;12920;2011-05-20 07:50
ARCHIVO_DOCUMENTAL\06_ARCHIVO_HISTORICO\ACADEMICO_LEGACY_2026-08-28\Evaluaciones\Quiz Anualidades 2011 4.docx;Quiz Anualidades 2011 4.docx;.docx;documento;ARCHIVO_DOCUMENTAL;12927;2011-05-20 07:51
ARCHIVO_DOCUMENTAL\06_ARCHIVO_HISTORICO\ACADEMICO_LEGACY_2026-08-28\Evaluaciones\Quiz Anualidades 2011.docx;Quiz Anualidades 2011.docx;.docx;documento;ARCHIVO_DOCUMENTAL;12384;2011-05-20 07:13
ARCHIVO_DOCUMENTAL\06_ARCHIVO_HISTORICO\ACADEMICO_LEGACY_2026-08-28\Evaluaciones\Quiz Anualidades 22.docx;Quiz Anualidades 22.docx;.docx;documento;ARCHIVO_DOCUMENTAL;12119;2010-10-29 09:09
ARCHIVO_DOCUMENTAL\06_ARCHIVO_HISTORICO\ACADEMICO_LEGACY_2026-08-28\Evaluaciones\Quiz Anualidades 3.docx;Quiz Anualidades 3.docx;.docx;documento;ARCHIVO_DOCUMENTAL;12734;2010-09-03 19:06
ARCHIVO_DOCUMENTAL\06_ARCHIVO_HISTORICO\ACADEMICO_LEGACY_2026-08-28\Evaluaciones\Quiz Anualidades ITM 1.docx;Quiz Anualidades ITM 1.docx;.docx;documento;ARCHIVO_DOCUMENTAL;11992;2010-05-25 12:29
ARCHIVO_DOCUMENTAL\06_ARCHIVO_HISTORICO\ACADEMICO_LEGACY_2026-08-28\Evaluaciones\Quiz Anualidades itm  4.docx;Quiz Anualidades itm  4.docx;.docx;documento;ARCHIVO_DOCUMENTAL;12352;2010-11-08 11:21
ARCHIVO_DOCUMENTAL\06_ARCHIVO_HISTORICO\ACADEMICO_LEGACY_2026-08-28\Evaluaciones\Quiz Anualidades itm  5.docx;Quiz Anualidades itm  5.docx;.docx;documento;ARCHIVO_DOCUMENTAL;12865;2010-11-10 08:37
ARCHIVO_DOCUMENTAL\06_ARCHIVO_HISTORICO\ACADEMICO_LEGACY_2026-08-28\Evaluaciones\Quiz Anualidades.docx;Quiz Anualidades.docx;.docx;documento;ARCHIVO_DOCUMENTAL;12383;2010-10-19 17:11
ARCHIVO_DOCUMENTAL\06_ARCHIVO_HISTORICO\ACADEMICO_LEGACY_2026-08-28\Evaluaciones\Quiz Anualidadesitm  2.docx;Quiz Anualidadesitm  2.docx;.docx;documento;ARCHIVO_DOCUMENTAL;12535;2010-05-25 13:06
ARCHIVO_DOCUMENTAL\06_ARCHIVO_HISTORICO\ACADEMICO_LEGACY_2026-08-28\Evaluaciones\Quiz Conversión tasas-Nocturno 2 2[1].docx;Quiz Conversión tasas-Nocturno 2 2[1].docx;.docx;documento;ARCHIVO_DOCUMENTAL;13929;2010-05-20 16:42
ARCHIVO_DOCUMENTAL\06_ARCHIVO_HISTORICO\ACADEMICO_LEGACY_2026-08-28\Evaluaciones\Quiz Conversión tasas-Nocturno 2[1].docx;Quiz Conversión tasas-Nocturno 2[1].docx;.docx;documento;ARCHIVO_DOCUMENTAL;13837;2010-05-20 16:35
ARCHIVO_DOCUMENTAL\06_ARCHIVO_HISTORICO\ACADEMICO_LEGACY_2026-08-28\Evaluaciones\Quiz Final  ITM.docx;Quiz Final  ITM.docx;.docx;documento;ARCHIVO_DOCUMENTAL;14406;2010-11-11 15:17
ARCHIVO_DOCUMENTAL\06_ARCHIVO_HISTORICO\ACADEMICO_LEGACY_2026-08-28\Evaluaciones\Quiz Final 2  ITM.docx;Quiz Final 2  ITM.docx;.docx;documento;ARCHIVO_DOCUMENTAL;14674;2010-11-11 15:46
ARCHIVO_DOCUMENTAL\06_ARCHIVO_HISTORICO\ACADEMICO_LEGACY_2026-08-28\Evaluaciones\Quiz Interés Compuesto 2[1].doc;Quiz Interés Compuesto 2[1].doc;.doc;documento;ARCHIVO_DOCUMENTAL;29696;2009-04-03 19:28
ARCHIVO_DOCUMENTAL\06_ARCHIVO_HISTORICO\ACADEMICO_LEGACY_2026-08-28\Evaluaciones\Quiz Interés Compuesto 5.docx;Quiz Interés Compuesto 5.docx;.docx;documento;ARCHIVO_DOCUMENTAL;13876;2010-10-29 08:57
ARCHIVO_DOCUMENTAL\06_ARCHIVO_HISTORICO\ACADEMICO_LEGACY_2026-08-28\Evaluaciones\Quiz Interés Compuesto L.A.[1].doc;Quiz Interés Compuesto L.A.[1].doc;.doc;documento;ARCHIVO_DOCUMENTAL;29696;2009-04-03 19:23
ARCHIVO_DOCUMENTAL\06_ARCHIVO_HISTORICO\ACADEMICO_LEGACY_2026-08-28\Evaluaciones\Quiz Interés compuesto Aplazados.docx;Quiz Interés compuesto Aplazados.docx;.docx;documento;ARCHIVO_DOCUMENTAL;12846;2011-03-24 16:43
ARCHIVO_DOCUMENTAL\06_ARCHIVO_HISTORICO\ACADEMICO_LEGACY_2026-08-28\Evaluaciones\Quiz Interés compuesto B.docx;Quiz Interés compuesto B.docx;.docx;documento;ARCHIVO_DOCUMENTAL;12088;2009-06-06 18:57
ARCHIVO_DOCUMENTAL\06_ARCHIVO_HISTORICO\ACADEMICO_LEGACY_2026-08-28\Evaluaciones\Quiz Interés compuesto Int. Simple Aplazados.docx;Quiz Interés compuesto Int. Simple Aplazados.docx;.docx;documento;ARCHIVO_DOCUMENTAL;12647;2011-03-23 06:38
ARCHIVO_DOCUMENTAL\06_ARCHIVO_HISTORICO\ACADEMICO_LEGACY_2026-08-28\Evaluaciones\Quiz Interés compuesto.docx;Quiz Interés compuesto.docx;.docx;documento;ARCHIVO_DOCUMENTAL;12226;2010-04-09 08:08
ARCHIVO_DOCUMENTAL\06_ARCHIVO_HISTORICO\ACADEMICO_LEGACY_2026-08-28\Evaluaciones\Quiz Interés simple Nocturno.docx;Quiz Interés simple Nocturno.docx;.docx;documento;ARCHIVO_DOCUMENTAL;12744;2010-03-04 17:03
ARCHIVO_DOCUMENTAL\06_ARCHIVO_HISTORICO\ACADEMICO_LEGACY_2026-08-28\Evaluaciones\Quiz Interés simple.docx;Quiz Interés simple.docx;.docx;documento;ARCHIVO_DOCUMENTAL;12680;2010-03-03 07:04
ARCHIVO_DOCUMENTAL\06_ARCHIVO_HISTORICO\ACADEMICO_LEGACY_2026-08-28\Evaluaciones\Quiz anualidades (2).docx;Quiz anualidades (2).docx;.docx;documento;ARCHIVO_DOCUMENTAL;11616;2009-11-25 11:11
ARCHIVO_DOCUMENTAL\06_ARCHIVO_HISTORICO\ACADEMICO_LEGACY_2026-08-28\Evaluaciones\Quiz anualidades 2011 II.docx;Quiz anualidades 2011 II.docx;.docx;documento;ARCHIVO_DOCUMENTAL;11996;2011-05-20 14:48
ARCHIVO_DOCUMENTAL\06_ARCHIVO_HISTORICO\ACADEMICO_LEGACY_2026-08-28\Evaluaciones\Quiz anualidades 2011 Taller.docx;Quiz anualidades 2011 Taller.docx;.docx;documento;ARCHIVO_DOCUMENTAL;11892;2011-06-02 17:16
ARCHIVO_DOCUMENTAL\06_ARCHIVO_HISTORICO\ACADEMICO_LEGACY_2026-08-28\Evaluaciones\Quiz conversión de tasas FUNLAM.docx;Quiz conversión de tasas FUNLAM.docx;.docx;documento;ARCHIVO_DOCUMENTAL;11860;2009-05-20 21:25
ARCHIVO_DOCUMENTAL\06_ARCHIVO_HISTORICO\ACADEMICO_LEGACY_2026-08-28\Evaluaciones\Quiz de Mat Fin. Amortizaciones.doc;Quiz de Mat Fin. Amortizaciones.doc;.doc;documento;ARCHIVO_DOCUMENTAL;30208;2010-09-23 17:58
ARCHIVO_DOCUMENTAL\06_ARCHIVO_HISTORICO\ACADEMICO_LEGACY_2026-08-28\Evaluaciones\Quiz de VPN ITM.docx;Quiz de VPN ITM.docx;.docx;documento;ARCHIVO_DOCUMENTAL;14365;2010-11-10 12:30
ARCHIVO_DOCUMENTAL\06_ARCHIVO_HISTORICO\ACADEMICO_LEGACY_2026-08-28\Evaluaciones\Quiz de VPN.doc;Quiz de VPN.doc;.doc;documento;ARCHIVO_DOCUMENTAL;32256;2010-11-22 17:25
ARCHIVO_DOCUMENTAL\06_ARCHIVO_HISTORICO\ACADEMICO_LEGACY_2026-08-28\Evaluaciones\Quiz semestral.docx;Quiz semestral.docx;.docx;documento;ARCHIVO_DOCUMENTAL;12056;2011-06-16 17:30
ARCHIVO_DOCUMENTAL\06_ARCHIVO_HISTORICO\ACADEMICO_LEGACY_2026-08-28\Evaluaciones\Quizl Conversión tasas 2 ITM-Diurno 2[1].docx;Quizl Conversión tasas 2 ITM-Diurno 2[1].docx;.docx;documento;ARCHIVO_DOCUMENTAL;13929;2010-10-29 09:09
ARCHIVO_DOCUMENTAL\06_ARCHIVO_HISTORICO\ACADEMICO_LEGACY_2026-08-28\Evaluaciones\Quizl Conversión tasas ITM-Diurno 2[1].docx;Quizl Conversión tasas ITM-Diurno 2[1].docx;.docx;documento;ARCHIVO_DOCUMENTAL;13563;2010-05-04 13:11
ARCHIVO_DOCUMENTAL\06_ARCHIVO_HISTORICO\ACADEMICO_LEGACY_2026-08-28\Evaluaciones\Semestral de Matem. Financ. 2.docx;Semestral de Matem. Financ. 2.docx;.docx;documento;ARCHIVO_DOCUMENTAL;12414;2011-06-14 16:38
ARCHIVO_DOCUMENTAL\06_ARCHIVO_HISTORICO\ACADEMICO_LEGACY_2026-08-28\Evaluaciones\Semestral de Matem. Financ..docx;Semestral de Matem. Financ..docx;.docx;documento;ARCHIVO_DOCUMENTAL;12166;2011-06-14 16:36
ARCHIVO_DOCUMENTAL\06_ARCHIVO_HISTORICO\ACADEMICO_LEGACY_2026-08-28\Evaluaciones\Suficiencia Mat. Financ..docx;Suficiencia Mat. Financ..docx;.docx;documento;ARCHIVO_DOCUMENTAL;13227;2010-12-01 16:13
ARCHIVO_DOCUMENTAL\06_ARCHIVO_HISTORICO\ACADEMICO_LEGACY_2026-08-28\Evaluaciones\Taller 5A fijo.docx;Taller 5A fijo.docx;.docx;documento;ARCHIVO_DOCUMENTAL;11798;2011-06-01 10:08
ARCHIVO_DOCUMENTAL\06_ARCHIVO_HISTORICO\ACADEMICO_LEGACY_2026-08-28\Evaluaciones\Taller 5A.docx;Taller 5A.docx;.docx;documento;ARCHIVO_DOCUMENTAL;12940;2011-06-01 07:25
ARCHIVO_DOCUMENTAL\06_ARCHIVO_HISTORICO\ACADEMICO_LEGACY_2026-08-28\Evaluaciones\VPN.docx;VPN.docx;.docx;documento;ARCHIVO_DOCUMENTAL;13014;2010-10-28 21:26
ARCHIVO_DOCUMENTAL\06_ARCHIVO_HISTORICO\ACADEMICO_LEGACY_2026-08-28\Evaluaciones\gradientes.docx;gradientes.docx;.docx;documento;ARCHIVO_DOCUMENTAL;14286;2011-09-30 08:13
ARCHIVO_DOCUMENTAL\06_ARCHIVO_HISTORICO\ACADEMICO_LEGACY_2026-08-28\Evaluaciones\~$bilitación Mat. Financ..docx;~$bilitación Mat. Financ..docx;.docx;documento;ARCHIVO_DOCUMENTAL;162;2010-12-13 15:08
ARCHIVO_DOCUMENTAL\06_ARCHIVO_HISTORICO\ACADEMICO_LEGACY_2026-08-28\Evaluaciones\~$iz Interés compuesto Aplazados.docx;~$iz Interés compuesto Aplazados.docx;.docx;documento;ARCHIVO_DOCUMENTAL;162;2011-03-24 15:01
ARCHIVO_DOCUMENTAL\06_ARCHIVO_HISTORICO\ACADEMICO_LEGACY_2026-08-28\Evaluaciones\~$iz de Mat Fin. Amortizaciones.doc;~$iz de Mat Fin. Amortizaciones.doc;.doc;documento;ARCHIVO_DOCUMENTAL;162;2010-09-23 17:22
ARCHIVO_DOCUMENTAL\06_ARCHIVO_HISTORICO\ACADEMICO_LEGACY_2026-08-28\Evaluaciones\~$iz de VPN.doc;~$iz de VPN.doc;.doc;documento;ARCHIVO_DOCUMENTAL;162;2010-10-19 19:10
ARCHIVO_DOCUMENTAL\06_ARCHIVO_HISTORICO\ACADEMICO_LEGACY_2026-08-28\Evaluaciones\~$nal Mat. Financ..docx;~$nal Mat. Financ..docx;.docx;documento;ARCHIVO_DOCUMENTAL;162;2010-12-13 15:09
ARCHIVO_DOCUMENTAL\06_ARCHIVO_HISTORICO\ACADEMICO_LEGACY_2026-08-28\Evaluaciones\~$nversión tasas-Diurno 2[1].docx;~$nversión tasas-Diurno 2[1].docx;.docx;documento;ARCHIVO_DOCUMENTAL;162;2012-03-30 10:16
ARCHIVO_DOCUMENTAL\06_ARCHIVO_HISTORICO\ACADEMICO_LEGACY_2026-08-28\Evaluaciones\~$rcial Pensam Admt. 2 L.A.[1].doc;~$rcial Pensam Admt. 2 L.A.[1].doc;.doc;documento;ARCHIVO_DOCUMENTAL;162;2009-09-03 09:29
ARCHIVO_DOCUMENTAL\06_ARCHIVO_HISTORICO\ACADEMICO_LEGACY_2026-08-28\Evaluaciones\~$rencia_de_Proyectos[1]_(Autoguardado).doc;~$rencia_de_Proyectos[1]_(Autoguardado).doc;.doc;documento;ARCHIVO_DOCUMENTAL;162;2010-11-22 17:08
ARCHIVO_DOCUMENTAL\06_ARCHIVO_HISTORICO\ACADEMICO_LEGACY_2026-08-28\JORGE JUL 4\(Microsoft Word - IMAGINARIOS DE ORGANIZACION Y DE RESPONSABILIDAD SOCIAL.pdf;(Microsoft Word - IMAGINARIOS DE ORGANIZACION Y DE RESPONSABILIDAD SOCIAL.pdf;.pdf;documento;ARCHIVO_DOCUMENTAL;242443;2012-04-10 00:09
ARCHIVO_DOCUMENTAL\06_ARCHIVO_HISTORICO\ACADEMICO_LEGACY_2026-08-28\JORGE JUL 4\ARTÍCULO EVOLUCIÓN 2 [1]...docx;ARTÍCULO EVOLUCIÓN 2 [1]...docx;.docx;documento;ARCHIVO_DOCUMENTAL;48346;2010-11-09 09:49
ARCHIVO_DOCUMENTAL\06_ARCHIVO_HISTORICO\ACADEMICO_LEGACY_2026-08-28\JORGE JUL 4\ARTÍCULO PARA EL CONTADOR.docx;ARTÍCULO PARA EL CONTADOR.docx;.docx;documento;ARCHIVO_DOCUMENTAL;12375;2011-02-19 22:15
ARCHIVO_DOCUMENTAL\06_ARCHIVO_HISTORICO\ACADEMICO_LEGACY_2026-08-28\JORGE JUL 4\Análisis encuestas.docx;Análisis encuestas.docx;.docx;documento;ARCHIVO_DOCUMENTAL;15220;2010-12-07 15:02
ARCHIVO_DOCUMENTAL\06_ARCHIVO_HISTORICO\ACADEMICO_LEGACY_2026-08-28\JORGE JUL 4\Banco de Bogotá Reclamo Junio.docx;Banco de Bogotá Reclamo Junio.docx;.docx;documento;ARCHIVO_DOCUMENTAL;13502;2010-06-19 11:49
ARCHIVO_DOCUMENTAL\06_ARCHIVO_HISTORICO\ACADEMICO_LEGACY_2026-08-28\JORGE JUL 4\Base de Datos.xlsx;Base de Datos.xlsx;.xlsx;documento;ARCHIVO_DOCUMENTAL;3396333;2012-04-10 00:10
ARCHIVO_DOCUMENTAL\06_ARCHIVO_HISTORICO\ACADEMICO_LEGACY_2026-08-28\JORGE JUL 4\arbol%20de%20deciciones[1].docx;arbol%20de%20deciciones[1].docx;.docx;documento;ARCHIVO_DOCUMENTAL;17735;2011-06-15 09:33
ARCHIVO_DOCUMENTAL\06_ARCHIVO_HISTORICO\ACADEMICO_LEGACY_2026-08-28\Listados grupos 2012-I\Grupo 1.xls;Grupo 1.xls;.xls;otro;ARCHIVO_DOCUMENTAL;8192;2012-03-31 18:28
ARCHIVO_DOCUMENTAL\06_ARCHIVO_HISTORICO\ACADEMICO_LEGACY_2026-08-28\Listados grupos 2012-I\Grupo 2.xls;Grupo 2.xls;.xls;otro;ARCHIVO_DOCUMENTAL;8770;2012-03-31 18:29
ARCHIVO_DOCUMENTAL\06_ARCHIVO_HISTORICO\ACADEMICO_LEGACY_2026-08-28\Listados grupos 2012-I\Grupo 501.xls;Grupo 501.xls;.xls;otro;ARCHIVO_DOCUMENTAL;8192;2012-03-31 18:29
ARCHIVO_DOCUMENTAL\06_ARCHIVO_HISTORICO\ACADEMICO_LEGACY_2026-08-28\Listados grupos 2012-I\Grupo 502.xls;Grupo 502.xls;.xls;otro;ARCHIVO_DOCUMENTAL;6144;2012-03-31 18:25
ARCHIVO_DOCUMENTAL\06_ARCHIVO_HISTORICO\ACADEMICO_LEGACY_2026-08-28\Mercados Financieros\INSTITUTO TECNOLÓGICO METROPOLITANO.docx;INSTITUTO TECNOLÓGICO METROPOLITANO.docx;.docx;documento;ARCHIVO_DOCUMENTAL;11632;2012-03-30 11:37
ARCHIVO_DOCUMENTAL\06_ARCHIVO_HISTORICO\ACADEMICO_LEGACY_2026-08-28\Temas Admción\Adción por Objetivos[1].pptx;Adción por Objetivos[1].pptx;.pptx;documento;ARCHIVO_DOCUMENTAL;230575;2010-10-13 18:45
ARCHIVO_DOCUMENTAL\06_ARCHIVO_HISTORICO\ACADEMICO_LEGACY_2026-08-28\Temas Admción\Admción Ciencia, Técnica, Arte Exc..ppt;Admción Ciencia, Técnica, Arte Exc..ppt;.ppt;otro;ARCHIVO_DOCUMENTAL;4510720;2011-02-15 08:49
ARCHIVO_DOCUMENTAL\06_ARCHIVO_HISTORICO\ACADEMICO_LEGACY_2026-08-28\Temas Admción\Admon_Estrategica.ppt;Admon_Estrategica.ppt;.ppt;otro;ARCHIVO_DOCUMENTAL;1987072;2010-10-21 08:50
ARCHIVO_DOCUMENTAL\06_ARCHIVO_HISTORICO\ACADEMICO_LEGACY_2026-08-28\Temas Admción\Conceptos Admción..ppt;Conceptos Admción..ppt;.ppt;otro;ARCHIVO_DOCUMENTAL;2792448;2010-07-08 12:02
ARCHIVO_DOCUMENTAL\06_ARCHIVO_HISTORICO\ACADEMICO_LEGACY_2026-08-28\Temas Admción\Conceptos de Admción..pptx;Conceptos de Admción..pptx;.pptx;documento;ARCHIVO_DOCUMENTAL;121313;2010-07-08 20:00
ARCHIVO_DOCUMENTAL\06_ARCHIVO_HISTORICO\ACADEMICO_LEGACY_2026-08-28\Temas Admción\DIAPOSITIVAS_ELTON MAYO[1].ppt;DIAPOSITIVAS_ELTON MAYO[1].ppt;.ppt;otro;ARCHIVO_DOCUMENTAL;3129344;2011-09-22 08:49
ARCHIVO_DOCUMENTAL\06_ARCHIVO_HISTORICO\ACADEMICO_LEGACY_2026-08-28\Temas Admción\DIRECCIONAMIENTO ESTRATÉGICO.ppt;DIRECCIONAMIENTO ESTRATÉGICO.ppt;.ppt;otro;ARCHIVO_DOCUMENTAL;6270976;2009-09-25 11:07
ARCHIVO_DOCUMENTAL\06_ARCHIVO_HISTORICO\ACADEMICO_LEGACY_2026-08-28\Temas Admción\EL_EXPERIMENTO_DE_HAWTHORNE[1].ppt;EL_EXPERIMENTO_DE_HAWTHORNE[1].ppt;.ppt;otro;ARCHIVO_DOCUMENTAL;2475008;2010-09-16 09:03
ARCHIVO_DOCUMENTAL\06_ARCHIVO_HISTORICO\ACADEMICO_LEGACY_2026-08-28\Temas Admción\EL_TAYLORISMO_EN_COLOMBIA.doc;EL_TAYLORISMO_EN_COLOMBIA.doc;.doc;documento;ARCHIVO_DOCUMENTAL;133632;2009-09-01 07:37
ARCHIVO_DOCUMENTAL\06_ARCHIVO_HISTORICO\ACADEMICO_LEGACY_2026-08-28\Temas Admción\EXPOSIC.ADMON.APO SABADO 10.ppt;EXPOSIC.ADMON.APO SABADO 10.ppt;.ppt;otro;ARCHIVO_DOCUMENTAL;3839488;2010-10-13 18:51
ARCHIVO_DOCUMENTAL\06_ARCHIVO_HISTORICO\ACADEMICO_LEGACY_2026-08-28\Temas Admción\EXPOSICION Weber.ppt;EXPOSICION Weber.ppt;.ppt;otro;ARCHIVO_DOCUMENTAL;763904;2010-09-07 10:05
ARCHIVO_DOCUMENTAL\06_ARCHIVO_HISTORICO\ACADEMICO_LEGACY_2026-08-28\Temas Admción\EXPOSICION_ADM_mercantil.ppt;EXPOSICION_ADM_mercantil.ppt;.ppt;otro;ARCHIVO_DOCUMENTAL;469504;2009-09-03 09:15
ARCHIVO_DOCUMENTAL\06_ARCHIVO_HISTORICO\ACADEMICO_LEGACY_2026-08-28\Temas Admción\EXPOSICIÓN DE LA ADMON JAPONESA.pptx;EXPOSICIÓN DE LA ADMON JAPONESA.pptx;.pptx;documento;ARCHIVO_DOCUMENTAL;1243049;2009-11-11 10:25
ARCHIVO_DOCUMENTAL\06_ARCHIVO_HISTORICO\ACADEMICO_LEGACY_2026-08-28\Temas Admción\FAYOL.ppt;FAYOL.ppt;.ppt;otro;ARCHIVO_DOCUMENTAL;9097728;2012-03-27 07:18
ARCHIVO_DOCUMENTAL\06_ARCHIVO_HISTORICO\ACADEMICO_LEGACY_2026-08-28\Temas Admción\Gerencia_Estrategica.pptx;Gerencia_Estrategica.pptx;.pptx;documento;ARCHIVO_DOCUMENTAL;1573316;2011-05-09 20:15
ARCHIVO_DOCUMENTAL\06_ARCHIVO_HISTORICO\ACADEMICO_LEGACY_2026-08-28\Temas Admción\Grupos Informales.ppt;Grupos Informales.ppt;.ppt;otro;ARCHIVO_DOCUMENTAL;6665216;2009-10-13 09:20
ARCHIVO_DOCUMENTAL\06_ARCHIVO_HISTORICO\ACADEMICO_LEGACY_2026-08-28\Temas Admción\Henry Fayol.pptx;Henry Fayol.pptx;.pptx;documento;ARCHIVO_DOCUMENTAL;720902;2011-03-28 19:58
ARCHIVO_DOCUMENTAL\06_ARCHIVO_HISTORICO\ACADEMICO_LEGACY_2026-08-28\Temas Admción\Historia Admción. Exc..ppt;Historia Admción. Exc..ppt;.ppt;otro;ARCHIVO_DOCUMENTAL;4373504;2010-08-05 07:16
ARCHIVO_DOCUMENTAL\06_ARCHIVO_HISTORICO\ACADEMICO_LEGACY_2026-08-28\Temas Admción\Historia Admción..pptx;Historia Admción..pptx;.pptx;documento;ARCHIVO_DOCUMENTAL;3750423;2010-08-19 06:57
ARCHIVO_DOCUMENTAL\06_ARCHIVO_HISTORICO\ACADEMICO_LEGACY_2026-08-28\Temas Admción\Historia Admnción. OK.ppt;Historia Admnción. OK.ppt;.ppt;otro;ARCHIVO_DOCUMENTAL;315904;2012-08-02 17:35
ARCHIVO_DOCUMENTAL\06_ARCHIVO_HISTORICO\ACADEMICO_LEGACY_2026-08-28\Temas Admción\LA CADENA DE VALOR.ppt;LA CADENA DE VALOR.ppt;.ppt;otro;ARCHIVO_DOCUMENTAL;1259520;2009-09-21 14:41
ARCHIVO_DOCUMENTAL\06_ARCHIVO_HISTORICO\ACADEMICO_LEGACY_2026-08-28\Temas Admción\Liderazgo.pptx;Liderazgo.pptx;.pptx;documento;ARCHIVO_DOCUMENTAL;118993;2010-09-21 18:01
ARCHIVO_DOCUMENTAL\06_ARCHIVO_HISTORICO\ACADEMICO_LEGACY_2026-08-28\Temas Admción\MAX WEBER (2).pptx;MAX WEBER (2).pptx;.pptx;documento;ARCHIVO_DOCUMENTAL;154661;2010-03-08 18:56
ARCHIVO_DOCUMENTAL\06_ARCHIVO_HISTORICO\ACADEMICO_LEGACY_2026-08-28\Temas Admción\MAX WEBER.pptx;MAX WEBER.pptx;.pptx;documento;ARCHIVO_DOCUMENTAL;155400;2010-03-07 19:36
ARCHIVO_DOCUMENTAL\06_ARCHIVO_HISTORICO\ACADEMICO_LEGACY_2026-08-28\Temas Admción\Max Weber (3).pptx;Max Weber (3).pptx;.pptx;documento;ARCHIVO_DOCUMENTAL;148508;2010-09-21 08:38
ARCHIVO_DOCUMENTAL\06_ARCHIVO_HISTORICO\ACADEMICO_LEGACY_2026-08-28\Temas Admción\Max_weber_2_(2)[1]_SANTIAGO[1].pptx;Max_weber_2_(2)[1]_SANTIAGO[1].pptx;.pptx;documento;ARCHIVO_DOCUMENTAL;68514;2010-09-21 08:40
ARCHIVO_DOCUMENTAL\06_ARCHIVO_HISTORICO\ACADEMICO_LEGACY_2026-08-28\Temas Admción\Mercantilismo.ppt;Mercantilismo.ppt;.ppt;otro;ARCHIVO_DOCUMENTAL;469504;2009-08-31 08:41
ARCHIVO_DOCUMENTAL\06_ARCHIVO_HISTORICO\ACADEMICO_LEGACY_2026-08-28\Temas Admción\Modelos en las Ciencis Humanas.doc;Modelos en las Ciencis Humanas.doc;.doc;documento;ARCHIVO_DOCUMENTAL;89600;2009-10-19 09:35
ARCHIVO_DOCUMENTAL\06_ARCHIVO_HISTORICO\ACADEMICO_LEGACY_2026-08-28\Temas Admción\PAUTAS_PARA_ELABORACION_DE_RELATORIAS_funlam.doc;PAUTAS_PARA_ELABORACION_DE_RELATORIAS_funlam.doc;.doc;documento;ARCHIVO_DOCUMENTAL;33280;2009-10-19 09:37
ARCHIVO_DOCUMENTAL\06_ARCHIVO_HISTORICO\ACADEMICO_LEGACY_2026-08-28\Temas Admción\Pensam. Adtivo\ADMON SISTEMICA ABRIL 15.ppt;ADMON SISTEMICA ABRIL 15.ppt;.ppt;otro;ARCHIVO_DOCUMENTAL;4168704;2010-10-19 08:38
ARCHIVO_DOCUMENTAL\06_ARCHIVO_HISTORICO\ACADEMICO_LEGACY_2026-08-28\Temas Admción\Pensam. Adtivo\Adción. por Objetivos.pptx;Adción. por Objetivos.pptx;.pptx;documento;ARCHIVO_DOCUMENTAL;166243;2009-04-29 13:44
ARCHIVO_DOCUMENTAL\06_ARCHIVO_HISTORICO\ACADEMICO_LEGACY_2026-08-28\Temas Admción\Pensam. Adtivo\Admción Ciencia, técnica.pdf;Admción Ciencia, técnica.pdf;.pdf;documento;ARCHIVO_DOCUMENTAL;175604;2009-08-12 21:02
ARCHIVO_DOCUMENTAL\06_ARCHIVO_HISTORICO\ACADEMICO_LEGACY_2026-08-28\Temas Admción\Pensam. Adtivo\CONCEPTOS ADMINISTR...ppt;CONCEPTOS ADMINISTR...ppt;.ppt;otro;ARCHIVO_DOCUMENTAL;81920;2009-07-30 08:10
ARCHIVO_DOCUMENTAL\06_ARCHIVO_HISTORICO\ACADEMICO_LEGACY_2026-08-28\Temas Admción\Pensam. Adtivo\Conceptos  Admción..pptx;Conceptos  Admción..pptx;.pptx;documento;ARCHIVO_DOCUMENTAL;121358;2009-08-06 11:07
ARCHIVO_DOCUMENTAL\06_ARCHIVO_HISTORICO\ACADEMICO_LEGACY_2026-08-28\Temas Admción\Pensam. Adtivo\Contenido Asignatura.doc;Contenido Asignatura.doc;.doc;documento;ARCHIVO_DOCUMENTAL;84480;2009-02-05 05:35
ARCHIVO_DOCUMENTAL\06_ARCHIVO_HISTORICO\ACADEMICO_LEGACY_2026-08-28\Temas Admción\Pensam. Adtivo\DIAPO_PLANEACION_ESTRATEGICA.pptx;DIAPO_PLANEACION_ESTRATEGICA.pptx;.pptx;documento;ARCHIVO_DOCUMENTAL;268308;2010-05-12 14:34
ARCHIVO_DOCUMENTAL\06_ARCHIVO_HISTORICO\ACADEMICO_LEGACY_2026-08-28\Temas Admción\Pensam. Adtivo\EXPOSIC.ADMON.APO_SABADO_10[1].ppt;EXPOSIC.ADMON.APO_SABADO_10[1].ppt;.ppt;otro;ARCHIVO_DOCUMENTAL;4291072;2010-10-13 18:43
ARCHIVO_DOCUMENTAL\06_ARCHIVO_HISTORICO\ACADEMICO_LEGACY_2026-08-28\Temas Admción\Pensam. Adtivo\FUNDAMENTOS DE PENSAMIENTO ADMINISTRATIVO - JULIO.doc;FUNDAMENTOS DE PENSAMIENTO ADMINISTRATIVO - JULIO.doc;.doc;documento;ARCHIVO_DOCUMENTAL;77824;2009-07-29 09:25
ARCHIVO_DOCUMENTAL\06_ARCHIVO_HISTORICO\ACADEMICO_LEGACY_2026-08-28\Temas Admción\Pensam. Adtivo\ORGANIZACIÓN SISTEMICA.pptx;ORGANIZACIÓN SISTEMICA.pptx;.pptx;documento;ARCHIVO_DOCUMENTAL;109562;2011-04-11 17:21
ARCHIVO_DOCUMENTAL\06_ARCHIVO_HISTORICO\ACADEMICO_LEGACY_2026-08-28\Temas Admción\Pensam. Adtivo\PLANEACION_ESTRATEGICA_listo.pptx;PLANEACION_ESTRATEGICA_listo.pptx;.pptx;documento;ARCHIVO_DOCUMENTAL;875681;2009-05-05 14:42
ARCHIVO_DOCUMENTAL\06_ARCHIVO_HISTORICO\ACADEMICO_LEGACY_2026-08-28\Temas Admción\Pensam. Adtivo\Planeación estratégica ppal.pptx;Planeación estratégica ppal.pptx;.pptx;documento;ARCHIVO_DOCUMENTAL;135842;2010-10-21 09:30
ARCHIVO_DOCUMENTAL\06_ARCHIVO_HISTORICO\ACADEMICO_LEGACY_2026-08-28\Temas Admción\Pensam. Adtivo\Programa Administración USB -I-2007.doc;Programa Administración USB -I-2007.doc;.doc;documento;ARCHIVO_DOCUMENTAL;178688;2009-01-21 17:04
ARCHIVO_DOCUMENTAL\06_ARCHIVO_HISTORICO\ACADEMICO_LEGACY_2026-08-28\Temas Admción\Planeación Estratégica diapositivas modif.pptx;Planeación Estratégica diapositivas modif.pptx;.pptx;documento;ARCHIVO_DOCUMENTAL;151832;2011-05-24 07:48
ARCHIVO_DOCUMENTAL\06_ARCHIVO_HISTORICO\ACADEMICO_LEGACY_2026-08-28\Temas Admción\Relaciones Humanas-Comparación.ppt;Relaciones Humanas-Comparación.ppt;.ppt;otro;ARCHIVO_DOCUMENTAL;2141184;2009-10-13 11:45
ARCHIVO_DOCUMENTAL\06_ARCHIVO_HISTORICO\ACADEMICO_LEGACY_2026-08-28\Temas Admción\Taylor.ppt;Taylor.ppt;.ppt;otro;ARCHIVO_DOCUMENTAL;1309184;2009-09-01 09:14
ARCHIVO_DOCUMENTAL\06_ARCHIVO_HISTORICO\ACADEMICO_LEGACY_2026-08-28\Temas Admción\Teorías de Admción..ppt;Teorías de Admción..ppt;.ppt;otro;ARCHIVO_DOCUMENTAL;2805760;2009-08-24 17:35
ARCHIVO_DOCUMENTAL\06_ARCHIVO_HISTORICO\ACADEMICO_LEGACY_2026-08-28\Temas Admción\Teorías de Admción..pptx;Teorías de Admción..pptx;.pptx;documento;ARCHIVO_DOCUMENTAL;149316;2009-08-25 06:51
ARCHIVO_DOCUMENTAL\06_ARCHIVO_HISTORICO\ACADEMICO_LEGACY_2026-08-28\Temas Admción\WEBER 2.pptx;WEBER 2.pptx;.pptx;documento;ARCHIVO_DOCUMENTAL;110107;2010-03-15 18:53
ARCHIVO_DOCUMENTAL\06_ARCHIVO_HISTORICO\ACADEMICO_LEGACY_2026-08-28\Temas Admción\edad_media_y_feudalismo.ppt;edad_media_y_feudalismo.ppt;.ppt;otro;ARCHIVO_DOCUMENTAL;2985984;2009-09-03 09:09
ARCHIVO_DOCUMENTAL\06_ARCHIVO_HISTORICO\ACADEMICO_LEGACY_2026-08-28\Temas Admción\exposicion_fayol.pptx;exposicion_fayol.pptx;.pptx;documento;ARCHIVO_DOCUMENTAL;1006211;2011-09-19 19:09
ARCHIVO_DOCUMENTAL\06_ARCHIVO_HISTORICO\ACADEMICO_LEGACY_2026-08-28\Temas Admción\fayol_y_sus_principios[1]1.pptx;fayol_y_sus_principios[1]1.pptx;.pptx;documento;ARCHIVO_DOCUMENTAL;2380840;2009-10-01 09:21
ARCHIVO_DOCUMENTAL\06_ARCHIVO_HISTORICO\ACADEMICO_LEGACY_2026-08-28\Temas Admción\planeacion_estrategicaorganizado.ppt;planeacion_estrategicaorganizado.ppt;.ppt;otro;ARCHIVO_DOCUMENTAL;4136960;2009-11-10 10:54
ARCHIVO_DOCUMENTAL\06_ARCHIVO_HISTORICO\ACADEMICO_LEGACY_2026-08-28\Temas Admción\presentacion_taylor-1.pptx;presentacion_taylor-1.pptx;.pptx;documento;ARCHIVO_DOCUMENTAL;117355;2009-08-31 17:51
ARCHIVO_DOCUMENTAL\06_ARCHIVO_HISTORICO\ACADEMICO_LEGACY_2026-08-28\Temas Admción\taylor.pptx;taylor.pptx;.pptx;documento;ARCHIVO_DOCUMENTAL;1474879;2010-08-17 08:26
ARCHIVO_DOCUMENTAL\06_ARCHIVO_HISTORICO\ACADEMICO_LEGACY_2026-08-28\Temas Admción\teoria estructuralista.pptx;teoria estructuralista.pptx;.pptx;documento;ARCHIVO_DOCUMENTAL;307861;2011-04-25 17:15
ARCHIVO_DOCUMENTAL\06_ARCHIVO_HISTORICO\ACADEMICO_LEGACY_2026-08-28\Tesis 1\Anteproyecto completo 21 III.docx;Anteproyecto completo 21 III.docx;.docx;documento;ARCHIVO_DOCUMENTAL;136336;2011-03-21 19:44
ARCHIVO_DOCUMENTAL\06_ARCHIVO_HISTORICO\ACADEMICO_LEGACY_2026-08-28\Tesis 1\Encuesta- comentarios Jorge.docx;Encuesta- comentarios Jorge.docx;.docx;documento;ARCHIVO_DOCUMENTAL;20176;2011-02-09 13:17
ARCHIVO_DOCUMENTAL\06_ARCHIVO_HISTORICO\ACADEMICO_LEGACY_2026-08-28\Tesis 1\INQUIETUDES SOBRE EL DOCUMENTO.docx;INQUIETUDES SOBRE EL DOCUMENTO.docx;.docx;documento;ARCHIVO_DOCUMENTAL;12766;2011-08-22 08:08
ARCHIVO_DOCUMENTAL\06_ARCHIVO_HISTORICO\ACADEMICO_LEGACY_2026-08-28\Tesis 1\TABUL.TESI.01.08.2011.xlsx;TABUL.TESI.01.08.2011.xlsx;.xlsx;documento;ARCHIVO_DOCUMENTAL;227087;2012-03-28 08:30
ARCHIVO_DOCUMENTAL\06_ARCHIVO_HISTORICO\ACADEMICO_LEGACY_2026-08-28\Tesis 1\TABUL.TESI.abril.07.2012..xlsx;TABUL.TESI.abril.07.2012..xlsx;.xlsx;documento;ARCHIVO_DOCUMENTAL;247195;2012-04-07 20:44
ARCHIVO_DOCUMENTAL\06_ARCHIVO_HISTORICO\ACADEMICO_LEGACY_2026-08-28\Tesis 1\TESIS DEFINITIVA Marzo 11-12.docx;TESIS DEFINITIVA Marzo 11-12.docx;.docx;documento;ARCHIVO_DOCUMENTAL;119360;2012-03-28 16:17
ARCHIVO_DOCUMENTAL\06_ARCHIVO_HISTORICO\ACADEMICO_LEGACY_2026-08-28\Tesis 1\Tesis 1\Anteproyecto completo 21 III.docx;Anteproyecto completo 21 III.docx;.docx;documento;ARCHIVO_DOCUMENTAL;136336;2012-03-28 16:15
ARCHIVO_DOCUMENTAL\06_ARCHIVO_HISTORICO\ACADEMICO_LEGACY_2026-08-28\Tesis 1\Tesis 1\TESIS.EUJORGE.29.01.2011.docx;TESIS.EUJORGE.29.01.2011.docx;.docx;documento;ARCHIVO_DOCUMENTAL;124547;2012-03-28 16:15
ARCHIVO_DOCUMENTAL\06_ARCHIVO_HISTORICO\ACADEMICO_LEGACY_2026-08-28\Tesis 1\Tesis 1\Tesis reformada Julio 24.docx;Tesis reformada Julio 24.docx;.docx;documento;ARCHIVO_DOCUMENTAL;68026;2011-07-25 07:28
ARCHIVO_DOCUMENTAL\06_ARCHIVO_HISTORICO\ACADEMICO_LEGACY_2026-08-28\Tesis 1\Tesis Abril 7 Jorge.docx;Tesis Abril 7 Jorge.docx;.docx;documento;ARCHIVO_DOCUMENTAL;105884;2012-04-07 20:42
ARCHIVO_DOCUMENTAL\06_ARCHIVO_HISTORICO\ACADEMICO_LEGACY_2026-08-28\Tesis 2011\NUEVAS FINANZAS PARA EL DESARROLLO DE LAS PEQUEÑAS Y MEDIANAS EMPRESAS LATINOAMERICANAS.docx;NUEVAS FINANZAS PARA EL DESARROLLO DE LAS PEQUEÑAS Y MEDIANAS EMPRESAS LATINOAMERICANAS.docx;.docx;documento;ARCHIVO_DOCUMENTAL;32140;2011-01-14 08:56
ARCHIVO_DOCUMENTAL\06_ARCHIVO_HISTORICO\ACADEMICO_LEGACY_2026-08-28\Tesis 2011\Relaciones entre Pymes.pdf;Relaciones entre Pymes.pdf;.pdf;documento;ARCHIVO_DOCUMENTAL;253273;2011-01-07 12:54
ARCHIVO_DOCUMENTAL\06_ARCHIVO_HISTORICO\ACADEMICO_LEGACY_2026-08-28\Tesis 2011\TABUL.TESI.01.08.2011.xlsx;TABUL.TESI.01.08.2011.xlsx;.xlsx;documento;ARCHIVO_DOCUMENTAL;243065;2011-08-26 11:32
ARCHIVO_DOCUMENTAL\06_ARCHIVO_HISTORICO\ACADEMICO_LEGACY_2026-08-28\Tesis 2011\Tesis definitiva Agosto26.docx;Tesis definitiva Agosto26.docx;.docx;documento;ARCHIVO_DOCUMENTAL;124051;2011-08-26 11:33
ARCHIVO_DOCUMENTAL\06_ARCHIVO_HISTORICO\ACADEMICO_LEGACY_2026-08-28\Tesis 2011\USO DE REDES EN LAS RELACIONES ENTRE PEQUEÑAS EMPRESAS 2.docx;USO DE REDES EN LAS RELACIONES ENTRE PEQUEÑAS EMPRESAS 2.docx;.docx;documento;ARCHIVO_DOCUMENTAL;28378;2011-01-16 23:33
ARCHIVO_DOCUMENTAL\06_ARCHIVO_HISTORICO\ACADEMICO_LEGACY_2026-08-28\Tesis 2011\~$sis definitiva Agosto26.docx;~$sis definitiva Agosto26.docx;.docx;documento;ARCHIVO_DOCUMENTAL;162;2011-08-26 11:33
ARCHIVO_DOCUMENTAL\06_ARCHIVO_HISTORICO\ACADEMICO_LEGACY_2026-08-28\Tesis\BIBLIOGRAFIA_de_la_TESIS.docx;BIBLIOGRAFIA_de_la_TESIS.docx;.docx;documento;ARCHIVO_DOCUMENTAL;13407;2009-11-28 11:15
ARCHIVO_DOCUMENTAL\06_ARCHIVO_HISTORICO\ACADEMICO_LEGACY_2026-08-28\Tesis\INFORME ESTADO ACTUAL DE LA INVESTIGACIÓN.docx;INFORME ESTADO ACTUAL DE LA INVESTIGACIÓN.docx;.docx;documento;ARCHIVO_DOCUMENTAL;12210;2009-09-08 12:07
ARCHIVO_DOCUMENTAL\06_ARCHIVO_HISTORICO\ACADEMICO_LEGACY_2026-08-28\Tesis\Investig. 2\DATOS_PAR...doc;DATOS_PAR...doc;.doc;documento;ARCHIVO_DOCUMENTAL;30208;2009-07-10 12:09
ARCHIVO_DOCUMENTAL\06_ARCHIVO_HISTORICO\ACADEMICO_LEGACY_2026-08-28\Tesis\Investig. 2\EJEMPLO_FICHA_DE_CONTENIDO.doc;EJEMPLO_FICHA_DE_CONTENIDO.doc;.doc;documento;ARCHIVO_DOCUMENTAL;32256;2009-07-10 12:10
ARCHIVO_DOCUMENTAL\06_ARCHIVO_HISTORICO\ACADEMICO_LEGACY_2026-08-28\Tesis\Investig. 2\LISTADO_BIBLIOGRAFICO_REG_CONT_SICO_2008.xls;LISTADO_BIBLIOGRAFICO_REG_CONT_SICO_2008.xls;.xls;otro;ARCHIVO_DOCUMENTAL;20992;2009-07-10 12:10
ARCHIVO_DOCUMENTAL\06_ARCHIVO_HISTORICO\ACADEMICO_LEGACY_2026-08-28\Tesis\Investig. 2\Plan_operativo_a_4_sept_2007.docx;Plan_operativo_a_4_sept_2007.docx;.docx;documento;ARCHIVO_DOCUMENTAL;20435;2009-07-10 12:09
ARCHIVO_DOCUMENTAL\06_ARCHIVO_HISTORICO\ACADEMICO_LEGACY_2026-08-28\Tesis\Investig. 2\formato_ficha_Semillero_Contable_Unaula.doc;formato_ficha_Semillero_Contable_Unaula.doc;.doc;documento;ARCHIVO_DOCUMENTAL;28672;2009-07-10 12:10
ARCHIVO_DOCUMENTAL\06_ARCHIVO_HISTORICO\ACADEMICO_LEGACY_2026-08-28\Tesis\PROPUESTA DE ENCUESTA PARA TRABAJO DE CAMPO.docx;PROPUESTA DE ENCUESTA PARA TRABAJO DE CAMPO.docx;.docx;documento;ARCHIVO_DOCUMENTAL;15059;2010-03-01 12:49
ARCHIVO_DOCUMENTAL\06_ARCHIVO_HISTORICO\ACADEMICO_LEGACY_2026-08-28\Tesis\Tareas colocadas por Asesor.doc;Tareas colocadas por Asesor.doc;.doc;documento;ARCHIVO_DOCUMENTAL;27136;2009-08-24 17:40
ARCHIVO_DOCUMENTAL\06_ARCHIVO_HISTORICO\ACADEMICO_LEGACY_2026-08-28\Tesis\Tesis Octub 5 definitivo.doc;Tesis Octub 5 definitivo.doc;.doc;documento;ARCHIVO_DOCUMENTAL;266752;2009-10-06 08:04
ARCHIVO_DOCUMENTAL\06_ARCHIVO_HISTORICO\ACADEMICO_LEGACY_2026-08-28\Tesis\Tesis Octub 5.doc;Tesis Octub 5.doc;.doc;documento;ARCHIVO_DOCUMENTAL;278528;2009-10-05 20:03
ARCHIVO_DOCUMENTAL\06_ARCHIVO_HISTORICO\ACADEMICO_LEGACY_2026-08-28\Tesis\Tesis Octub 5N.doc;Tesis Octub 5N.doc;.doc;documento;ARCHIVO_DOCUMENTAL;266752;2009-10-06 08:01
ARCHIVO_DOCUMENTAL\06_ARCHIVO_HISTORICO\ACADEMICO_LEGACY_2026-08-28\Tesis\Tesis Sept 22.doc;Tesis Sept 22.doc;.doc;documento;ARCHIVO_DOCUMENTAL;253440;2009-09-22 08:21
ARCHIVO_DOCUMENTAL\06_ARCHIVO_HISTORICO\ACADEMICO_LEGACY_2026-08-28\Tesis\Tesis_Marzo 27_2009.doc;Tesis_Marzo 27_2009.doc;.doc;documento;ARCHIVO_DOCUMENTAL;240640;2009-03-30 08:42
ARCHIVO_DOCUMENTAL\06_ARCHIVO_HISTORICO\ACADEMICO_LEGACY_2026-08-28\Tesis\Tesis_Marzo 28_2009.doc;Tesis_Marzo 28_2009.doc;.doc;documento;ARCHIVO_DOCUMENTAL;246784;2009-05-27 20:50
ARCHIVO_DOCUMENTAL\06_ARCHIVO_HISTORICO\ACADEMICO_LEGACY_2026-08-28\Tesis\Tesis_Marzo_2009.doc;Tesis_Marzo_2009.doc;.doc;documento;ARCHIVO_DOCUMENTAL;95428;2009-03-24 13:43
ARCHIVO_DOCUMENTAL\06_ARCHIVO_HISTORICO\ACADEMICO_LEGACY_2026-08-28\Tesis\Tesis_Marzo_28_2009 (2).doc;Tesis_Marzo_28_2009 (2).doc;.doc;documento;ARCHIVO_DOCUMENTAL;245760;2000-01-10 12:34
ARCHIVO_DOCUMENTAL\06_ARCHIVO_HISTORICO\ACADEMICO_LEGACY_2026-08-28\Tesis\Tesis_Marzo_28_2009.doc;Tesis_Marzo_28_2009.doc;.doc;documento;ARCHIVO_DOCUMENTAL;247808;2009-09-18 11:23
ARCHIVO_DOCUMENTAL\06_ARCHIVO_HISTORICO\ACADEMICO_LEGACY_2026-08-28\Tesis\Tesis_Marzo_28_2009[1].doc;Tesis_Marzo_28_2009[1].doc;.doc;documento;ARCHIVO_DOCUMENTAL;246784;2009-07-14 12:34
ARCHIVO_DOCUMENTAL\06_ARCHIVO_HISTORICO\ACADEMICO_LEGACY_2026-08-28\Tesis\Tesis_Noviembre_18_DEFINITIVA_-10[1].11.2009.doc;Tesis_Noviembre_18_DEFINITIVA_-10[1].11.2009.doc;.doc;documento;ARCHIVO_DOCUMENTAL;283136;2009-11-28 10:02
ARCHIVO_DOCUMENTAL\06_ARCHIVO_HISTORICO\ACADEMICO_LEGACY_2026-08-28\Varios\Pago Junio 30.pdf;Pago Junio 30.pdf;.pdf;documento;ARCHIVO_DOCUMENTAL;1081166;2012-07-09 11:40
ARCHIVO_DOCUMENTAL\06_ARCHIVO_HISTORICO\ACADEMICO_LEGACY_2026-08-28\Videos\Little Richard   Tutti Frutti[1].mp3;Little Richard   Tutti Frutti[1].mp3;.mp3;audio;ARCHIVO_DOCUMENTAL;3459605;2013-02-05 17:34
ARCHIVO_DOCUMENTAL\06_ARCHIVO_HISTORICO\ACADEMICO_LEGACY_2026-08-28\Videos\Little Richard   Tutti Frutti[2].mp3;Little Richard   Tutti Frutti[2].mp3;.mp3;audio;ARCHIVO_DOCUMENTAL;3459605;2013-02-05 18:05
ARCHIVO_DOCUMENTAL\06_ARCHIVO_HISTORICO\ACADEMICO_LEGACY_2026-08-28\Videos\Little Richard Tutti Frutti lyrics.mp3;Little Richard Tutti Frutti lyrics.mp3;.mp3;audio;ARCHIVO_DOCUMENTAL;3497852;2013-02-05 19:06
ARCHIVO_DOCUMENTAL\06_ARCHIVO_HISTORICO\ACADEMICO_LEGACY_2026-08-28\Videos\Little Richard Tutti Frutti lyrics[1].mp3;Little Richard Tutti Frutti lyrics[1].mp3;.mp3;audio;ARCHIVO_DOCUMENTAL;3497852;2013-02-05 19:08
ARCHIVO_DOCUMENTAL\06_ARCHIVO_HISTORICO\ACADEMICO_LEGACY_2026-08-28\Videos\Little Richard, Tutti Frutti.mp3;Little Richard, Tutti Frutti.mp3;.mp3;audio;ARCHIVO_DOCUMENTAL;3006959;2013-02-06 17:15
ARCHIVO_DOCUMENTAL\06_ARCHIVO_HISTORICO\ACADEMICO_LEGACY_2026-08-28\Videos\Little Richard, Tutti Frutti[1].mp3;Little Richard, Tutti Frutti[1].mp3;.mp3;audio;ARCHIVO_DOCUMENTAL;3006959;2013-02-06 17:16
ARCHIVO_DOCUMENTAL\06_ARCHIVO_HISTORICO\ACADEMICO_LEGACY_2026-08-28\Videos\Región Orinoquia.docx;Región Orinoquia.docx;.docx;documento;ARCHIVO_DOCUMENTAL;29942;2013-05-27 20:59
ARCHIVO_DOCUMENTAL\06_ARCHIVO_HISTORICO\ACADEMICO_LEGACY_2026-08-28\Videos\Toadas- canción amazónica.mp3;Toadas- canción amazónica.mp3;.mp3;audio;ARCHIVO_DOCUMENTAL;3709705;2013-05-27 18:56
ARCHIVO_DOCUMENTAL\06_ARCHIVO_HISTORICO\ACADEMICO_LEGACY_2026-08-28\informatica\19 DE JULIO.docx;19 DE JULIO.docx;.docx;documento;ARCHIVO_DOCUMENTAL;405490;2013-08-15 19:32
ARCHIVO_DOCUMENTAL\06_ARCHIVO_HISTORICO\ACADEMICO_LEGACY_2026-08-28\informatica\Campaña de comunicación.pptx;Campaña de comunicación.pptx;.pptx;documento;ARCHIVO_DOCUMENTAL;326244;2013-07-31 20:37
ARCHIVO_DOCUMENTAL\06_ARCHIVO_HISTORICO\ACADEMICO_LEGACY_2026-08-28\informatica\LOS VALORES.docx;LOS VALORES.docx;.docx;documento;ARCHIVO_DOCUMENTAL;177748;2013-08-09 17:04
ARCHIVO_DOCUMENTAL\06_ARCHIVO_HISTORICO\ACADEMICO_LEGACY_2026-08-28\informatica\Los alimentos constructores son los que contienen proteínas se encargan de brindarnos las sustancias necesarias.docx;Los alimentos constructores son los que contienen proteínas se encargan de brindarnos las sustancias necesarias.docx;.docx;documento;ARCHIVO_DOCUMENTAL;63185;2013-08-20 18:55
ARCHIVO_DOCUMENTAL\06_ARCHIVO_HISTORICO\ACADEMICO_LEGACY_2026-08-28\informatica\Profe Jaime.pptx;Profe Jaime.pptx;.pptx;documento;ARCHIVO_DOCUMENTAL;81063;2013-08-15 18:29
ARCHIVO_DOCUMENTAL\06_ARCHIVO_HISTORICO\ACADEMICO_LEGACY_2026-08-28\informatica\VALENTINA LOPEZ V.docx;VALENTINA LOPEZ V.docx;.docx;documento;ARCHIVO_DOCUMENTAL;15098;2013-07-26 13:22
ARCHIVO_DOCUMENTAL\06_ARCHIVO_HISTORICO\ACADEMICO_LEGACY_2026-08-28\informatica\cumple.pptx;cumple.pptx;.pptx;documento;ARCHIVO_DOCUMENTAL;1199553;2013-08-05 18:53
ARCHIVO_DOCUMENTAL\06_ARCHIVO_HISTORICO\ACADEMICO_LEGACY_2026-08-28\informatica\imagenes de autos.docx;imagenes de autos.docx;.docx;documento;ARCHIVO_DOCUMENTAL;481753;2005-05-20 15:30
ARCHIVO_DOCUMENTAL\06_ARCHIVO_HISTORICO\ACADEMICO_LEGACY_2026-08-28\informatica\obra de teatro..docx;obra de teatro..docx;.docx;documento;ARCHIVO_DOCUMENTAL;15158;2013-07-23 15:56
ARCHIVO_DOCUMENTAL\06_ARCHIVO_HISTORICO\ACADEMICO_LEGACY_2026-08-28\informatica\valentina lopez v.png;valentina lopez v.png;.png;imagen;ARCHIVO_DOCUMENTAL;109922;2013-09-02 14:00
ARCHIVO_DOCUMENTAL\06_ARCHIVO_HISTORICO\ACADEMICO_LEGACY_2026-08-28\~$CONTABILIDAD.xlsx;~$CONTABILIDAD.xlsx;.xlsx;documento;ARCHIVO_DOCUMENTAL;165;2025-06-10 20:47
ARCHIVO_DOCUMENTAL\06_ARCHIVO_HISTORICO\ACADEMICO_LEGACY_2026-08-28\~$CUADRANTE NAQUERA.xlsx;~$CUADRANTE NAQUERA.xlsx;.xlsx;documento;ARCHIVO_DOCUMENTAL;165;2025-08-08 19:12
ARCHIVO_DOCUMENTAL\06_ARCHIVO_HISTORICO\ACADEMICO_LEGACY_2026-08-28\~$La drogadicción y el alcoholismo.pptx;~$La drogadicción y el alcoholismo.pptx;.pptx;documento;ARCHIVO_DOCUMENTAL;165;2014-05-30 09:14
ARCHIVO_DOCUMENTAL\06_ARCHIVO_HISTORICO\ACADEMICO_LEGACY_2026-08-28\~$La sinceridad.pptx;~$La sinceridad.pptx;.pptx;documento;ARCHIVO_DOCUMENTAL;165;2013-03-20 18:06
ARCHIVO_DOCUMENTAL\07_DUPLICADOS\LISTA_DUPLICADOS.md;LISTA_DUPLICADOS.md;.md;documento;ARCHIVO_DOCUMENTAL;15873;2026-08-23 06:25
AUDITORIA_GLOBAL\00_AUDITORIA_MAESTRA_COMPLETA.md;00_AUDITORIA_MAESTRA_COMPLETA.md;.md;documento;AUDITORIA_GLOBAL;22323;2026-08-16 02:10
AUDITORIA_GLOBAL\00_INDICE_AUDITORIA.md;00_INDICE_AUDITORIA.md;.md;documento;AUDITORIA_GLOBAL;2281;2026-08-16 01:10
AUDITORIA_GLOBAL\01_MAPA_CARPETAS.md;01_MAPA_CARPETAS.md;.md;documento;AUDITORIA_GLOBAL;8680;2026-08-16 01:58
AUDITORIA_GLOBAL\02_INVENTARIO_ARCHIVOS.md;02_INVENTARIO_ARCHIVOS.md;.md;documento;AUDITORIA_GLOBAL;8015;2026-08-16 01:59
AUDITORIA_GLOBAL\03_ANALISIS_DOCUMENTAL.md;03_ANALISIS_DOCUMENTAL.md;.md;documento;AUDITORIA_GLOBAL;8090;2026-08-16 01:59
AUDITORIA_GLOBAL\04_MAPA_PERSONAS.md;04_MAPA_PERSONAS.md;.md;documento;AUDITORIA_GLOBAL;3672;2026-08-16 02:00
AUDITORIA_GLOBAL\05_MAPA_EMPRESAS.md;05_MAPA_EMPRESAS.md;.md;documento;AUDITORIA_GLOBAL;2505;2026-08-16 02:00
AUDITORIA_GLOBAL\06_MAPA_PROYECTOS.md;06_MAPA_PROYECTOS.md;.md;documento;AUDITORIA_GLOBAL;3180;2026-08-16 02:06
AUDITORIA_GLOBAL\07_MAPA_CONTRATOS.md;07_MAPA_CONTRATOS.md;.md;documento;AUDITORIA_GLOBAL;1875;2026-08-16 02:06
AUDITORIA_GLOBAL\08_MAPA_MARKETING.md;08_MAPA_MARKETING.md;.md;documento;AUDITORIA_GLOBAL;1938;2026-08-16 02:07
AUDITORIA_GLOBAL\09_MAPA_FINANCIERO.md;09_MAPA_FINANCIERO.md;.md;documento;AUDITORIA_GLOBAL;1655;2026-08-16 02:07
AUDITORIA_GLOBAL\10_MAPA_OPERATIVO.md;10_MAPA_OPERATIVO.md;.md;documento;AUDITORIA_GLOBAL;2199;2026-08-16 02:07
AUDITORIA_GLOBAL\11_MAPA_TECNOLOGICO.md;11_MAPA_TECNOLOGICO.md;.md;documento;AUDITORIA_GLOBAL;1885;2026-08-16 02:07
AUDITORIA_GLOBAL\12_LOCAL_VS_DRIVE.md;12_LOCAL_VS_DRIVE.md;.md;documento;AUDITORIA_GLOBAL;2585;2026-08-16 02:08
AUDITORIA_GLOBAL\13_DUPLICADOS.md;13_DUPLICADOS.md;.md;documento;AUDITORIA_GLOBAL;2102;2026-08-16 02:08
AUDITORIA_GLOBAL\14_CONTRADICCIONES.md;14_CONTRADICCIONES.md;.md;documento;AUDITORIA_GLOBAL;2815;2026-08-16 02:08
AUDITORIA_GLOBAL\15_INFORMACION_FALTANTE.md;15_INFORMACION_FALTANTE.md;.md;documento;AUDITORIA_GLOBAL;2930;2026-08-16 02:09
AUDITORIA_GLOBAL\16_CONCLUSIONES.md;16_CONCLUSIONES.md;.md;documento;AUDITORIA_GLOBAL;3893;2026-08-16 02:09
AUDITORIA_GLOBAL\17_ANALISIS_IMAGENES_FASE2.md;17_ANALISIS_IMAGENES_FASE2.md;.md;documento;AUDITORIA_GLOBAL;3018;2026-08-16 02:33
AUDITORIA_GLOBAL\18_DOCUMENTOS_RECUPERADOS_FASE2.md;18_DOCUMENTOS_RECUPERADOS_FASE2.md;.md;documento;AUDITORIA_GLOBAL;12453;2026-08-16 02:31
AUDITORIA_GLOBAL\20_INVENTARIO_TOTAL_ARCHIVOS.csv;20_INVENTARIO_TOTAL_ARCHIVOS.csv;.csv;documento;AUDITORIA_GLOBAL;49362;2026-08-16 03:58
AUDITORIA_GLOBAL\20_INVENTARIO_TOTAL_ARCHIVOS.csv.bak;20_INVENTARIO_TOTAL_ARCHIVOS.csv.bak;.bak;backup;AUDITORIA_GLOBAL;44193;2026-08-16 03:58
AUDITORIA_GLOBAL\OTROS DOCUMENTOS POR ORDENAR\00_CONTINUIDAD_ESTADO.md;00_CONTINUIDAD_ESTADO.md;.md;documento;AUDITORIA_GLOBAL;6349;2026-08-16 04:26
AUDITORIA_GLOBAL\OTROS DOCUMENTOS POR ORDENAR\00_MAPA_MAESTRO_MARC_AURORA.md;00_MAPA_MAESTRO_MARC_AURORA.md;.md;documento;AUDITORIA_GLOBAL;2554;2026-08-15 19:01
AUDITORIA_GLOBAL\OTROS DOCUMENTOS POR ORDENAR\01_PROMPTS_PARA_AGENTES.md;01_PROMPTS_PARA_AGENTES.md;.md;documento;AUDITORIA_GLOBAL;5037;2026-08-16 06:10
AUDITORIA_GLOBAL\OTROS DOCUMENTOS POR ORDENAR\MARC_IMAGENES;MARC_IMAGENES;;otro;AUDITORIA_GLOBAL;0;2026-08-16 13:20
AUDITORIA_GLOBAL\OTROS DOCUMENTOS POR ORDENAR\ROADMAP_30_DIAS.md;ROADMAP_30_DIAS.md;.md;documento;AUDITORIA_GLOBAL;6608;2026-08-16 06:09
AURORA\00_AUDITORIA_MAESTRA\00_RESUMEN_EJECUTIVO_AURORA.md;00_RESUMEN_EJECUTIVO_AURORA.md;.md;documento;AURORA;1970;2026-08-18 15:34
AURORA\00_AUDITORIA_MAESTRA\01_AUDITORIA_COMPLETA_AURORA.md;01_AUDITORIA_COMPLETA_AURORA.md;.md;documento;AURORA;840;2026-08-15 19:03
AURORA\00_AUDITORIA_MAESTRA\01_INVENTARIO_DOCUMENTAL.md;01_INVENTARIO_DOCUMENTAL.md;.md;documento;AURORA;916;2026-08-15 19:01
AURORA\00_AUDITORIA_MAESTRA\02_AUDITORIA_DE_MARC.md;02_AUDITORIA_DE_MARC.md;.md;documento;AURORA;443;2026-08-15 19:03
AURORA\00_AUDITORIA_MAESTRA\02_CONTEXTO_NEGOCIO.md;02_CONTEXTO_NEGOCIO.md;.md;documento;AURORA;1433;2026-08-18 15:36
AURORA\00_AUDITORIA_MAESTRA\03_MAPA_DEL_NEGOCIO_AURORA.md;03_MAPA_DEL_NEGOCIO_AURORA.md;.md;documento;AURORA;527;2026-08-15 19:03
AURORA\00_AUDITORIA_MAESTRA\03_OFERTA_Y_PRODUCTOS.md;03_OFERTA_Y_PRODUCTOS.md;.md;documento;AURORA;1373;2026-08-18 15:35
AURORA\00_AUDITORIA_MAESTRA\04_MAPA_DE_MARKETING_AURORA.md;04_MAPA_DE_MARKETING_AURORA.md;.md;documento;AURORA;350;2026-08-15 19:03
AURORA\00_AUDITORIA_MAESTRA\04_MARKETING.md;04_MARKETING.md;.md;documento;AURORA;357;2026-08-15 19:01
AURORA\00_AUDITORIA_MAESTRA\05_MAPA_DEL_EMBUDO_AURORA.md;05_MAPA_DEL_EMBUDO_AURORA.md;.md;documento;AURORA;275;2026-08-15 19:03
AURORA\00_AUDITORIA_MAESTRA\05_VENTAS.md;05_VENTAS.md;.md;documento;AURORA;503;2026-08-15 19:01
AURORA\00_AUDITORIA_MAESTRA\06_EMBUDO.md;06_EMBUDO.md;.md;documento;AURORA;459;2026-08-15 19:01
AURORA\00_AUDITORIA_MAESTRA\06_MAPA_DE_AUTOMATIZACIONES_AURORA.md;06_MAPA_DE_AUTOMATIZACIONES_AURORA.md;.md;documento;AURORA;312;2026-08-15 19:03
AURORA\00_AUDITORIA_MAESTRA\07_AUDITORIA_DE_HERRAMIENTAS_AURORA.md;07_AUDITORIA_DE_HERRAMIENTAS_AURORA.md;.md;documento;AURORA;441;2026-08-15 19:03
AURORA\00_AUDITORIA_MAESTRA\07_AUTOMATIZACIONES.md;07_AUTOMATIZACIONES.md;.md;documento;AURORA;377;2026-08-15 19:01
AURORA\00_AUDITORIA_MAESTRA\08_AUDITORIA_FINANCIERA_AURORA.md;08_AUDITORIA_FINANCIERA_AURORA.md;.md;documento;AURORA;220;2026-08-15 19:03
AURORA\00_AUDITORIA_MAESTRA\08_IA_Y_TECNOLOGIA.md;08_IA_Y_TECNOLOGIA.md;.md;documento;AURORA;381;2026-08-15 19:01
AURORA\00_AUDITORIA_MAESTRA\09_AUDITORIA_CONTRACTUAL_AURORA.md;09_AUDITORIA_CONTRACTUAL_AURORA.md;.md;documento;AURORA;290;2026-08-15 19:03
AURORA\00_AUDITORIA_MAESTRA\09_HERRAMIENTAS_Y_ACCESOS.md;09_HERRAMIENTAS_Y_ACCESOS.md;.md;documento;AURORA;394;2026-08-15 19:01
AURORA\00_AUDITORIA_MAESTRA\10_FINANZAS_Y_PRECIOS.md;10_FINANZAS_Y_PRECIOS.md;.md;documento;AURORA;1317;2026-08-18 15:36
AURORA\00_AUDITORIA_MAESTRA\10_KPI_Y_METRICAS_AURORA.md;10_KPI_Y_METRICAS_AURORA.md;.md;documento;AURORA;224;2026-08-15 19:03
AURORA\00_AUDITORIA_MAESTRA\11_CONTRATOS_Y_RESPONSABILIDADES.md;11_CONTRATOS_Y_RESPONSABILIDADES.md;.md;documento;AURORA;306;2026-08-15 19:02
AURORA\00_AUDITORIA_MAESTRA\11_RIESGOS_AURORA.md;11_RIESGOS_AURORA.md;.md;documento;AURORA;398;2026-08-15 19:03
AURORA\00_AUDITORIA_MAESTRA\12_KPIS_Y_METRICAS.md;12_KPIS_Y_METRICAS.md;.md;documento;AURORA;239;2026-08-15 19:02
AURORA\00_AUDITORIA_MAESTRA\12_OPORTUNIDADES_AURORA.md;12_OPORTUNIDADES_AURORA.md;.md;documento;AURORA;422;2026-08-15 19:03
AURORA\00_AUDITORIA_MAESTRA\13_PREGUNTAS_PARA_AURORA.md;13_PREGUNTAS_PARA_AURORA.md;.md;documento;AURORA;542;2026-08-15 19:04
AURORA\00_AUDITORIA_MAESTRA\13_PROBLEMAS_Y_RIESGOS.md;13_PROBLEMAS_Y_RIESGOS.md;.md;documento;AURORA;451;2026-08-15 19:02
AURORA\00_AUDITORIA_MAESTRA\14_OPORTUNIDADES.md;14_OPORTUNIDADES.md;.md;documento;AURORA;480;2026-08-15 19:02
AURORA\00_AUDITORIA_MAESTRA\14_PLAN_30_60_90_AURORA.md;14_PLAN_30_60_90_AURORA.md;.md;documento;AURORA;474;2026-08-15 19:06
AURORA\00_AUDITORIA_MAESTRA\15_PREGUNTAS_PENDIENTES.md;15_PREGUNTAS_PENDIENTES.md;.md;documento;AURORA;663;2026-08-15 19:02
AURORA\00_AUDITORIA_MAESTRA\15_REUNION_BRIEF_AURORA.md;15_REUNION_BRIEF_AURORA.md;.md;documento;AURORA;411;2026-08-15 19:06
AURORA\00_AUDITORIA_MAESTRA\16_DOCUMENTO_ALINEACION_AURORA.md;16_DOCUMENTO_ALINEACION_AURORA.md;.md;documento;AURORA;551;2026-08-15 19:06
AURORA\00_AUDITORIA_MAESTRA\16_PLAN_DE_ACCION.md;16_PLAN_DE_ACCION.md;.md;documento;AURORA;444;2026-08-15 19:02
AURORA\00_AUDITORIA_MAESTRA\17_DOCUMENTOS_PARA_REUNION.md;17_DOCUMENTOS_PARA_REUNION.md;.md;documento;AURORA;630;2026-08-15 19:02
AURORA\00_AUDITORIA_MAESTRA\17_FUENTES_AURORA.md;17_FUENTES_AURORA.md;.md;documento;AURORA;604;2026-08-15 19:06
AURORA\00_AUDITORIA_MAESTRA\18_FUENTES_Y_EVIDENCIAS.md;18_FUENTES_Y_EVIDENCIAS.md;.md;documento;AURORA;656;2026-08-15 19:03
AURORA\00_DONDE_ESTA_TODO.md;00_DONDE_ESTA_TODO.md;.md;documento;AURORA;1629;2026-09-04 22:10
AURORA\03_ESTRATEGIA\ESTRATEGIA_MARKETING_REDES_AURORA.md;ESTRATEGIA_MARKETING_REDES_AURORA.md;.md;documento;AURORA;2534;2026-08-31 16:34
AURORA\04_Instagram\ASSETS\HIGHLIGHT_COVERS\CONTACTO.png;CONTACTO.png;.png;imagen;AURORA;37651;2026-08-28 21:38
AURORA\04_Instagram\ASSETS\HIGHLIGHT_COVERS\INICIO.png;INICIO.png;.png;imagen;AURORA;40410;2026-08-28 21:38
AURORA\04_Instagram\ASSETS\HIGHLIGHT_COVERS\METODO.png;METODO.png;.png;imagen;AURORA;37229;2026-08-28 21:38
AURORA\04_Instagram\ASSETS\IA_DRAFTS\carrusel_fondo_01.jpg;carrusel_fondo_01.jpg;.jpg;imagen;AURORA;102129;2026-08-18 15:47
AURORA\04_Instagram\ASSETS\IA_DRAFTS\carrusel_fondo_02.jpg;carrusel_fondo_02.jpg;.jpg;imagen;AURORA;158901;2026-08-18 15:47
AURORA\04_Instagram\ASSETS\IA_DRAFTS\post_autoridad_01.jpg;post_autoridad_01.jpg;.jpg;imagen;AURORA;159345;2026-08-18 15:47
AURORA\04_Instagram\ASSETS\IA_DRAFTS\post_dolor_01.jpg;post_dolor_01.jpg;.jpg;imagen;AURORA;112971;2026-08-18 15:47
AURORA\04_Instagram\ASSETS\IA_DRAFTS\post_metodo_01.jpg;post_metodo_01.jpg;.jpg;imagen;AURORA;266459;2026-08-18 15:47
AURORA\04_Instagram\ASSETS\IA_DRAFTS\post_oferta_01.jpg;post_oferta_01.jpg;.jpg;imagen;AURORA;152108;2026-08-18 15:47
AURORA\04_Instagram\ASSETS\IA_DRAFTS\reel_cover_01.jpg;reel_cover_01.jpg;.jpg;imagen;AURORA;165489;2026-08-18 15:47
AURORA\04_Instagram\ASSETS\IA_DRAFTS\story_autoridad_01.jpg;story_autoridad_01.jpg;.jpg;imagen;AURORA;164695;2026-08-18 15:47
AURORA\04_Instagram\ASSETS\IA_DRAFTS\story_dolor_01.jpg;story_dolor_01.jpg;.jpg;imagen;AURORA;101561;2026-08-18 15:47
AURORA\04_Instagram\ASSETS\IA_DRAFTS\story_metodo_01.jpg;story_metodo_01.jpg;.jpg;imagen;AURORA;140517;2026-08-18 15:47
AURORA\04_Instagram\ASSETS\IA_DRAFTS\story_oferta_01.jpg;story_oferta_01.jpg;.jpg;imagen;AURORA;144824;2026-08-18 15:47
AURORA\04_Instagram\ASSETS\IA_DRAFTS\story_prueba_01.jpg;story_prueba_01.jpg;.jpg;imagen;AURORA;117689;2026-08-18 15:47
AURORA\04_Instagram\ASSETS\LANZAMIENTO\POST_SOBERANIA_VITAL_1080.jpg;POST_SOBERANIA_VITAL_1080.jpg;.jpg;imagen;AURORA;126539;2026-08-31 13:26
AURORA\04_Instagram\ASSETS\LANZAMIENTO\STORY_SOBERANIA_VITAL_1080x1920.jpg;STORY_SOBERANIA_VITAL_1080x1920.jpg;.jpg;imagen;AURORA;146341;2026-08-31 13:26
AURORA\04_Instagram\PAQUETE_GENERACION_VISUAL_AURORA.md;PAQUETE_GENERACION_VISUAL_AURORA.md;.md;documento;AURORA;3486;2026-08-18 15:48
AURORA\05_CLON_AURORA\PROTOCOLO_CLON_AURORA.md;PROTOCOLO_CLON_AURORA.md;.md;documento;AURORA;913;2026-08-31 16:37
AURORA\06_BRAND_KIT\MANUAL_DE_MARCA.md;MANUAL_DE_MARCA.md;.md;documento;AURORA;1675;2026-09-01 06:47
AURORA\06_BRAND_KIT\PLANTILLAS\POST_1_portada_ejemplo.jpg;POST_1_portada_ejemplo.jpg;.jpg;imagen;AURORA;57639;2026-09-01 06:45
AURORA\06_BRAND_KIT\PLANTILLAS\QUOTE_1_ejemplo.jpg;QUOTE_1_ejemplo.jpg;.jpg;imagen;AURORA;40623;2026-09-01 06:45
AURORA\06_BRAND_KIT\PLANTILLAS\STORY_1_ejemplo.jpg;STORY_1_ejemplo.jpg;.jpg;imagen;AURORA;62738;2026-09-01 06:45
AURORA\06_BRAND_KIT\logo_192.png;logo_192.png;.png;imagen;AURORA;1460;2026-09-01 06:45
AURORA\06_BRAND_KIT\logo_512.png;logo_512.png;.png;imagen;AURORA;4710;2026-09-01 06:45
AURORA\06_BRAND_KIT\logo_64.png;logo_64.png;.png;imagen;AURORA;494;2026-09-01 06:45
AURORA\Chat de WhatsApp con +34 722 39 89 89\Chat de WhatsApp con +34 722 39 89 89.txt;Chat de WhatsApp con +34 722 39 89 89.txt;.txt;documento;AURORA;1775;2026-08-18 07:28
AURORA\WEB_SOBERANIA_VITAL.zip;WEB_SOBERANIA_VITAL.zip;.zip;paquete;AURORA;4813;2026-09-04 22:32
AURORA\WEB_SOBERANIA_VITAL\index.html;index.html;.html;codigo;AURORA;13868;2026-09-04 22:28
AURORA\WEB_SOBERANIA_VITAL\index.html.bak_20260904_v1;index.html.bak_20260904_v1;.bak_20260904_v1;backup;AURORA;10135;2026-08-25 15:27
ENTREGA_HOY_2026-08-25.md;ENTREGA_HOY_2026-08-25.md;.md;documento;RAIZ;3625;2026-08-27 07:03
HANDOFF_ZED.md;HANDOFF_ZED.md;.md;documento;RAIZ;3451;2026-09-04 15:16
INFORME_FINAL_2026-08-28.md;INFORME_FINAL_2026-08-28.md;.md;documento;RAIZ;4068;2026-08-28 21:39
MARC 1.txt;MARC 1.txt;.txt;documento;RAIZ;69524;2026-08-26 05:38
MARC\.github\agents\01_SUPER_AGENT.agent.md;01_SUPER_AGENT.agent.md;.md;documento;MARC;2647;2026-08-16 03:57
MARC\.github\agents\02_RESEARCHER.agent.md;02_RESEARCHER.agent.md;.md;documento;MARC;1274;2026-08-16 03:57
MARC\.github\agents\03_CODER.agent.md;03_CODER.agent.md;.md;documento;MARC;1193;2026-08-16 03:57
MARC\.github\agents\04_DEBUGGER.agent.md;04_DEBUGGER.agent.md;.md;documento;MARC;1243;2026-08-16 03:57
MARC\.github\agents\05_ARCHITECT.agent.md;05_ARCHITECT.agent.md;.md;documento;MARC;1300;2026-08-16 03:57
MARC\.github\agents\06_CODE_REVIEWER.agent.md;06_CODE_REVIEWER.agent.md;.md;documento;MARC;1254;2026-08-16 03:57
MARC\.github\agents\07_BROWSER_AGENT.agent.md;07_BROWSER_AGENT.agent.md;.md;documento;MARC;1514;2026-08-16 03:57
MARC\.github\agents\08_AUTOMATION_AGENT.agent.md;08_AUTOMATION_AGENT.agent.md;.md;documento;MARC;1340;2026-08-16 03:58
MARC\.github\agents\09_DATA_ANALYST.agent.md;09_DATA_ANALYST.agent.md;.md;documento;MARC;1347;2026-08-16 03:58
MARC\.github\agents\10_DOCUMENT_AGENT.agent.md;10_DOCUMENT_AGENT.agent.md;.md;documento;MARC;1458;2026-08-16 03:58
MARC\.github\agents\11_MARKETING_AGENT.agent.md;11_MARKETING_AGENT.agent.md;.md;documento;MARC;1291;2026-08-16 03:58
MARC\.github\agents\12_SECURITY_AGENT.agent.md;12_SECURITY_AGENT.agent.md;.md;documento;MARC;1428;2026-08-16 03:58
MARC\.github\agents\13_GIT_AGENT.agent.md;13_GIT_AGENT.agent.md;.md;documento;MARC;1509;2026-08-16 03:58
MARC\.github\agents\14_PROJECT_MANAGER.agent.md;14_PROJECT_MANAGER.agent.md;.md;documento;MARC;1379;2026-08-16 03:58
MARC\.github\copilot-instructions.md;copilot-instructions.md;.md;documento;MARC;860;2026-08-16 03:58
MARC\.github\hooks\audit-log.json;audit-log.json;.json;codigo;MARC;241;2026-08-16 04:01
MARC\.github\hooks\audit.ps1;audit.ps1;.ps1;codigo;MARC;1123;2026-08-16 04:01
MARC\.github\hooks\guard.ps1;guard.ps1;.ps1;codigo;MARC;2034;2026-08-16 04:01
MARC\.github\hooks\security-guard.json;security-guard.json;.json;codigo;MARC;240;2026-08-16 04:01
MARC\.github\skills\browser-automation\SKILL.md;SKILL.md;.md;documento;MARC;1560;2026-08-16 03:59
MARC\.github\skills\data-analysis\SKILL.md;SKILL.md;.md;documento;MARC;1424;2026-08-16 03:59
MARC\.github\skills\docx\SKILL.md;SKILL.md;.md;documento;MARC;982;2026-08-16 03:59
MARC\.github\skills\google-workspace\SKILL.md;SKILL.md;.md;documento;MARC;1178;2026-08-16 03:59
MARC\.github\skills\pdf\SKILL.md;SKILL.md;.md;documento;MARC;1030;2026-08-16 03:59
MARC\.github\skills\web-research\SKILL.md;SKILL.md;.md;documento;MARC;1250;2026-08-16 03:59
MARC\.github\skills\xlsx-csv\SKILL.md;SKILL.md;.md;documento;MARC;1167;2026-08-16 03:59
MARC\.mcp.json;.mcp.json;.json;codigo;MARC;502;2026-08-16 03:56
MARC\00_AUDITORIA_MAESTRA\00_RESUMEN_EJECUTIVO_MARC.md;00_RESUMEN_EJECUTIVO_MARC.md;.md;documento;MARC;2144;2026-08-15 18:47
MARC\00_AUDITORIA_MAESTRA\01_AUDITORIA_COMPLETA_MARC.md;01_AUDITORIA_COMPLETA_MARC.md;.md;documento;MARC;3080;2026-08-15 18:47
MARC\00_AUDITORIA_MAESTRA\02_INVENTARIO_MARC.md;02_INVENTARIO_MARC.md;.md;documento;MARC;1876;2026-08-15 18:47
MARC\00_AUDITORIA_MAESTRA\03_MAPA_DEL_NEGOCIO_MARC.md;03_MAPA_DEL_NEGOCIO_MARC.md;.md;documento;MARC;3040;2026-08-15 18:47
MARC\00_AUDITORIA_MAESTRA\04_MAPA_DE_MARKETING_MARC.md;04_MAPA_DE_MARKETING_MARC.md;.md;documento;MARC;1161;2026-08-15 18:47
MARC\00_DONDE_ESTA_TODO.md;00_DONDE_ESTA_TODO.md;.md;documento;MARC;2148;2026-09-04 22:10
MARC\01_Contexto_Alineacion\Doc2_Plan_Operativo_Marc.md;Doc2_Plan_Operativo_Marc.md;.md;documento;MARC;12195;2026-08-05 02:16
MARC\01_Contexto_Alineacion\Doc3_Contexto_Escala_Marc.md;Doc3_Contexto_Escala_Marc.md;.md;documento;MARC;7420;2026-08-05 02:20
MARC\01_Contexto_Alineacion\Doc3_Contexto_Escala_Marc.pdf;Doc3_Contexto_Escala_Marc.pdf;.pdf;documento;MARC;135130;2026-08-05 02:22
MARC\01_Contexto_Alineacion\Documento_Alineacion_MARC_Sebastian.pdf;Documento_Alineacion_MARC_Sebastian.pdf;.pdf;documento;MARC;160707;2026-08-13 21:46
MARC\01_Contexto_Alineacion\Marc.pdf;Marc.pdf;.pdf;documento;MARC;1226024;2026-08-13 21:34
MARC\01_Contexto_Alineacion\Plan_Marc_Operativo_Final(1).md;Plan_Marc_Operativo_Final(1).md;.md;documento;MARC;5457;2026-08-05 01:09
MARC\01_Contexto_Alineacion\Plan_Marc_Operativo_Final.md;Plan_Marc_Operativo_Final.md;.md;documento;MARC;0;2026-08-05 00:16
MARC\02_Informes_Sesiones\Doc1_Informe_Sesion_Marc(1).md;Doc1_Informe_Sesion_Marc(1).md;.md;documento;MARC;8516;2026-08-05 02:11
MARC\02_Informes_Sesiones\Doc1_Informe_Sesion_Marc.md;Doc1_Informe_Sesion_Marc.md;.md;documento;MARC;7431;2026-08-05 01:14
MARC\02_Informes_Sesiones\Doc1_Informe_Sesion_Marc.pdf;Doc1_Informe_Sesion_Marc.pdf;.pdf;documento;MARC;17293;2026-08-05 01:13
MARC\02_Informes_Sesiones\INFORME_SESION INICIAL_04-08-2026-1.pdf;INFORME_SESION INICIAL_04-08-2026-1.pdf;.pdf;documento;MARC;98182;2026-08-05 02:11
MARC\02_Informes_Sesiones\INFORME_SESION INICIAL_04-08-2026.pdf;INFORME_SESION INICIAL_04-08-2026.pdf;.pdf;documento;MARC;98182;2026-08-05 01:22
MARC\03_Conversaciones\Chat de WhatsApp con Marc Souza Gil.zip;Chat de WhatsApp con Marc Souza Gil.zip;.zip;paquete;MARC;7900904;2026-08-17 03:05
MARC\04_Instagram\ASSETS\HIGHLIGHT_COVERS\CONTACTO.png;CONTACTO.png;.png;imagen;MARC;37678;2026-08-28 21:38
MARC\04_Instagram\ASSETS\HIGHLIGHT_COVERS\INICIO.png;INICIO.png;.png;imagen;MARC;35717;2026-08-28 21:38
MARC\04_Instagram\ASSETS\HIGHLIGHT_COVERS\METODO.png;METODO.png;.png;imagen;MARC;37119;2026-08-28 21:38
MARC\04_Instagram\ASSETS\HIGHLIGHT_COVERS\PODCAST.png;PODCAST.png;.png;imagen;MARC;39795;2026-08-28 21:38
MARC\04_Instagram\ASSETS\HIGHLIGHT_COVERS\PROGRAMA.png;PROGRAMA.png;.png;imagen;MARC;39576;2026-08-28 21:38
MARC\04_Instagram\ASSETS\HIGHLIGHT_COVERS\TESTIMONIOS.png;TESTIMONIOS.png;.png;imagen;MARC;35024;2026-08-28 21:38
MARC\04_Instagram\ASSETS\IA_DRAFTS\c010_no_eres_la_charla.jpg;c010_no_eres_la_charla.jpg;.jpg;imagen;MARC;63792;2026-08-27 06:53
MARC\04_Instagram\ASSETS\IA_DRAFTS\c011_tus_miedos.jpg;c011_tus_miedos.jpg;.jpg;imagen;MARC;51802;2026-08-27 06:53
MARC\04_Instagram\ASSETS\IA_DRAFTS\c012_reprogramar_mente.jpg;c012_reprogramar_mente.jpg;.jpg;imagen;MARC;58114;2026-08-27 06:54
MARC\04_Instagram\ASSETS\IA_DRAFTS\c013_te_atreves.jpg;c013_te_atreves.jpg;.jpg;imagen;MARC;36237;2026-08-27 06:55
MARC\04_Instagram\ASSETS\IA_DRAFTS\c014_metodo_4_meses.jpg;c014_metodo_4_meses.jpg;.jpg;imagen;MARC;23242;2026-08-27 06:56
MARC\04_Instagram\ASSETS\IA_DRAFTS\c015_ansiedad.jpg;c015_ansiedad.jpg;.jpg;imagen;MARC;41944;2026-08-27 06:57
MARC\04_Instagram\ASSETS\IA_DRAFTS\carrusel_fondo_01.jpg;carrusel_fondo_01.jpg;.jpg;imagen;MARC;124549;2026-08-18 14:41
MARC\04_Instagram\ASSETS\IA_DRAFTS\carrusel_fondo_02.jpg;carrusel_fondo_02.jpg;.jpg;imagen;MARC;89257;2026-08-18 14:41
MARC\04_Instagram\ASSETS\IA_DRAFTS\carrusel_fondo_03.jpg;carrusel_fondo_03.jpg;.jpg;imagen;MARC;24368;2026-08-27 06:58
MARC\04_Instagram\ASSETS\IA_DRAFTS\carrusel_fondo_04.jpg;carrusel_fondo_04.jpg;.jpg;imagen;MARC;17099;2026-08-27 06:57
MARC\04_Instagram\ASSETS\IA_DRAFTS\post_autoridad_01.jpg;post_autoridad_01.jpg;.jpg;imagen;MARC;120647;2026-08-18 14:41
MARC\04_Instagram\ASSETS\IA_DRAFTS\post_dolor_01.jpg;post_dolor_01.jpg;.jpg;imagen;MARC;197600;2026-08-18 14:41
MARC\04_Instagram\ASSETS\IA_DRAFTS\post_metodo_01.jpg;post_metodo_01.jpg;.jpg;imagen;MARC;138772;2026-08-18 14:41
MARC\04_Instagram\ASSETS\IA_DRAFTS\post_oferta_01.jpg;post_oferta_01.jpg;.jpg;imagen;MARC;188703;2026-08-18 14:41
MARC\04_Instagram\ASSETS\IA_DRAFTS\reel_cover_01.jpg;reel_cover_01.jpg;.jpg;imagen;MARC;215426;2026-08-18 14:41
MARC\04_Instagram\ASSETS\IA_DRAFTS\story_autoridad_01.jpg;story_autoridad_01.jpg;.jpg;imagen;MARC;149676;2026-08-18 14:41
MARC\04_Instagram\ASSETS\IA_DRAFTS\story_dolor_01.jpg;story_dolor_01.jpg;.jpg;imagen;MARC;110748;2026-08-18 14:41
MARC\04_Instagram\ASSETS\IA_DRAFTS\story_metodo_01.jpg;story_metodo_01.jpg;.jpg;imagen;MARC;174427;2026-08-18 14:41
MARC\04_Instagram\ASSETS\IA_DRAFTS\story_oferta_01.jpg;story_oferta_01.jpg;.jpg;imagen;MARC;183264;2026-08-18 14:41
MARC\04_Instagram\ASSETS\IA_DRAFTS\story_prueba_01.jpg;story_prueba_01.jpg;.jpg;imagen;MARC;103994;2026-08-18 14:41
MARC\04_Instagram\ASSETS\LANZAMIENTO\POST_PLAZAS_SEPTIEMBRE_1080.jpg;POST_PLAZAS_SEPTIEMBRE_1080.jpg;.jpg;imagen;MARC;144735;2026-08-31 13:26
MARC\04_Instagram\ASSETS\LANZAMIENTO\STORY_PLAZAS_SEPTIEMBRE_1080x1920.jpg;STORY_PLAZAS_SEPTIEMBRE_1080x1920.jpg;.jpg;imagen;MARC;170787;2026-08-31 13:26
MARC\04_Instagram\ASSETS\QR_MARCSOUZA7.png;QR_MARCSOUZA7.png;.png;imagen;MARC;69196;2026-08-19 14:20
MARC\04_Instagram\AUDITORIA_INSTAGRAM_MARC.md;AUDITORIA_INSTAGRAM_MARC.md;.md;documento;MARC;5629;2026-08-18 08:23
MARC\04_Instagram\BORRADOR_MENSAJE_MARC_18AGO.md;BORRADOR_MENSAJE_MARC_18AGO.md;.md;documento;MARC;2900;2026-08-18 11:32
MARC\04_Instagram\BORRADOR_RESPUESTA_MARC_INSTAGRAM.md;BORRADOR_RESPUESTA_MARC_INSTAGRAM.md;.md;documento;MARC;3156;2026-08-18 08:24
MARC\04_Instagram\CONTENT_CALENDAR.md;CONTENT_CALENDAR.md;.md;documento;MARC;6062;2026-08-19 06:44
MARC\04_Instagram\PAQUETE_GENERACION_VISUAL.md;PAQUETE_GENERACION_VISUAL.md;.md;documento;MARC;3696;2026-08-18 14:42
MARC\04_Instagram\RESPUESTA_MARC_18AGO_1200.md;RESPUESTA_MARC_18AGO_1200.md;.md;documento;MARC;1728;2026-08-18 12:11
MARC\05_MAPA_DEL_EMBUDO_MARC.md;05_MAPA_DEL_EMBUDO_MARC.md;.md;documento;MARC;1142;2026-08-15 18:59
MARC\06_MAPA_DE_AUTOMATIZACIONES_MARC.md;06_MAPA_DE_AUTOMATIZACIONES_MARC.md;.md;documento;MARC;677;2026-08-15 18:59
MARC\07_AUDITORIA_DE_HERRAMIENTAS_MARC.md;07_AUDITORIA_DE_HERRAMIENTAS_MARC.md;.md;documento;MARC;642;2026-08-15 18:59
MARC\08_AUDITORIA_FINANCIERA_MARC.md;08_AUDITORIA_FINANCIERA_MARC.md;.md;documento;MARC;655;2026-08-15 18:59
MARC\09_AUDITORIA_CONTRACTUAL_MARC.md;09_AUDITORIA_CONTRACTUAL_MARC.md;.md;documento;MARC;576;2026-08-15 18:59
MARC\1 DÍA 04-05-2026\Doc1_Informe_Sesion_Marc_04-05-26.pdf;Doc1_Informe_Sesion_Marc_04-05-26.pdf;.pdf;documento;MARC;98182;2026-08-05 02:12
MARC\1 DÍA 04-05-2026\Doc2_Plan_Operativo_Marc_04-05-26.pdf;Doc2_Plan_Operativo_Marc_04-05-26.pdf;.pdf;documento;MARC;188291;2026-08-05 02:19
MARC\1 DÍA 04-05-2026\Doc3_Contexto_Escala_Marc_04-05-26.pdf;Doc3_Contexto_Escala_Marc_04-05-26.pdf;.pdf;documento;MARC;135130;2026-08-05 02:22
MARC\10_KPI_Y_METRICAS_MARC.md;10_KPI_Y_METRICAS_MARC.md;.md;documento;MARC;534;2026-08-15 18:59
MARC\11_RIESGOS_MARC.md;11_RIESGOS_MARC.md;.md;documento;MARC;630;2026-08-15 18:59
MARC\12_OPORTUNIDADES_MARC.md;12_OPORTUNIDADES_MARC.md;.md;documento;MARC;644;2026-08-15 18:59
MARC\13_PREGUNTAS_PARA_MARC.md;13_PREGUNTAS_PARA_MARC.md;.md;documento;MARC;924;2026-08-15 19:01
MARC\14_PLAN_30_60_90_MARC.md;14_PLAN_30_60_90_MARC.md;.md;documento;MARC;723;2026-08-15 19:01
MARC\15_REUNION_BRIEF_MARC.md;15_REUNION_BRIEF_MARC.md;.md;documento;MARC;619;2026-08-15 19:01
MARC\16_DOCUMENTO_ALINEACION_MARC.md;16_DOCUMENTO_ALINEACION_MARC.md;.md;documento;MARC;586;2026-08-15 19:01
MARC\17_FUENTES_MARC.md;17_FUENTES_MARC.md;.md;documento;MARC;1728;2026-08-15 19:01
MARC\18_LOGS\ACCIONES_EJECUTADAS_MARC.md;ACCIONES_EJECUTADAS_MARC.md;.md;documento;MARC;31166;2026-09-05 11:33
MARC\20_PRODUCTO_DESPIERTA\01_CURRICULO\LEC 10 LA CREACIÓN\CREACION DE REALIDAD Y COMPONENTES.docx;CREACION DE REALIDAD Y COMPONENTES.docx;.docx;documento;MARC;28625;2023-11-29 15:10
MARC\20_PRODUCTO_DESPIERTA\01_CURRICULO\LEC 10 LA CREACIÓN\LA PALABRA Y SU PODER.docx;LA PALABRA Y SU PODER.docx;.docx;documento;MARC;15353;2022-10-19 09:30
MARC\20_PRODUCTO_DESPIERTA\01_CURRICULO\LEC 10 LA CREACIÓN\TEORIA SIMPLIFICADA.docx;TEORIA SIMPLIFICADA.docx;.docx;documento;MARC;15305;2023-12-21 15:34
MARC\20_PRODUCTO_DESPIERTA\01_CURRICULO\LEC 1\LEC 1 TEMA 1 SOMOS ENERGÍA.docx;LEC 1 TEMA 1 SOMOS ENERGÍA.docx;.docx;documento;MARC;29447;2023-01-26 18:04
MARC\20_PRODUCTO_DESPIERTA\01_CURRICULO\LEC 1\LEC 1 TEMA 2  VIBRACION Y FRECUENCIA.docx;LEC 1 TEMA 2  VIBRACION Y FRECUENCIA.docx;.docx;documento;MARC;211098;2024-09-19 19:20
MARC\20_PRODUCTO_DESPIERTA\01_CURRICULO\LEC 2\LEC 11- LAS LEYES UNIVERSALES\LEYES  GRUPO 1.docx;LEYES  GRUPO 1.docx;.docx;documento;MARC;14771;2024-01-30 14:59
MARC\20_PRODUCTO_DESPIERTA\01_CURRICULO\LEC 2\LEC 11- LAS LEYES UNIVERSALES\LEYES  GRUPO 2.docx;LEYES  GRUPO 2.docx;.docx;documento;MARC;14582;2023-12-14 16:35
MARC\20_PRODUCTO_DESPIERTA\01_CURRICULO\LEC 2\LEC 11- LAS LEYES UNIVERSALES\LEYES GRUPO 3.docx;LEYES GRUPO 3.docx;.docx;documento;MARC;14920;2023-12-14 16:36
MARC\20_PRODUCTO_DESPIERTA\01_CURRICULO\LEC 2\LEC 11- LAS LEYES UNIVERSALES\LEYES GRUPO 4.docx;LEYES GRUPO 4.docx;.docx;documento;MARC;15844;2023-12-14 16:37
MARC\20_PRODUCTO_DESPIERTA\01_CURRICULO\LEC 2\LEC 2  LA MENTE.docx;LEC 2  LA MENTE.docx;.docx;documento;MARC;26239;2024-09-24 17:39
MARC\20_PRODUCTO_DESPIERTA\01_CURRICULO\LEC 3\LEC 3   El SER y el EGO.docx;LEC 3   El SER y el EGO.docx;.docx;documento;MARC;33716;2023-11-23 15:13
MARC\20_PRODUCTO_DESPIERTA\01_CURRICULO\LEC 4 LAS FORMAS DEL EGO\4. Conocimiento de nuestro pensamiento.pdf;4. Conocimiento de nuestro pensamiento.pdf;.pdf;documento;MARC;47541;2018-01-30 17:52
MARC\20_PRODUCTO_DESPIERTA\01_CURRICULO\LEC 4 LAS FORMAS DEL EGO\4.5 Del Ego y el Miedo a la Autorrealización.pdf;4.5 Del Ego y el Miedo a la Autorrealización.pdf;.pdf;documento;MARC;40265;2018-02-02 16:37
MARC\20_PRODUCTO_DESPIERTA\01_CURRICULO\LEC 4 LAS FORMAS DEL EGO\ACEPTACION.docx;ACEPTACION.docx;.docx;documento;MARC;20247;2021-07-29 12:12
MARC\20_PRODUCTO_DESPIERTA\01_CURRICULO\LEC 4 LAS FORMAS DEL EGO\LAS EMOCIONES INÚTILES.docx;LAS EMOCIONES INÚTILES.docx;.docx;documento;MARC;29645;2022-04-13 16:17
MARC\20_PRODUCTO_DESPIERTA\01_CURRICULO\LEC 5 - LAS CREENCIAS\Creencias 1.docx;Creencias 1.docx;.docx;documento;MARC;27574;2023-03-30 20:40
MARC\20_PRODUCTO_DESPIERTA\01_CURRICULO\LEC 5 - LAS CREENCIAS\Creencias 2.docx;Creencias 2.docx;.docx;documento;MARC;31927;2024-07-04 14:31
MARC\20_PRODUCTO_DESPIERTA\01_CURRICULO\LEC 7- EL PENSAMIENTO\LEC 7- EL PENSAMIENTO 1.docx;LEC 7- EL PENSAMIENTO 1.docx;.docx;documento;MARC;32907;2024-09-26 22:08
MARC\20_PRODUCTO_DESPIERTA\01_CURRICULO\LEC 9 EL PENSAMIENTO 3\FRASES REF CREACION.docx;FRASES REF CREACION.docx;.docx;documento;MARC;14003;2022-10-08 14:42
MARC\20_PRODUCTO_DESPIERTA\01_CURRICULO\LEC 9 EL PENSAMIENTO 3\Tema 11 LA REALIDAD COMO REFLEJO .docx;Tema 11 LA REALIDAD COMO REFLEJO .docx;.docx;documento;MARC;32366;2024-09-26 22:15
MARC\20_PRODUCTO_DESPIERTA\02_HERRAMIENTAS\36 leyes espirituales de la vida.pdf;36 leyes espirituales de la vida.pdf;.pdf;documento;MARC;326998;2023-09-13 15:07
MARC\20_PRODUCTO_DESPIERTA\02_HERRAMIENTAS\8.2 Protocolos para afrontar los resentires.pdf;8.2 Protocolos para afrontar los resentires.pdf;.pdf;documento;MARC;19092;2018-02-20 16:19
MARC\20_PRODUCTO_DESPIERTA\02_HERRAMIENTAS\ANALISIS DE CUESTIONAMIENTO CAP-3 - copia - copia - copia.docx;ANALISIS DE CUESTIONAMIENTO CAP-3 - copia - copia - copia.docx;.docx;documento;MARC;16796;2024-11-08 19:26
MARC\20_PRODUCTO_DESPIERTA\02_HERRAMIENTAS\CADA LENGUAJE DEL AMOR.docx;CADA LENGUAJE DEL AMOR.docx;.docx;documento;MARC;13028;2025-02-24 00:45
MARC\20_PRODUCTO_DESPIERTA\02_HERRAMIENTAS\CAMBIO CREENCIAS PARA TERAPIA.docx;CAMBIO CREENCIAS PARA TERAPIA.docx;.docx;documento;MARC;23909;2024-04-17 16:37
MARC\20_PRODUCTO_DESPIERTA\02_HERRAMIENTAS\CREENCIAS SOBRE LA REALIDAD.docx;CREENCIAS SOBRE LA REALIDAD.docx;.docx;documento;MARC;19468;2021-04-21 18:47
MARC\20_PRODUCTO_DESPIERTA\02_HERRAMIENTAS\Cuestionario de Autodescubrimiento para Rumi - copia.docx;Cuestionario de Autodescubrimiento para Rumi - copia.docx;.docx;documento;MARC;17562;2026-07-01 14:47
MARC\20_PRODUCTO_DESPIERTA\02_HERRAMIENTAS\DETECTAR CREENCIAS LIM. TEST ELLIS - copia.docx;DETECTAR CREENCIAS LIM. TEST ELLIS - copia.docx;.docx;documento;MARC;76851;2021-07-15 13:21
MARC\20_PRODUCTO_DESPIERTA\02_HERRAMIENTAS\EL CAMBIO DE CREENCIAS.docx;EL CAMBIO DE CREENCIAS.docx;.docx;documento;MARC;15686;2021-07-15 13:31
MARC\20_PRODUCTO_DESPIERTA\02_HERRAMIENTAS\ELEVAR TU FRECUENCIA VIBRATORIA.docx;ELEVAR TU FRECUENCIA VIBRATORIA.docx;.docx;documento;MARC;19631;2024-12-13 19:20
MARC\20_PRODUCTO_DESPIERTA\02_HERRAMIENTAS\LA FÓRMULA DE LOS RESULTADOS.docx;LA FÓRMULA DE LOS RESULTADOS.docx;.docx;documento;MARC;13486;2022-09-22 11:07
MARC\20_PRODUCTO_DESPIERTA\02_HERRAMIENTAS\LOS 3 PASOS PARA EL CAMBIO DE CREENCIAS.docx;LOS 3 PASOS PARA EL CAMBIO DE CREENCIAS.docx;.docx;documento;MARC;16581;2024-11-08 19:28
MARC\20_PRODUCTO_DESPIERTA\02_HERRAMIENTAS\MANUAL DE DESMANTELAMIENTO DE CREENCIAS pdf.pdf;MANUAL DE DESMANTELAMIENTO DE CREENCIAS pdf.pdf;.pdf;documento;MARC;4131884;2025-12-06 16:13
MARC\20_PRODUCTO_DESPIERTA\02_HERRAMIENTAS\MANUAL DE MAESTRIA EMOCIONAL pdf.pdf;MANUAL DE MAESTRIA EMOCIONAL pdf.pdf;.pdf;documento;MARC;210659;2025-12-06 16:13
MARC\20_PRODUCTO_DESPIERTA\02_HERRAMIENTAS\MIEDO PREP\El miedo.docx;El miedo.docx;.docx;documento;MARC;29606;2018-06-14 17:08
MARC\20_PRODUCTO_DESPIERTA\02_HERRAMIENTAS\MIEDO PREP\Presta atención especial a tus actitudes.docx;Presta atención especial a tus actitudes.docx;.docx;documento;MARC;36440;2018-03-27 16:31
MARC\20_PRODUCTO_DESPIERTA\02_HERRAMIENTAS\PASOS PARA SANAR HERIDA DE INFANCIA.docx;PASOS PARA SANAR HERIDA DE INFANCIA.docx;.docx;documento;MARC;15513;2023-03-16 12:27
MARC\20_PRODUCTO_DESPIERTA\02_HERRAMIENTAS\PNL.docx;PNL.docx;.docx;documento;MARC;16215;2024-01-04 17:14
MARC\20_PRODUCTO_DESPIERTA\02_HERRAMIENTAS\POR LA MAÑANA ANTES DE SALIR.docx;POR LA MAÑANA ANTES DE SALIR.docx;.docx;documento;MARC;14275;2021-10-26 18:11
MARC\20_PRODUCTO_DESPIERTA\02_HERRAMIENTAS\TEST TERAPIA AUT.xlsx;TEST TERAPIA AUT.xlsx;.xlsx;documento;MARC;53211;2023-11-22 14:50
MARC\20_PRODUCTO_DESPIERTA\02_HERRAMIENTAS\TRABAJOS PARA EL SUBCONSCIENTE RUMI.docx;TRABAJOS PARA EL SUBCONSCIENTE RUMI.docx;.docx;documento;MARC;14396;2026-07-31 18:58
MARC\20_PRODUCTO_DESPIERTA\02_HERRAMIENTAS\[PD] Documentos - Como cambiar creencias con la PNL.pdf;[PD] Documentos - Como cambiar creencias con la PNL.pdf;.pdf;documento;MARC;2343432;2017-04-12 18:20
MARC\20_PRODUCTO_DESPIERTA\02_HERRAMIENTAS\test-de-ellis.pdf;test-de-ellis.pdf;.pdf;documento;MARC;472645;2018-05-14 11:04
MARC\20_PRODUCTO_DESPIERTA\03_MENTORIA\CLASE 4.docx;CLASE 4.docx;.docx;documento;MARC;19456;2025-06-07 21:12
MARC\20_PRODUCTO_DESPIERTA\03_MENTORIA\CUESTIONARIO Y PACTO.docx;CUESTIONARIO Y PACTO.docx;.docx;documento;MARC;19811;2025-05-16 04:11
MARC\20_PRODUCTO_DESPIERTA\03_MENTORIA\LEC 1  LAS ASOCIACIONES    PLACER - DOLOR.docx;LEC 1  LAS ASOCIACIONES    PLACER - DOLOR.docx;.docx;documento;MARC;15288;2025-05-15 17:49
MARC\20_PRODUCTO_DESPIERTA\03_MENTORIA\LEC 2.docx;LEC 2.docx;.docx;documento;MARC;15800;2025-05-22 17:01
MARC\20_PRODUCTO_DESPIERTA\03_MENTORIA\MAPA.docx;MAPA.docx;.docx;documento;MARC;16233;2025-06-07 21:12
MARC\20_PRODUCTO_DESPIERTA\03_MENTORIA\MENTORIA   CLASE  3.docx;MENTORIA   CLASE  3.docx;.docx;documento;MARC;13924;2025-06-07 21:05
MARC\20_PRODUCTO_DESPIERTA\04_CHARLAS_TALLERES\1CHARLA NAQUERA.docx;1CHARLA NAQUERA.docx;.docx;documento;MARC;20520;2026-06-15 17:09
MARC\20_PRODUCTO_DESPIERTA\04_CHARLAS_TALLERES\CHARLA  PROMOCIÓN TALLER PAREJAS CONSCIENTES.docx;CHARLA  PROMOCIÓN TALLER PAREJAS CONSCIENTES.docx;.docx;documento;MARC;23048;2025-02-13 18:24
MARC\20_PRODUCTO_DESPIERTA\04_CHARLAS_TALLERES\CHARLA DE METAFÍSICA.odt;CHARLA DE METAFÍSICA.odt;.odt;documento;MARC;18033;2025-11-04 00:31
MARC\20_PRODUCTO_DESPIERTA\04_CHARLAS_TALLERES\CONTENIDO TALLER ABUNDANCIA - copia.odt;CONTENIDO TALLER ABUNDANCIA - copia.odt;.odt;documento;MARC;22616;2025-07-28 03:43
MARC\20_PRODUCTO_DESPIERTA\04_CHARLAS_TALLERES\Charla Despierta.docx;Charla Despierta.docx;.docx;documento;MARC;21259;2026-06-27 15:47
MARC\20_PRODUCTO_DESPIERTA\04_CHARLAS_TALLERES\Charla taller abundancia.docx;Charla taller abundancia.docx;.docx;documento;MARC;15537;2025-07-02 16:01
MARC\20_PRODUCTO_DESPIERTA\04_CHARLAS_TALLERES\TALLER   RELACIÓN DE PAREJA CONSCIENTE.docx;TALLER   RELACIÓN DE PAREJA CONSCIENTE.docx;.docx;documento;MARC;22969;2023-10-30 12:30
MARC\20_PRODUCTO_DESPIERTA\04_CHARLAS_TALLERES\TALLER PADRES DE MENORES.docx;TALLER PADRES DE MENORES.docx;.docx;documento;MARC;15951;2024-12-09 15:06
MARC\20_PRODUCTO_DESPIERTA\04_CHARLAS_TALLERES\TEMARIO  TALLER I E.docx;TEMARIO  TALLER I E.docx;.docx;documento;MARC;14180;2024-12-12 16:31
MARC\20_PRODUCTO_DESPIERTA\04_CHARLAS_TALLERES\TEMARIO TALLER INTELIGENCIA EMOCIONAL.docx;TEMARIO TALLER INTELIGENCIA EMOCIONAL.docx;.docx;documento;MARC;20590;2024-12-12 16:31
MARC\20_PRODUCTO_DESPIERTA\04_CHARLAS_TALLERES\TU PROPÓSITO DE VIDA.odt;TU PROPÓSITO DE VIDA.odt;.odt;documento;MARC;17130;2025-09-19 18:44
MARC\20_PRODUCTO_DESPIERTA\04_PROCESO_COMPLETO\CONTACTO ALQUILER LUGAR PARA RETIROS.odt;CONTACTO ALQUILER LUGAR PARA RETIROS.odt;.odt;documento;MARC;13105;2025-08-05 03:02
MARC\20_PRODUCTO_DESPIERTA\04_PROCESO_COMPLETO\DESPIERTA - PROCESO COMPLETO - copia.odt;DESPIERTA - PROCESO COMPLETO - copia.odt;.odt;documento;MARC;43115;2026-05-05 23:28
MARC\20_PRODUCTO_DESPIERTA\05_WEBINAR\Método.pptx;Método.pptx;.pptx;documento;MARC;8857434;2026-08-15 18:50
MARC\21_TESTIMONIOS\CLIPS_REELS\ANA_TESTIMONIO_4_reel30s.mp4;ANA_TESTIMONIO_4_reel30s.mp4;.mp4;video;MARC;614420;2026-08-28 21:29
MARC\21_TESTIMONIOS\CLIPS_REELS\ELENA_TESTIMONIO_3_reel30s.mp4;ELENA_TESTIMONIO_3_reel30s.mp4;.mp4;video;MARC;762994;2026-08-28 21:30
MARC\21_TESTIMONIOS\CLIPS_REELS\GABI_TESTIMONIO_1_reel30s.mp4;GABI_TESTIMONIO_1_reel30s.mp4;.mp4;video;MARC;692867;2026-08-28 21:31
MARC\21_TESTIMONIOS\CLIPS_REELS\VICENT_TESTIMONIO_2_reel30s.mp4;VICENT_TESTIMONIO_2_reel30s.mp4;.mp4;video;MARC;616103;2026-08-28 21:32
MARC\21_TESTIMONIOS\PREGUNTAS  TESTIMONIOS.docx;PREGUNTAS  TESTIMONIOS.docx;.docx;documento;MARC;15316;2026-05-25 23:03
MARC\21_TESTIMONIOS\REELS_FINALES\CAPTIONS_Y_PROTOCOLO.md;CAPTIONS_Y_PROTOCOLO.md;.md;documento;MARC;2718;2026-08-31 13:25
MARC\21_TESTIMONIOS\REELS_FINALES\ORIGINALES_v1\REEL_1_GABI_9x16.mp4;REEL_1_GABI_9x16.mp4;.mp4;video;MARC;1388954;2026-08-31 13:21
MARC\21_TESTIMONIOS\REELS_FINALES\ORIGINALES_v1\REEL_2_VICENT_9x16.mp4;REEL_2_VICENT_9x16.mp4;.mp4;video;MARC;1208364;2026-08-31 13:22
MARC\21_TESTIMONIOS\REELS_FINALES\ORIGINALES_v1\REEL_3_ELENA_9x16.mp4;REEL_3_ELENA_9x16.mp4;.mp4;video;MARC;1438984;2026-08-31 13:24
MARC\21_TESTIMONIOS\REELS_FINALES\ORIGINALES_v1\REEL_4_ANA_9x16.mp4;REEL_4_ANA_9x16.mp4;.mp4;video;MARC;1327675;2026-08-31 13:23
MARC\21_TESTIMONIOS\REELS_FINALES\REEL_1_GABI_9x16.mp4;REEL_1_GABI_9x16.mp4;.mp4;video;MARC;2183121;2026-09-04 22:30
MARC\21_TESTIMONIOS\REELS_FINALES\REEL_1_GABI_9x16_v2.mp4;REEL_1_GABI_9x16_v2.mp4;.mp4;video;MARC;3625747;2026-09-05 09:55
MARC\21_TESTIMONIOS\REELS_FINALES\REEL_2_VICENT_9x16.mp4;REEL_2_VICENT_9x16.mp4;.mp4;video;MARC;2053331;2026-09-04 22:30
MARC\21_TESTIMONIOS\REELS_FINALES\REEL_2_VICENT_9x16_v2.mp4;REEL_2_VICENT_9x16_v2.mp4;.mp4;video;MARC;5318421;2026-09-05 10:42
MARC\21_TESTIMONIOS\REELS_FINALES\REEL_3_ELENA_9x16.mp4;REEL_3_ELENA_9x16.mp4;.mp4;video;MARC;2245697;2026-09-04 22:30
MARC\21_TESTIMONIOS\REELS_FINALES\REEL_3_ELENA_9x16_v2.mp4;REEL_3_ELENA_9x16_v2.mp4;.mp4;video;MARC;4950234;2026-09-05 11:28
MARC\21_TESTIMONIOS\REELS_FINALES\REEL_4_ANA_9x16.mp4;REEL_4_ANA_9x16.mp4;.mp4;video;MARC;2030564;2026-09-04 22:30
MARC\21_TESTIMONIOS\REELS_FINALES\_GEN_LOG.txt;_GEN_LOG.txt;.txt;documento;MARC;215;2026-08-31 13:24
MARC\21_TESTIMONIOS\VERSIONES_WEB\ANA_TESTIMONIO_4_web.mp4;ANA_TESTIMONIO_4_web.mp4;.mp4;video;MARC;57778461;2026-08-28 21:29
MARC\21_TESTIMONIOS\VERSIONES_WEB\ELENA_TESTIMONIO_3_web.mp4;ELENA_TESTIMONIO_3_web.mp4;.mp4;video;MARC;35557540;2026-08-28 21:30
MARC\21_TESTIMONIOS\VERSIONES_WEB\GABI_TESTIMONIO_1_web.mp4;GABI_TESTIMONIO_1_web.mp4;.mp4;video;MARC;30434954;2026-08-28 21:31
MARC\21_TESTIMONIOS\VERSIONES_WEB\VICENT_TESTIMONIO_2_web.mp4;VICENT_TESTIMONIO_2_web.mp4;.mp4;video;MARC;34951425;2026-08-28 21:32
MARC\21_TESTIMONIOS\VIDEOS\ANA TESTIMONIO 4.mp4;ANA TESTIMONIO 4.mp4;.mp4;video;MARC;297356865;2026-06-16 02:28
MARC\21_TESTIMONIOS\VIDEOS\ELENA    TESTIMONIO 3.mp4;ELENA    TESTIMONIO 3.mp4;.mp4;video;MARC;184378224;2026-04-29 22:18
MARC\21_TESTIMONIOS\VIDEOS\GABI TESTIMONIO 1.mp4;GABI TESTIMONIO 1.mp4;.mp4;video;MARC;181706349;2026-04-28 13:14
MARC\21_TESTIMONIOS\VIDEOS\VICENT        TESTIMONIO 2.mp4;VICENT        TESTIMONIO 2.mp4;.mp4;video;MARC;181716221;2026-04-29 17:07
MARC\21_TESTIMONIOS\_PROCESADO_LOG.txt;_PROCESADO_LOG.txt;.txt;documento;MARC;1328;2026-08-28 21:32
MARC\21_TESTIMONIOS\_gen_reels_finales.ps1;_gen_reels_finales.ps1;.ps1;codigo;MARC;3064;2026-08-31 13:24
MARC\21_TESTIMONIOS\_procesar_testimonios.ps1;_procesar_testimonios.ps1;.ps1;codigo;MARC;1617;2026-08-28 21:27
MARC\22_LEAD_MAGNET_EBOOK\LA LOCA EN TU CABEZA\MOCK UP - GENERADOR DE BEST SELLERS 3 (1) (1).pdf;MOCK UP - GENERADOR DE BEST SELLERS 3 (1) (1).pdf;.pdf;documento;MARC;3630868;2025-03-15 21:39
MARC\22_LEAD_MAGNET_EBOOK\LA LOCA EN TU CABEZA\MOCK UP - GENERADOR DE BEST SELLERS 3 (1).pdf;MOCK UP - GENERADOR DE BEST SELLERS 3 (1).pdf;.pdf;documento;MARC;3630917;2025-03-15 21:38
MARC\22_LEAD_MAGNET_EBOOK\LA LOCA EN TU CABEZA\MOCK UP - GENERADOR DE BEST SELLERS 3.pdf;MOCK UP - GENERADOR DE BEST SELLERS 3.pdf;.pdf;documento;MARC;3630917;2025-03-15 21:37
MARC\22_LEAD_MAGNET_EBOOK\LA LOCA EN TU CABEZA\PORTADA EBOOK - GENERADOR DE BEST SELLERS 3 (1) (1).pdf;PORTADA EBOOK - GENERADOR DE BEST SELLERS 3 (1) (1).pdf;.pdf;documento;MARC;9944011;2025-03-15 21:39
MARC\22_LEAD_MAGNET_EBOOK\LA LOCA EN TU CABEZA\PORTADA EBOOK - GENERADOR DE BEST SELLERS 3 (1).pdf;PORTADA EBOOK - GENERADOR DE BEST SELLERS 3 (1).pdf;.pdf;documento;MARC;9944046;2025-03-15 21:38
MARC\22_LEAD_MAGNET_EBOOK\LA LOCA EN TU CABEZA\PORTADA EBOOK - GENERADOR DE BEST SELLERS 3.pdf;PORTADA EBOOK - GENERADOR DE BEST SELLERS 3.pdf;.pdf;documento;MARC;9944046;2025-03-15 21:37
MARC\22_LEAD_MAGNET_EBOOK\LA LOCA EN TU CABEZA\PORTADA LIBRO FÍSICO - GERADOR DE BEST SELLERS 3 (1).pdf;PORTADA LIBRO FÍSICO - GERADOR DE BEST SELLERS 3 (1).pdf;.pdf;documento;MARC;2565947;2025-03-15 21:39
MARC\22_LEAD_MAGNET_EBOOK\LA LOCA EN TU CABEZA\PORTADA LIBRO FÍSICO - GERADOR DE BEST SELLERS 3.pdf;PORTADA LIBRO FÍSICO - GERADOR DE BEST SELLERS 3.pdf;.pdf;documento;MARC;2566260;2025-03-15 21:38
MARC\22_LEAD_MAGNET_EBOOK\LA LOCA EN TU CABEZA\✅ La Loca en Tu Cabeza - BORRADOR (Recuperado automáticamente).docx;✅ La Loca en Tu Cabeza - BORRADOR (Recuperado automáticamente).docx;.docx;documento;MARC;2483987;2026-08-02 02:23
MARC\22_LEAD_MAGNET_EBOOK\LA LOCA EN TU CABEZA\✅ La Loca en Tu Cabeza - BORRADOR.docx;✅ La Loca en Tu Cabeza - BORRADOR.docx;.docx;documento;MARC;2605332;2025-04-19 22:08
MARC\22_LEAD_MAGNET_EBOOK\LA LOCA EN TU CABEZA\✅ La Loca en Tu Cabeza.docx;✅ La Loca en Tu Cabeza.docx;.docx;documento;MARC;639456;2025-03-15 21:56
MARC\22_LEAD_MAGNET_EBOOK\LA LOCA EN TU CABEZA\✅ La Loca en Tu Cabeza.pdf;✅ La Loca en Tu Cabeza.pdf;.pdf;documento;MARC;571180;2025-03-13 00:24
MARC\22_LEAD_MAGNET_EBOOK\LA LOCA EN TU CABEZA\🇺🇸 The Madness in Your Head.docx;🇺🇸 The Madness in Your Head.docx;.docx;documento;MARC;638164;2025-03-15 21:39
MARC\22_LEAD_MAGNET_EBOOK\LA LOCA EN TU CABEZA\🇺🇸 The Madness in Your Head.pdf;🇺🇸 The Madness in Your Head.pdf;.pdf;documento;MARC;567757;2025-03-15 21:39
MARC\23_ESTRATEGIA_NEGOCIO\01_ANALISIS_IA\01_Despierta_Analisis_Estrategico_y_Mercado.pdf;01_Despierta_Analisis_Estrategico_y_Mercado.pdf;.pdf;documento;MARC;5203;2026-08-17 01:43
MARC\23_ESTRATEGIA_NEGOCIO\01_ANALISIS_IA\02_Despierta_Oferta_Precio_1497_y_Modelo_Rentable.pdf;02_Despierta_Oferta_Precio_1497_y_Modelo_Rentable.pdf;.pdf;documento;MARC;4279;2026-08-17 01:43
MARC\23_ESTRATEGIA_NEGOCIO\01_ANALISIS_IA\03_Despierta_App_IA_Marketing_y_Riesgos.pdf;03_Despierta_App_IA_Marketing_y_Riesgos.pdf;.pdf;documento;MARC;5595;2026-08-17 01:43
MARC\23_ESTRATEGIA_NEGOCIO\01_ANALISIS_IA\Analisis App GEMINI.pdf;Analisis App GEMINI.pdf;.pdf;documento;MARC;26057;2026-08-17 02:20
MARC\23_ESTRATEGIA_NEGOCIO\01_ANALISIS_IA\Informe_Estrategia_Gamificacion_Despierta.pdf;Informe_Estrategia_Gamificacion_Despierta.pdf;.pdf;documento;MARC;34148;2026-08-09 02:24
MARC\23_ESTRATEGIA_NEGOCIO\01_ANALISIS_IA\Informe_Setter_Virtual_IA_Despierta_v2.pdf;Informe_Setter_Virtual_IA_Despierta_v2.pdf;.pdf;documento;MARC;29410;2026-08-20 00:24
MARC\23_ESTRATEGIA_NEGOCIO\02_PUBLICIDAD_Y_PROMOCIONES\CURSO COMPLETO DE METAFÍSICA.docx;CURSO COMPLETO DE METAFÍSICA.docx;.docx;documento;MARC;18042;2025-04-02 22:44
MARC\23_ESTRATEGIA_NEGOCIO\02_PUBLICIDAD_Y_PROMOCIONES\PSICOTERAPIA RECONSTRUCTIVA.docx;PSICOTERAPIA RECONSTRUCTIVA.docx;.docx;documento;MARC;44977;2026-07-18 00:48
MARC\23_ESTRATEGIA_NEGOCIO\02_PUBLICIDAD_Y_PROMOCIONES\RESUMEN TALLER PAREJA.docx;RESUMEN TALLER PAREJA.docx;.docx;documento;MARC;23456;2025-02-28 18:20
MARC\23_ESTRATEGIA_NEGOCIO\02_PUBLICIDAD_Y_PROMOCIONES\SESIONES DE PSICOTERÁPIA INTEGRAL.docx;SESIONES DE PSICOTERÁPIA INTEGRAL.docx;.docx;documento;MARC;2552376;2026-08-20 01:05
MARC\23_ESTRATEGIA_NEGOCIO\02_PUBLICIDAD_Y_PROMOCIONES\TE GUSTARÍA SANAR TU ESTADO EMOCIONAL.docx;TE GUSTARÍA SANAR TU ESTADO EMOCIONAL.docx;.docx;documento;MARC;12889;2026-07-18 00:52
MARC\23_ESTRATEGIA_NEGOCIO\ESTRATEGIA_MARKETING_REDES_DESPIERTA.md;ESTRATEGIA_MARKETING_REDES_DESPIERTA.md;.md;documento;MARC;3862;2026-08-31 16:34
MARC\24_MEDIA\01_FOTOS\Imagen de WhatsApp 2025-05-08 a las 18.33.48_48c8bd61.jpg;Imagen de WhatsApp 2025-05-08 a las 18.33.48_48c8bd61.jpg;.jpg;imagen;MARC;72170;2025-05-09 17:53
MARC\24_MEDIA\01_FOTOS\Imagen de WhatsApp 2025-05-08 a las 18.33.48_ef43a9c9.jpg;Imagen de WhatsApp 2025-05-08 a las 18.33.48_ef43a9c9.jpg;.jpg;imagen;MARC;29087;2025-05-09 17:53
MARC\24_MEDIA\01_FOTOS\c.jpg;c.jpg;.jpg;imagen;MARC;125978;2025-03-25 18:27
MARC\24_MEDIA\01_FOTOS\foto 1.jpg;foto 1.jpg;.jpg;imagen;MARC;7205005;2025-03-25 18:07
MARC\24_MEDIA\01_FOTOS\foto 2.jpg;foto 2.jpg;.jpg;imagen;MARC;8151089;2025-03-25 18:15
MARC\24_MEDIA\01_FOTOS\foto 3.jpg;foto 3.jpg;.jpg;imagen;MARC;185452;2025-03-25 18:29
MARC\24_MEDIA\01_FOTOS\foto 4.jpg;foto 4.jpg;.jpg;imagen;MARC;14219236;2025-03-25 18:13
MARC\24_MEDIA\01_FOTOS\image (1)_edited.png;image (1)_edited.png;.png;imagen;MARC;177187;2026-06-14 17:50
MARC\24_MEDIA\01_FOTOS\image (2).png;image (2).png;.png;imagen;MARC;530561;2026-06-14 17:51
MARC\24_MEDIA\02_PODCAST_RECONECTA\Reconecta-t 1 Porque_algunos_SI_y_otros_NO_#1 (1).mp3;Reconecta-t 1 Porque_algunos_SI_y_otros_NO_#1 (1).mp3;.mp3;audio;MARC;35041768;2026-08-20 23:32
MARC\24_MEDIA\02_PODCAST_RECONECTA\Reconecta-t 2 Conocerse_part#3.mp3;Reconecta-t 2 Conocerse_part#3.mp3;.mp3;audio;MARC;46490714;2026-08-21 00:03
MARC\24_MEDIA\02_PODCAST_RECONECTA\Reconecta-t 3 De_que_depende_la_felicidad_#2.mp3;Reconecta-t 3 De_que_depende_la_felicidad_#2.mp3;.mp3;audio;MARC;35818127;2026-08-20 23:46
MARC\24_MEDIA\02_PODCAST_RECONECTA\Reconecta-t 4.mp3;Reconecta-t 4.mp3;.mp3;audio;MARC;42929702;2026-08-20 02:24
MARC\24_MEDIA\03_TALLER_EMPRENDIMIENTO\Emprendimiento desde el Ser - 1.mp4;Emprendimiento desde el Ser - 1.mp4;.mp4;video;MARC;331171560;2026-08-21 13:15
MARC\24_MEDIA\03_TALLER_EMPRENDIMIENTO\Emprendimiento desde el Ser - 2.mp4;Emprendimiento desde el Ser - 2.mp4;.mp4;video;MARC;471550776;2026-08-21 13:44
MARC\24_MEDIA\03_TALLER_EMPRENDIMIENTO\Emprendimiento desde el Ser - 3.mp4;Emprendimiento desde el Ser - 3.mp4;.mp4;video;MARC;484979451;2026-08-21 13:55
MARC\24_MEDIA\03_TALLER_EMPRENDIMIENTO\Emprendimiento desde el Ser - 4.mp4;Emprendimiento desde el Ser - 4.mp4;.mp4;video;MARC;357586677;2026-08-21 14:02
MARC\24_MEDIA\03_TALLER_EMPRENDIMIENTO\Video Con su salud.mp4;Video Con su salud.mp4;.mp4;video;MARC;90393725;2026-08-21 01:18
MARC\25_MARCA_PERSONAL\CV_Marc_Souza_Gil_v2.pdf;CV_Marc_Souza_Gil_v2.pdf;.pdf;documento;MARC;22145;2026-07-29 23:48
MARC\25_MARCA_PERSONAL\CV_Marc_Souza_Gil_v2.txt;CV_Marc_Souza_Gil_v2.txt;.txt;documento;MARC;39410;2026-09-05 10:42
MARC\25_MARCA_PERSONAL\CV_Marc_Souza_Gil_v2_miner.txt;CV_Marc_Souza_Gil_v2_miner.txt;.txt;documento;MARC;3437;2026-09-05 10:43
MARC\25_MARCA_PERSONAL\TITULACIÓN.docx;TITULACIÓN.docx;.docx;documento;MARC;15080;2024-08-06 19:00
MARC\25_MARCA_PERSONAL\TITULOS Y DIPLOMAS\CERTIFICADO BIO Fundamentos en Psicobiología Emocional - Marc Souza Gil.pdf;CERTIFICADO BIO Fundamentos en Psicobiología Emocional - Marc Souza Gil.pdf;.pdf;documento;MARC;525716;2016-09-10 15:27
MARC\25_MARCA_PERSONAL\TITULOS Y DIPLOMAS\DIPLOMA Centro Asociación Neopercepción.pdf;DIPLOMA Centro Asociación Neopercepción.pdf;.pdf;documento;MARC;2559839;2017-01-28 14:57
MARC\25_MARCA_PERSONAL\TITULOS Y DIPLOMAS\Diploma Psicoterapia Cognitiva Marc.pdf;Diploma Psicoterapia Cognitiva Marc.pdf;.pdf;documento;MARC;327461;2017-02-15 14:01
MARC\25_MARCA_PERSONAL\TITULOS Y DIPLOMAS\Diploma firmado Marc.pdf;Diploma firmado Marc.pdf;.pdf;documento;MARC;407740;2018-03-05 21:29
MARC\25_MARCA_PERSONAL\TITULOS Y DIPLOMAS\Master Psi. Transp. Marc Souza.pdf;Master Psi. Transp. Marc Souza.pdf;.pdf;documento;MARC;742184;2016-12-28 14:28
MARC\25_MARCA_PERSONAL\TITULOS Y DIPLOMAS\Master Tecnicas-y-herramientas-de-crecimiento-personal.pdf;Master Tecnicas-y-herramientas-de-crecimiento-personal.pdf;.pdf;documento;MARC;579700;2017-09-13 01:06
MARC\26_CLON_MARC\HISTORIAS\2026-08-31\CAPTION_marc.txt;CAPTION_marc.txt;.txt;documento;MARC;205;2026-08-31 16:36
MARC\26_CLON_MARC\HISTORIAS\2026-08-31\HISTORIA_9x16_marc.jpg;HISTORIA_9x16_marc.jpg;.jpg;imagen;MARC;153843;2026-08-31 16:36
MARC\26_CLON_MARC\INFORME_CLON_HERRAMIENTAS.md;INFORME_CLON_HERRAMIENTAS.md;.md;documento;MARC;5113;2026-09-01 06:36
MARC\26_CLON_MARC\PROTOCOLO_CLON_MARC.md;PROTOCOLO_CLON_MARC.md;.md;documento;MARC;3023;2026-08-31 16:36
MARC\26_CLON_MARC\_gen_historia_diaria.py;_gen_historia_diaria.py;.py;codigo;MARC;4374;2026-08-31 16:36
MARC\27_BRAND_KIT\MANUAL_DE_MARCA.md;MANUAL_DE_MARCA.md;.md;documento;MARC;3876;2026-09-01 06:36
MARC\27_BRAND_KIT\PLANTILLAS\CARRUSEL_1_portada_ejemplo.jpg;CARRUSEL_1_portada_ejemplo.jpg;.jpg;imagen;MARC;66031;2026-09-01 06:35
MARC\27_BRAND_KIT\PLANTILLAS\POST_1_portada_ejemplo.jpg;POST_1_portada_ejemplo.jpg;.jpg;imagen;MARC;76489;2026-09-01 06:35
MARC\27_BRAND_KIT\PLANTILLAS\QUOTE_1_ejemplo.jpg;QUOTE_1_ejemplo.jpg;.jpg;imagen;MARC;44709;2026-09-01 06:35
MARC\27_BRAND_KIT\PLANTILLAS\STORY_1_ejemplo.jpg;STORY_1_ejemplo.jpg;.jpg;imagen;MARC;69332;2026-09-01 06:35
MARC\27_BRAND_KIT\favicon.png;favicon.png;.png;imagen;MARC;607;2026-09-01 06:33
MARC\27_BRAND_KIT\logo_dark_192.png;logo_dark_192.png;.png;imagen;MARC;1841;2026-09-01 06:33
MARC\27_BRAND_KIT\logo_dark_512.png;logo_dark_512.png;.png;imagen;MARC;5479;2026-09-01 06:33
MARC\27_BRAND_KIT\logo_dark_64.png;logo_dark_64.png;.png;imagen;MARC;607;2026-09-01 06:33
MARC\27_BRAND_KIT\logo_light_192.png;logo_light_192.png;.png;imagen;MARC;1832;2026-09-01 06:33
MARC\27_BRAND_KIT\logo_light_512.png;logo_light_512.png;.png;imagen;MARC;5433;2026-09-01 06:33
MARC\27_BRAND_KIT\logo_light_64.png;logo_light_64.png;.png;imagen;MARC;604;2026-09-01 06:33
MARC\27_RELOJ_MANILLA\PROYECTO_MANILLA_DESPIERTA.md;PROYECTO_MANILLA_DESPIERTA.md;.md;documento;MARC;3123;2026-08-31 16:37
MARC\28_PRESENTACION\Presentacion_Marc_Drive_2026-09-05.pptx;Presentacion_Marc_Drive_2026-09-05.pptx;.pptx;documento;MARC;8857434;2026-09-05 00:48
MARC\AGENTS.md;AGENTS.md;.md;documento;MARC;2560;2026-08-16 03:58
MARC\APP_DESPIERTA.zip;APP_DESPIERTA.zip;.zip;paquete;MARC;584996;2026-09-04 22:32
MARC\APP_DESPIERTA\assets\icon-192.png;icon-192.png;.png;imagen;MARC;2202;2026-08-25 15:28
MARC\APP_DESPIERTA\assets\icon-512.png;icon-512.png;.png;imagen;MARC;6209;2026-08-25 15:28
MARC\APP_DESPIERTA\audios\calma_marc.mp3;calma_marc.mp3;.mp3;audio;MARC;539839;2026-08-31 16:17
MARC\APP_DESPIERTA\audios\fuerte_marc.mp3;fuerte_marc.mp3;.mp3;audio;MARC;290631;2026-08-31 16:17
MARC\APP_DESPIERTA\index.html;index.html;.html;codigo;MARC;26229;2026-09-04 22:29
MARC\APP_DESPIERTA\index.html.bak_20260904_v1;index.html.bak_20260904_v1;.bak_20260904_v1;backup;MARC;25940;2026-08-31 16:16
MARC\APP_DESPIERTA\manifest.webmanifest;manifest.webmanifest;.webmanifest;codigo;MARC;562;2026-08-25 15:29
MARC\APP_DESPIERTA\sw.js;sw.js;.js;codigo;MARC;807;2026-09-04 22:28
MARC\APP_DESPIERTA\sw.js.bak_20260904_v1;sw.js.bak_20260904_v1;.bak_20260904_v1;backup;MARC;703;2026-08-27 07:01
MARC\APP_DESPIERTA\watch\index.html;index.html;.html;codigo;MARC;2871;2026-08-31 16:17
MARC\COLA_VERIFICADA_2026-09-04.md;COLA_VERIFICADA_2026-09-04.md;.md;documento;MARC;1868;2026-09-04 22:14
MARC\CONTENIDO\01_IDEAS\BANCO_IDEAS.md;BANCO_IDEAS.md;.md;documento;MARC;3636;2026-08-25 14:56
MARC\CONTENIDO\02_EN_PRODUCCION\C-004_CARRUSEL_7_COSAS_MENTE.md;C-004_CARRUSEL_7_COSAS_MENTE.md;.md;documento;MARC;1817;2026-08-19 15:52
MARC\CONTENIDO\02_EN_PRODUCCION\C-005_POST_NO_MOTIVACION.md;C-005_POST_NO_MOTIVACION.md;.md;documento;MARC;1069;2026-08-19 15:55
MARC\CONTENIDO\02_EN_PRODUCCION\C-006_CARRUSEL_PILOTO_AUTOMATICO.md;C-006_CARRUSEL_PILOTO_AUTOMATICO.md;.md;documento;MARC;1592;2026-08-23 02:10
MARC\CONTENIDO\02_EN_PRODUCCION\C-007_POST_SER_REALISTA.md;C-007_POST_SER_REALISTA.md;.md;documento;MARC;1181;2026-08-23 02:10
MARC\CONTENIDO\02_EN_PRODUCCION\C-008_CARRUSEL_CIRCUNSTANCIAS.md;C-008_CARRUSEL_CIRCUNSTANCIAS.md;.md;documento;MARC;1608;2026-08-23 02:10
MARC\CONTENIDO\02_EN_PRODUCCION\C-009_POST_MISMA_MENTE.md;C-009_POST_MISMA_MENTE.md;.md;documento;MARC;1252;2026-08-23 02:11
MARC\CONTENIDO\02_EN_PRODUCCION\C-010_CARRUSEL_NO_ERES_LA_CHARLA.md;C-010_CARRUSEL_NO_ERES_LA_CHARLA.md;.md;documento;MARC;1875;2026-08-27 06:58
MARC\CONTENIDO\02_EN_PRODUCCION\C-011_POST_TUS_MIEDOS.md;C-011_POST_TUS_MIEDOS.md;.md;documento;MARC;1334;2026-08-27 06:58
MARC\CONTENIDO\02_EN_PRODUCCION\C-012_POST_REPROGRAMAR_MENTE.md;C-012_POST_REPROGRAMAR_MENTE.md;.md;documento;MARC;1446;2026-08-27 06:58
MARC\CONTENIDO\02_EN_PRODUCCION\C-013_CARRUSEL_TE_ATREVES.md;C-013_CARRUSEL_TE_ATREVES.md;.md;documento;MARC;1841;2026-08-27 06:58
MARC\CONTENIDO\02_EN_PRODUCCION\C-014_CARRUSEL_METODO_4_MESES.md;C-014_CARRUSEL_METODO_4_MESES.md;.md;documento;MARC;2554;2026-08-27 06:58
MARC\CONTENIDO\02_EN_PRODUCCION\C-015_POST_ANSIEDAD.md;C-015_POST_ANSIEDAD.md;.md;documento;MARC;1996;2026-08-27 06:58
MARC\CONTENIDO\02_EN_PRODUCCION\C-016_TESTIMONIOS_REELS.md;C-016_TESTIMONIOS_REELS.md;.md;documento;MARC;2625;2026-08-28 21:39
MARC\CONTENIDO\02_EN_PRODUCCION\C-017_POST_LANZAMIENTO_SEPTIEMBRE.md;C-017_POST_LANZAMIENTO_SEPTIEMBRE.md;.md;documento;MARC;1873;2026-08-31 13:26
MARC\CONTENIDO\02_EN_PRODUCCION\R-001_REEL_PILOTO_AUTOMATICO.md;R-001_REEL_PILOTO_AUTOMATICO.md;.md;documento;MARC;1457;2026-08-19 06:08
MARC\CONTENIDO\02_EN_PRODUCCION\R-002_REEL_MOTIVACION_VS_TRANSFORMACION.md;R-002_REEL_MOTIVACION_VS_TRANSFORMACION.md;.md;documento;MARC;1909;2026-08-23 02:11
MARC\CONTENIDO\02_EN_PRODUCCION\R-003_REEL_4_MESES_DESPIERTA.md;R-003_REEL_4_MESES_DESPIERTA.md;.md;documento;MARC;2142;2026-08-23 02:29
MARC\CONTENIDO\03_PARA_APROBAR\C-001_CARRUSEL_NO_ERES_LA_CHARLA.md;C-001_CARRUSEL_NO_ERES_LA_CHARLA.md;.md;documento;MARC;1982;2026-09-04 22:29
MARC\CONTENIDO\03_PARA_APROBAR\C-002_POST_TUS_MIEDOS.md;C-002_POST_TUS_MIEDOS.md;.md;documento;MARC;1090;2026-09-04 22:29
MARC\CONTENIDO\03_PARA_APROBAR\C-003_POST_TE_ATREVES.md;C-003_POST_TE_ATREVES.md;.md;documento;MARC;1059;2026-09-04 22:30
MARC\CONTENIDO\03_PARA_APROBAR\LEEME_APROBACION_LOTE1.md;LEEME_APROBACION_LOTE1.md;.md;documento;MARC;1761;2026-08-19 06:17
MARC\CONTENIDO\06_STORIES\STORIES_SEMANA1.md;STORIES_SEMANA1.md;.md;documento;MARC;1646;2026-08-19 06:05
MARC\CONTENIDO\06_STORIES\STORIES_SEMANA2.md;STORIES_SEMANA2.md;.md;documento;MARC;1849;2026-08-23 02:29
MARC\CONTENIDO\06_STORIES\STORIES_SEMANA3.md;STORIES_SEMANA3.md;.md;documento;MARC;2199;2026-08-25 14:55
MARC\CONTENIDO\07_PLANTILLAS\ESTRATEGIA_HASHTAGS.md;ESTRATEGIA_HASHTAGS.md;.md;documento;MARC;1911;2026-08-19 15:50
MARC\CONTENIDO\07_PLANTILLAS\GUION_VENTAS_DM_DESPIERTA.md;GUION_VENTAS_DM_DESPIERTA.md;.md;documento;MARC;3531;2026-08-19 06:51
MARC\CONTENIDO\07_PLANTILLAS\PLANTILLA_CARRUSEL.md;PLANTILLA_CARRUSEL.md;.md;documento;MARC;1575;2026-08-19 05:56
MARC\CONTENIDO\07_PLANTILLAS\PLANTILLA_CTA_DESPIERTA.md;PLANTILLA_CTA_DESPIERTA.md;.md;documento;MARC;1156;2026-08-19 05:54
MARC\CONTENIDO\README.md;README.md;.md;documento;MARC;1569;2026-08-19 05:53
MARC\Chat de WhatsApp con MARC (ÚLTIMO EL MÁS RECIENTE)\Chat de WhatsApp con Marc Souza Gil\5.0 IE6 - Contrato de prestación de servicios y garantía de resultados.pdf;5.0 IE6 - Contrato de prestación de servicios y garantía de resultados.pdf;.pdf;documento;MARC;132692;2026-08-18 05:59
MARC\Chat de WhatsApp con MARC (ÚLTIMO EL MÁS RECIENTE)\Chat de WhatsApp con Marc Souza Gil\Analisis App GEMINI.pdf;Analisis App GEMINI.pdf;.pdf;documento;MARC;26057;2026-08-18 05:59
MARC\Chat de WhatsApp con MARC (ÚLTIMO EL MÁS RECIENTE)\Chat de WhatsApp con Marc Souza Gil\CVREDES.pdf;CVREDES.pdf;.pdf;documento;MARC;437762;2026-08-18 05:59
MARC\Chat de WhatsApp con MARC (ÚLTIMO EL MÁS RECIENTE)\Chat de WhatsApp con Marc Souza Gil\Chat de WhatsApp con Marc Souza Gil.txt;Chat de WhatsApp con Marc Souza Gil.txt;.txt;documento;MARC;91164;2026-08-18 05:59
MARC\Chat de WhatsApp con MARC (ÚLTIMO EL MÁS RECIENTE)\Chat de WhatsApp con Marc Souza Gil\DOC-20260812-WA0062.docx;DOC-20260812-WA0062.docx;.docx;documento;MARC;53716;2026-08-18 05:59
MARC\Chat de WhatsApp con MARC (ÚLTIMO EL MÁS RECIENTE)\Chat de WhatsApp con Marc Souza Gil\DOC-20260812-WA0125.docx;DOC-20260812-WA0125.docx;.docx;documento;MARC;50565;2026-08-18 05:59
MARC\Chat de WhatsApp con MARC (ÚLTIMO EL MÁS RECIENTE)\Chat de WhatsApp con Marc Souza Gil\Doc1_Informe_Sesion_Marc_04-05-26.pdf;Doc1_Informe_Sesion_Marc_04-05-26.pdf;.pdf;documento;MARC;98182;2026-08-18 05:59
MARC\Chat de WhatsApp con MARC (ÚLTIMO EL MÁS RECIENTE)\Chat de WhatsApp con Marc Souza Gil\Doc2_Plan_Operativo_Marc_04-05-26.pdf;Doc2_Plan_Operativo_Marc_04-05-26.pdf;.pdf;documento;MARC;188291;2026-08-18 05:59
MARC\Chat de WhatsApp con MARC (ÚLTIMO EL MÁS RECIENTE)\Chat de WhatsApp con Marc Souza Gil\Doc3_Contexto_Escala_Marc.pdf;Doc3_Contexto_Escala_Marc.pdf;.pdf;documento;MARC;135130;2026-08-18 05:59
MARC\Chat de WhatsApp con MARC (ÚLTIMO EL MÁS RECIENTE)\Chat de WhatsApp con Marc Souza Gil\IMG-20260724-WA0190.jpg;IMG-20260724-WA0190.jpg;.jpg;imagen;MARC;138693;2026-08-18 05:59
MARC\Chat de WhatsApp con MARC (ÚLTIMO EL MÁS RECIENTE)\Chat de WhatsApp con Marc Souza Gil\IMG-20260805-WA0001.jpg;IMG-20260805-WA0001.jpg;.jpg;imagen;MARC;155058;2026-08-18 05:59
MARC\Chat de WhatsApp con MARC (ÚLTIMO EL MÁS RECIENTE)\Chat de WhatsApp con Marc Souza Gil\IMG-20260812-WA0122.jpg;IMG-20260812-WA0122.jpg;.jpg;imagen;MARC;52790;2026-08-18 05:59
MARC\Chat de WhatsApp con MARC (ÚLTIMO EL MÁS RECIENTE)\Chat de WhatsApp con Marc Souza Gil\IMG-20260814-WA0011.jpg;IMG-20260814-WA0011.jpg;.jpg;imagen;MARC;218490;2026-08-18 05:59
MARC\Chat de WhatsApp con MARC (ÚLTIMO EL MÁS RECIENTE)\Chat de WhatsApp con Marc Souza Gil\IMG-20260814-WA0012.jpg;IMG-20260814-WA0012.jpg;.jpg;imagen;MARC;142173;2026-08-18 05:59
MARC\Chat de WhatsApp con MARC (ÚLTIMO EL MÁS RECIENTE)\Chat de WhatsApp con Marc Souza Gil\IMG-20260814-WA0013.jpg;IMG-20260814-WA0013.jpg;.jpg;imagen;MARC;383104;2026-08-18 05:59
MARC\Chat de WhatsApp con MARC (ÚLTIMO EL MÁS RECIENTE)\Chat de WhatsApp con Marc Souza Gil\IMG-20260814-WA0014.jpg;IMG-20260814-WA0014.jpg;.jpg;imagen;MARC;213646;2026-08-18 05:59
MARC\Chat de WhatsApp con MARC (ÚLTIMO EL MÁS RECIENTE)\Chat de WhatsApp con Marc Souza Gil\IMG-20260814-WA0015.jpg;IMG-20260814-WA0015.jpg;.jpg;imagen;MARC;127083;2026-08-18 05:59
MARC\Chat de WhatsApp con MARC (ÚLTIMO EL MÁS RECIENTE)\Chat de WhatsApp con Marc Souza Gil\IMG-20260814-WA0016.jpg;IMG-20260814-WA0016.jpg;.jpg;imagen;MARC;198677;2026-08-18 05:59
MARC\Chat de WhatsApp con MARC (ÚLTIMO EL MÁS RECIENTE)\Chat de WhatsApp con Marc Souza Gil\IMG-20260814-WA0070.jpg;IMG-20260814-WA0070.jpg;.jpg;imagen;MARC;181480;2026-08-18 05:59
MARC\Chat de WhatsApp con MARC (ÚLTIMO EL MÁS RECIENTE)\Chat de WhatsApp con Marc Souza Gil\IMG-20260814-WA0071.jpg;IMG-20260814-WA0071.jpg;.jpg;imagen;MARC;128935;2026-08-18 05:59
MARC\Chat de WhatsApp con MARC (ÚLTIMO EL MÁS RECIENTE)\Chat de WhatsApp con Marc Souza Gil\IMG-20260814-WA0072.jpg;IMG-20260814-WA0072.jpg;.jpg;imagen;MARC;70989;2026-08-18 05:59
MARC\Chat de WhatsApp con MARC (ÚLTIMO EL MÁS RECIENTE)\Chat de WhatsApp con Marc Souza Gil\IMG-20260814-WA0073.jpg;IMG-20260814-WA0073.jpg;.jpg;imagen;MARC;60656;2026-08-18 05:59
MARC\Chat de WhatsApp con MARC (ÚLTIMO EL MÁS RECIENTE)\Chat de WhatsApp con Marc Souza Gil\IMG-20260817-WA0009.jpg;IMG-20260817-WA0009.jpg;.jpg;imagen;MARC;292419;2026-08-18 05:59
MARC\Chat de WhatsApp con MARC (ÚLTIMO EL MÁS RECIENTE)\Chat de WhatsApp con Marc Souza Gil\IMG-20260817-WA0016.jpg;IMG-20260817-WA0016.jpg;.jpg;imagen;MARC;69820;2026-08-18 05:59
MARC\Chat de WhatsApp con MARC (ÚLTIMO EL MÁS RECIENTE)\Chat de WhatsApp con Marc Souza Gil\INFORME - IMPODERATE.pdf;INFORME - IMPODERATE.pdf;.pdf;documento;MARC;1182466;2026-08-18 05:59
MARC\Chat de WhatsApp con MARC (ÚLTIMO EL MÁS RECIENTE)\Chat de WhatsApp con Marc Souza Gil\Info básic para Sebastian.docx;Info básic para Sebastian.docx;.docx;documento;MARC;15108;2026-08-18 05:59
MARC\Chat de WhatsApp con MARC (ÚLTIMO EL MÁS RECIENTE)\Chat de WhatsApp con Marc Souza Gil\Oferta_Colaboracion_Sebastian.xlsx;Oferta_Colaboracion_Sebastian.xlsx;.xlsx;documento;MARC;15543;2026-08-18 05:59
MARC\Chat de WhatsApp con MARC (ÚLTIMO EL MÁS RECIENTE)\Chat de WhatsApp con Marc Souza Gil\PTT-20260804-WA0123.opus;PTT-20260804-WA0123.opus;.opus;audio;MARC;134559;2026-08-18 05:59
MARC\Chat de WhatsApp con MARC (ÚLTIMO EL MÁS RECIENTE)\Chat de WhatsApp con Marc Souza Gil\PTT-20260804-WA0124.opus;PTT-20260804-WA0124.opus;.opus;audio;MARC;371761;2026-08-18 05:59
MARC\Chat de WhatsApp con MARC (ÚLTIMO EL MÁS RECIENTE)\Chat de WhatsApp con Marc Souza Gil\PTT-20260804-WA0125.opus;PTT-20260804-WA0125.opus;.opus;audio;MARC;946276;2026-08-18 05:59
MARC\Chat de WhatsApp con MARC (ÚLTIMO EL MÁS RECIENTE)\Chat de WhatsApp con Marc Souza Gil\PTT-20260804-WA0126.opus;PTT-20260804-WA0126.opus;.opus;audio;MARC;283897;2026-08-18 05:59
MARC\Chat de WhatsApp con MARC (ÚLTIMO EL MÁS RECIENTE)\Chat de WhatsApp con Marc Souza Gil\PTT-20260804-WA0133.opus;PTT-20260804-WA0133.opus;.opus;audio;MARC;398655;2026-08-18 05:59
MARC\Chat de WhatsApp con MARC (ÚLTIMO EL MÁS RECIENTE)\Chat de WhatsApp con Marc Souza Gil\PTT-20260805-WA0005.opus;PTT-20260805-WA0005.opus;.opus;audio;MARC;335631;2026-08-18 05:59
MARC\Chat de WhatsApp con MARC (ÚLTIMO EL MÁS RECIENTE)\Chat de WhatsApp con Marc Souza Gil\PTT-20260807-WA0000.opus;PTT-20260807-WA0000.opus;.opus;audio;MARC;265969;2026-08-18 05:59
MARC\Chat de WhatsApp con MARC (ÚLTIMO EL MÁS RECIENTE)\Chat de WhatsApp con Marc Souza Gil\PTT-20260807-WA0004.opus;PTT-20260807-WA0004.opus;.opus;audio;MARC;248418;2026-08-18 05:59
MARC\Chat de WhatsApp con MARC (ÚLTIMO EL MÁS RECIENTE)\Chat de WhatsApp con Marc Souza Gil\PTT-20260807-WA0081.opus;PTT-20260807-WA0081.opus;.opus;audio;MARC;96585;2026-08-18 05:59
MARC\Chat de WhatsApp con MARC (ÚLTIMO EL MÁS RECIENTE)\Chat de WhatsApp con Marc Souza Gil\PTT-20260810-WA0060.opus;PTT-20260810-WA0060.opus;.opus;audio;MARC;12250;2026-08-18 05:59
MARC\Chat de WhatsApp con MARC (ÚLTIMO EL MÁS RECIENTE)\Chat de WhatsApp con Marc Souza Gil\PTT-20260810-WA0081.opus;PTT-20260810-WA0081.opus;.opus;audio;MARC;159143;2026-08-18 05:59
MARC\Chat de WhatsApp con MARC (ÚLTIMO EL MÁS RECIENTE)\Chat de WhatsApp con Marc Souza Gil\PTT-20260810-WA0082.opus;PTT-20260810-WA0082.opus;.opus;audio;MARC;15724;2026-08-18 05:59
MARC\Chat de WhatsApp con MARC (ÚLTIMO EL MÁS RECIENTE)\Chat de WhatsApp con Marc Souza Gil\PTT-20260810-WA0083.opus;PTT-20260810-WA0083.opus;.opus;audio;MARC;29228;2026-08-18 05:59
MARC\Chat de WhatsApp con MARC (ÚLTIMO EL MÁS RECIENTE)\Chat de WhatsApp con Marc Souza Gil\PTT-20260814-WA0077.opus;PTT-20260814-WA0077.opus;.opus;audio;MARC;55035;2026-08-18 05:59
MARC\Chat de WhatsApp con MARC (ÚLTIMO EL MÁS RECIENTE)\Chat de WhatsApp con Marc Souza Gil\PTT-20260814-WA0111.opus;PTT-20260814-WA0111.opus;.opus;audio;MARC;120219;2026-08-18 05:59
MARC\Chat de WhatsApp con MARC (ÚLTIMO EL MÁS RECIENTE)\Chat de WhatsApp con Marc Souza Gil\PTT-20260814-WA0112.opus;PTT-20260814-WA0112.opus;.opus;audio;MARC;46869;2026-08-18 05:59
MARC\Chat de WhatsApp con MARC (ÚLTIMO EL MÁS RECIENTE)\Chat de WhatsApp con Marc Souza Gil\PTT-20260814-WA0114.opus;PTT-20260814-WA0114.opus;.opus;audio;MARC;38878;2026-08-18 05:59
MARC\Chat de WhatsApp con MARC (ÚLTIMO EL MÁS RECIENTE)\Chat de WhatsApp con Marc Souza Gil\PTT-20260814-WA0115.opus;PTT-20260814-WA0115.opus;.opus;audio;MARC;19681;2026-08-18 05:59
MARC\Chat de WhatsApp con MARC (ÚLTIMO EL MÁS RECIENTE)\Chat de WhatsApp con Marc Souza Gil\PTT-20260814-WA0116.opus;PTT-20260814-WA0116.opus;.opus;audio;MARC;53077;2026-08-18 05:59
MARC\Chat de WhatsApp con MARC (ÚLTIMO EL MÁS RECIENTE)\Chat de WhatsApp con Marc Souza Gil\PTT-20260814-WA0137.opus;PTT-20260814-WA0137.opus;.opus;audio;MARC;121948;2026-08-18 05:59
MARC\Chat de WhatsApp con MARC (ÚLTIMO EL MÁS RECIENTE)\Chat de WhatsApp con Marc Souza Gil\PTT-20260814-WA0170.opus;PTT-20260814-WA0170.opus;.opus;audio;MARC;102168;2026-08-18 05:59
MARC\Chat de WhatsApp con MARC (ÚLTIMO EL MÁS RECIENTE)\Chat de WhatsApp con Marc Souza Gil\PTT-20260814-WA0184.opus;PTT-20260814-WA0184.opus;.opus;audio;MARC;69718;2026-08-18 05:59
MARC\Chat de WhatsApp con MARC (ÚLTIMO EL MÁS RECIENTE)\Chat de WhatsApp con Marc Souza Gil\PTT-20260814-WA0188.opus;PTT-20260814-WA0188.opus;.opus;audio;MARC;4801;2026-08-18 05:59
MARC\Chat de WhatsApp con MARC (ÚLTIMO EL MÁS RECIENTE)\Chat de WhatsApp con Marc Souza Gil\PTT-20260815-WA0071.opus;PTT-20260815-WA0071.opus;.opus;audio;MARC;36154;2026-08-18 05:59
MARC\Chat de WhatsApp con MARC (ÚLTIMO EL MÁS RECIENTE)\Chat de WhatsApp con Marc Souza Gil\PTT-20260815-WA0073.opus;PTT-20260815-WA0073.opus;.opus;audio;MARC;23604;2026-08-18 05:59
MARC\Chat de WhatsApp con MARC (ÚLTIMO EL MÁS RECIENTE)\Chat de WhatsApp con Marc Souza Gil\PTT-20260815-WA0074.opus;PTT-20260815-WA0074.opus;.opus;audio;MARC;39581;2026-08-18 05:59
MARC\Chat de WhatsApp con MARC (ÚLTIMO EL MÁS RECIENTE)\Chat de WhatsApp con Marc Souza Gil\PTT-20260815-WA0077.opus;PTT-20260815-WA0077.opus;.opus;audio;MARC;21167;2026-08-18 05:59
MARC\Chat de WhatsApp con MARC (ÚLTIMO EL MÁS RECIENTE)\Chat de WhatsApp con Marc Souza Gil\PTT-20260817-WA0006.opus;PTT-20260817-WA0006.opus;.opus;audio;MARC;4509;2026-08-18 05:59
MARC\Chat de WhatsApp con MARC (ÚLTIMO EL MÁS RECIENTE)\Chat de WhatsApp con Marc Souza Gil\PTT-20260817-WA0010.opus;PTT-20260817-WA0010.opus;.opus;audio;MARC;234351;2026-08-18 05:59
MARC\Chat de WhatsApp con MARC (ÚLTIMO EL MÁS RECIENTE)\Chat de WhatsApp con Marc Souza Gil\PTT-20260817-WA0011.opus;PTT-20260817-WA0011.opus;.opus;audio;MARC;380153;2026-08-18 05:59
MARC\Chat de WhatsApp con MARC (ÚLTIMO EL MÁS RECIENTE)\Chat de WhatsApp con Marc Souza Gil\PTT-20260817-WA0012.opus;PTT-20260817-WA0012.opus;.opus;audio;MARC;426394;2026-08-18 05:59
MARC\Chat de WhatsApp con MARC (ÚLTIMO EL MÁS RECIENTE)\Chat de WhatsApp con Marc Souza Gil\PTT-20260817-WA0013.opus;PTT-20260817-WA0013.opus;.opus;audio;MARC;140429;2026-08-18 05:59
MARC\Chat de WhatsApp con MARC (ÚLTIMO EL MÁS RECIENTE)\Chat de WhatsApp con Marc Souza Gil\PTT-20260817-WA0014.opus;PTT-20260817-WA0014.opus;.opus;audio;MARC;202742;2026-08-18 05:59
MARC\Chat de WhatsApp con MARC (ÚLTIMO EL MÁS RECIENTE)\Chat de WhatsApp con Marc Souza Gil\PTT-20260817-WA0015.opus;PTT-20260817-WA0015.opus;.opus;audio;MARC;112509;2026-08-18 05:59
MARC\Chat de WhatsApp con MARC (ÚLTIMO EL MÁS RECIENTE)\Chat de WhatsApp con Marc Souza Gil\PTT-20260817-WA0017.opus;PTT-20260817-WA0017.opus;.opus;audio;MARC;98702;2026-08-18 05:59
MARC\Chat de WhatsApp con MARC (ÚLTIMO EL MÁS RECIENTE)\Chat de WhatsApp con Marc Souza Gil\PTT-20260817-WA0018.opus;PTT-20260817-WA0018.opus;.opus;audio;MARC;560727;2026-08-18 05:59
MARC\Chat de WhatsApp con MARC (ÚLTIMO EL MÁS RECIENTE)\Chat de WhatsApp con Marc Souza Gil\PTT-20260817-WA0019.opus;PTT-20260817-WA0019.opus;.opus;audio;MARC;35068;2026-08-18 05:59
MARC\Chat de WhatsApp con MARC (ÚLTIMO EL MÁS RECIENTE)\Chat de WhatsApp con Marc Souza Gil\PTT-20260817-WA0020.opus;PTT-20260817-WA0020.opus;.opus;audio;MARC;29882;2026-08-18 05:59
MARC\Chat de WhatsApp con MARC (ÚLTIMO EL MÁS RECIENTE)\Chat de WhatsApp con Marc Souza Gil\PTT-20260817-WA0021.opus;PTT-20260817-WA0021.opus;.opus;audio;MARC;249039;2026-08-18 05:59
MARC\Chat de WhatsApp con MARC (ÚLTIMO EL MÁS RECIENTE)\Chat de WhatsApp con Marc Souza Gil\PTT-20260817-WA0022.opus;PTT-20260817-WA0022.opus;.opus;audio;MARC;370907;2026-08-18 05:59
MARC\Chat de WhatsApp con MARC (ÚLTIMO EL MÁS RECIENTE)\Chat de WhatsApp con Marc Souza Gil\PTT-20260817-WA0023.opus;PTT-20260817-WA0023.opus;.opus;audio;MARC;232312;2026-08-18 05:59
MARC\Chat de WhatsApp con MARC (ÚLTIMO EL MÁS RECIENTE)\Chat de WhatsApp con Marc Souza Gil\PTT-20260817-WA0024.opus;PTT-20260817-WA0024.opus;.opus;audio;MARC;144740;2026-08-18 05:59
MARC\Chat de WhatsApp con MARC (ÚLTIMO EL MÁS RECIENTE)\Chat de WhatsApp con Marc Souza Gil\transcripts_20260817\PTT-20260817-WA0006.txt;PTT-20260817-WA0006.txt;.txt;documento;MARC;19;2026-08-18 10:30
MARC\Chat de WhatsApp con MARC (ÚLTIMO EL MÁS RECIENTE)\Chat de WhatsApp con Marc Souza Gil\transcripts_20260817\PTT-20260817-WA0010.txt;PTT-20260817-WA0010.txt;.txt;documento;MARC;1187;2026-08-18 10:32
MARC\Chat de WhatsApp con MARC (ÚLTIMO EL MÁS RECIENTE)\Chat de WhatsApp con Marc Souza Gil\transcripts_20260817\PTT-20260817-WA0011.txt;PTT-20260817-WA0011.txt;.txt;documento;MARC;1863;2026-08-18 10:34
MARC\Chat de WhatsApp con MARC (ÚLTIMO EL MÁS RECIENTE)\Chat de WhatsApp con Marc Souza Gil\transcripts_20260817\PTT-20260817-WA0012.txt;PTT-20260817-WA0012.txt;.txt;documento;MARC;2324;2026-08-18 10:38
MARC\Chat de WhatsApp con MARC (ÚLTIMO EL MÁS RECIENTE)\Chat de WhatsApp con Marc Souza Gil\transcripts_20260817\PTT-20260817-WA0013.txt;PTT-20260817-WA0013.txt;.txt;documento;MARC;828;2026-08-18 10:39
MARC\Chat de WhatsApp con MARC (ÚLTIMO EL MÁS RECIENTE)\Chat de WhatsApp con Marc Souza Gil\transcripts_20260817\PTT-20260817-WA0014.txt;PTT-20260817-WA0014.txt;.txt;documento;MARC;1003;2026-08-18 10:40
MARC\Chat de WhatsApp con MARC (ÚLTIMO EL MÁS RECIENTE)\Chat de WhatsApp con Marc Souza Gil\transcripts_20260817\PTT-20260817-WA0015.txt;PTT-20260817-WA0015.txt;.txt;documento;MARC;653;2026-08-18 10:41
MARC\Chat de WhatsApp con MARC (ÚLTIMO EL MÁS RECIENTE)\Chat de WhatsApp con Marc Souza Gil\transcripts_20260817\PTT-20260817-WA0017.txt;PTT-20260817-WA0017.txt;.txt;documento;MARC;579;2026-08-18 10:42
MARC\Chat de WhatsApp con MARC (ÚLTIMO EL MÁS RECIENTE)\Chat de WhatsApp con Marc Souza Gil\transcripts_20260817\PTT-20260817-WA0018.txt;PTT-20260817-WA0018.txt;.txt;documento;MARC;2774;2026-08-18 10:46
MARC\Chat de WhatsApp con MARC (ÚLTIMO EL MÁS RECIENTE)\Chat de WhatsApp con Marc Souza Gil\transcripts_20260817\PTT-20260817-WA0019.txt;PTT-20260817-WA0019.txt;.txt;documento;MARC;196;2026-08-18 10:46
MARC\Chat de WhatsApp con MARC (ÚLTIMO EL MÁS RECIENTE)\Chat de WhatsApp con Marc Souza Gil\transcripts_20260817\PTT-20260817-WA0020.txt;PTT-20260817-WA0020.txt;.txt;documento;MARC;171;2026-08-18 10:46
MARC\Chat de WhatsApp con MARC (ÚLTIMO EL MÁS RECIENTE)\Chat de WhatsApp con Marc Souza Gil\transcripts_20260817\PTT-20260817-WA0021.txt;PTT-20260817-WA0021.txt;.txt;documento;MARC;1405;2026-08-18 10:48
MARC\Chat de WhatsApp con MARC (ÚLTIMO EL MÁS RECIENTE)\Chat de WhatsApp con Marc Souza Gil\transcripts_20260817\PTT-20260817-WA0022.txt;PTT-20260817-WA0022.txt;.txt;documento;MARC;2035;2026-08-18 10:51
MARC\Chat de WhatsApp con MARC (ÚLTIMO EL MÁS RECIENTE)\Chat de WhatsApp con Marc Souza Gil\transcripts_20260817\PTT-20260817-WA0023.txt;PTT-20260817-WA0023.txt;.txt;documento;MARC;1156;2026-08-18 10:52
MARC\Chat de WhatsApp con MARC (ÚLTIMO EL MÁS RECIENTE)\Chat de WhatsApp con Marc Souza Gil\transcripts_20260817\PTT-20260817-WA0024.txt;PTT-20260817-WA0024.txt;.txt;documento;MARC;766;2026-08-18 10:54
MARC\Chat de WhatsApp con MARC\5.0 IE6 - Contrato de prestación de servicios y garantía de resultados.pdf;5.0 IE6 - Contrato de prestación de servicios y garantía de resultados.pdf;.pdf;documento;MARC;132692;2026-08-15 18:12
MARC\Chat de WhatsApp con MARC\CVREDES.pdf;CVREDES.pdf;.pdf;documento;MARC;437762;2026-08-15 18:12
MARC\Chat de WhatsApp con MARC\CVREDES.txt;CVREDES.txt;.txt;documento;MARC;696537;2026-09-05 10:42
MARC\Chat de WhatsApp con MARC\CVREDES_miner.txt;CVREDES_miner.txt;.txt;documento;MARC;9793;2026-09-05 10:43
MARC\Chat de WhatsApp con MARC\Chat de WhatsApp con MARC.txt;Chat de WhatsApp con MARC.txt;.txt;documento;MARC;76799;2026-08-15 18:12
MARC\Chat de WhatsApp con MARC\DOC-20260812-WA0062.docx;DOC-20260812-WA0062.docx;.docx;documento;MARC;53716;2026-08-15 18:12
MARC\Chat de WhatsApp con MARC\DOC-20260812-WA0125.docx;DOC-20260812-WA0125.docx;.docx;documento;MARC;50565;2026-08-15 18:12
MARC\Chat de WhatsApp con MARC\Doc1_Informe_Sesion_Marc_04-05-26.pdf;Doc1_Informe_Sesion_Marc_04-05-26.pdf;.pdf;documento;MARC;98182;2026-08-15 18:12
MARC\Chat de WhatsApp con MARC\Doc2_Plan_Operativo_Marc_04-05-26.pdf;Doc2_Plan_Operativo_Marc_04-05-26.pdf;.pdf;documento;MARC;188291;2026-08-15 18:12
MARC\Chat de WhatsApp con MARC\Doc3_Contexto_Escala_Marc.pdf;Doc3_Contexto_Escala_Marc.pdf;.pdf;documento;MARC;135130;2026-08-15 18:12
MARC\Chat de WhatsApp con MARC\IMG-20260724-WA0190.jpg;IMG-20260724-WA0190.jpg;.jpg;imagen;MARC;138693;2026-08-15 18:12
MARC\Chat de WhatsApp con MARC\IMG-20260805-WA0001.jpg;IMG-20260805-WA0001.jpg;.jpg;imagen;MARC;155058;2026-08-15 18:12
MARC\Chat de WhatsApp con MARC\IMG-20260812-WA0122.jpg;IMG-20260812-WA0122.jpg;.jpg;imagen;MARC;52790;2026-08-15 18:12
MARC\Chat de WhatsApp con MARC\IMG-20260814-WA0011.jpg;IMG-20260814-WA0011.jpg;.jpg;imagen;MARC;218490;2026-08-15 18:12
MARC\Chat de WhatsApp con MARC\IMG-20260814-WA0012.jpg;IMG-20260814-WA0012.jpg;.jpg;imagen;MARC;142173;2026-08-15 18:12
MARC\Chat de WhatsApp con MARC\IMG-20260814-WA0013.jpg;IMG-20260814-WA0013.jpg;.jpg;imagen;MARC;383104;2026-08-15 18:12
MARC\Chat de WhatsApp con MARC\IMG-20260814-WA0014.jpg;IMG-20260814-WA0014.jpg;.jpg;imagen;MARC;213646;2026-08-15 18:12
MARC\Chat de WhatsApp con MARC\IMG-20260814-WA0015.jpg;IMG-20260814-WA0015.jpg;.jpg;imagen;MARC;127083;2026-08-15 18:12
MARC\Chat de WhatsApp con MARC\IMG-20260814-WA0016.jpg;IMG-20260814-WA0016.jpg;.jpg;imagen;MARC;198677;2026-08-15 18:12
MARC\Chat de WhatsApp con MARC\IMG-20260814-WA0070.jpg;IMG-20260814-WA0070.jpg;.jpg;imagen;MARC;181480;2026-08-15 18:12
MARC\Chat de WhatsApp con MARC\IMG-20260814-WA0071.jpg;IMG-20260814-WA0071.jpg;.jpg;imagen;MARC;128935;2026-08-15 18:12
MARC\Chat de WhatsApp con MARC\IMG-20260814-WA0072.jpg;IMG-20260814-WA0072.jpg;.jpg;imagen;MARC;70989;2026-08-15 18:12
MARC\Chat de WhatsApp con MARC\IMG-20260814-WA0073.jpg;IMG-20260814-WA0073.jpg;.jpg;imagen;MARC;60656;2026-08-15 18:12
MARC\Chat de WhatsApp con MARC\INFORME - IMPODERATE.pdf;INFORME - IMPODERATE.pdf;.pdf;documento;MARC;1182466;2026-08-15 18:12
MARC\Chat de WhatsApp con MARC\Info básic para Sebastian.docx;Info básic para Sebastian.docx;.docx;documento;MARC;15108;2026-08-15 18:12
MARC\Chat de WhatsApp con MARC\Oferta_Colaboracion_Sebastian.xlsx;Oferta_Colaboracion_Sebastian.xlsx;.xlsx;documento;MARC;15543;2026-08-15 18:12
MARC\Chat de WhatsApp con MARC\PTT-20260804-WA0123.opus;PTT-20260804-WA0123.opus;.opus;audio;MARC;134559;2026-08-15 18:12
MARC\Chat de WhatsApp con MARC\PTT-20260804-WA0124.opus;PTT-20260804-WA0124.opus;.opus;audio;MARC;371761;2026-08-15 18:12
MARC\Chat de WhatsApp con MARC\PTT-20260804-WA0125.opus;PTT-20260804-WA0125.opus;.opus;audio;MARC;946276;2026-08-15 18:12
MARC\Chat de WhatsApp con MARC\PTT-20260804-WA0126.opus;PTT-20260804-WA0126.opus;.opus;audio;MARC;283897;2026-08-15 18:12
MARC\Chat de WhatsApp con MARC\PTT-20260804-WA0133.opus;PTT-20260804-WA0133.opus;.opus;audio;MARC;398655;2026-08-15 18:12
MARC\Chat de WhatsApp con MARC\PTT-20260805-WA0005.opus;PTT-20260805-WA0005.opus;.opus;audio;MARC;335631;2026-08-15 18:12
MARC\Chat de WhatsApp con MARC\PTT-20260807-WA0000.opus;PTT-20260807-WA0000.opus;.opus;audio;MARC;265969;2026-08-15 18:12
MARC\Chat de WhatsApp con MARC\PTT-20260807-WA0004.opus;PTT-20260807-WA0004.opus;.opus;audio;MARC;248418;2026-08-15 18:12
MARC\Chat de WhatsApp con MARC\PTT-20260807-WA0081.opus;PTT-20260807-WA0081.opus;.opus;audio;MARC;96585;2026-08-15 18:12
MARC\Chat de WhatsApp con MARC\PTT-20260810-WA0060.opus;PTT-20260810-WA0060.opus;.opus;audio;MARC;12250;2026-08-15 18:12
MARC\Chat de WhatsApp con MARC\PTT-20260810-WA0081.opus;PTT-20260810-WA0081.opus;.opus;audio;MARC;159143;2026-08-15 18:12
MARC\Chat de WhatsApp con MARC\PTT-20260810-WA0082.opus;PTT-20260810-WA0082.opus;.opus;audio;MARC;15724;2026-08-15 18:12
MARC\Chat de WhatsApp con MARC\PTT-20260810-WA0083.opus;PTT-20260810-WA0083.opus;.opus;audio;MARC;29228;2026-08-15 18:12
MARC\Chat de WhatsApp con MARC\PTT-20260814-WA0077.opus;PTT-20260814-WA0077.opus;.opus;audio;MARC;55035;2026-08-15 18:12
MARC\Chat de WhatsApp con MARC\PTT-20260814-WA0111.opus;PTT-20260814-WA0111.opus;.opus;audio;MARC;120219;2026-08-15 18:12
MARC\Chat de WhatsApp con MARC\PTT-20260814-WA0112.opus;PTT-20260814-WA0112.opus;.opus;audio;MARC;46869;2026-08-15 18:12
MARC\Chat de WhatsApp con MARC\PTT-20260814-WA0114.opus;PTT-20260814-WA0114.opus;.opus;audio;MARC;38878;2026-08-15 18:12
MARC\Chat de WhatsApp con MARC\PTT-20260814-WA0115.opus;PTT-20260814-WA0115.opus;.opus;audio;MARC;19681;2026-08-15 18:12
MARC\Chat de WhatsApp con MARC\PTT-20260814-WA0116.opus;PTT-20260814-WA0116.opus;.opus;audio;MARC;53077;2026-08-15 18:12
MARC\Chat de WhatsApp con MARC\PTT-20260814-WA0137.opus;PTT-20260814-WA0137.opus;.opus;audio;MARC;121948;2026-08-15 18:12
MARC\Chat de WhatsApp con MARC\PTT-20260814-WA0170.opus;PTT-20260814-WA0170.opus;.opus;audio;MARC;102168;2026-08-15 18:12
MARC\Chat de WhatsApp con MARC\PTT-20260814-WA0184.opus;PTT-20260814-WA0184.opus;.opus;audio;MARC;69718;2026-08-15 18:12
MARC\Chat de WhatsApp con MARC\PTT-20260814-WA0188.opus;PTT-20260814-WA0188.opus;.opus;audio;MARC;4801;2026-08-15 18:12
MARC\Chat de WhatsApp con MARC\PTT-20260815-WA0071.opus;PTT-20260815-WA0071.opus;.opus;audio;MARC;36154;2026-08-15 18:12
MARC\Chat de WhatsApp con MARC\PTT-20260815-WA0073.opus;PTT-20260815-WA0073.opus;.opus;audio;MARC;23604;2026-08-15 18:12
MARC\Chat de WhatsApp con MARC\PTT-20260815-WA0074.opus;PTT-20260815-WA0074.opus;.opus;audio;MARC;39581;2026-08-15 18:12
MARC\Chat de WhatsApp con MARC\PTT-20260815-WA0077.opus;PTT-20260815-WA0077.opus;.opus;audio;MARC;21167;2026-08-15 18:12
MARC\Chat de WhatsApp con MARC\transcribe_instructions.txt;transcribe_instructions.txt;.txt;documento;MARC;2240;2026-08-16 04:26
MARC\Chat de WhatsApp con MARC\transcripts\PTT-20260804-WA0123.json;PTT-20260804-WA0123.json;.json;codigo;MARC;3669;2026-08-16 04:32
MARC\Chat de WhatsApp con MARC\transcripts\PTT-20260804-WA0123.srt;PTT-20260804-WA0123.srt;.srt;otro;MARC;903;2026-08-16 04:32
MARC\Chat de WhatsApp con MARC\transcripts\PTT-20260804-WA0123.tsv;PTT-20260804-WA0123.tsv;.tsv;otro;MARC;819;2026-08-16 04:32
MARC\Chat de WhatsApp con MARC\transcripts\PTT-20260804-WA0123.txt;PTT-20260804-WA0123.txt;.txt;documento;MARC;759;2026-08-16 04:32
MARC\Chat de WhatsApp con MARC\transcripts\PTT-20260804-WA0123.vtt;PTT-20260804-WA0123.vtt;.vtt;otro;MARC;877;2026-08-16 04:32
MARC\Chat de WhatsApp con MARC\transcripts\PTT-20260804-WA0124.json;PTT-20260804-WA0124.json;.json;codigo;MARC;12218;2026-08-16 04:35
MARC\Chat de WhatsApp con MARC\transcripts\PTT-20260804-WA0124.srt;PTT-20260804-WA0124.srt;.srt;otro;MARC;2897;2026-08-16 04:35
MARC\Chat de WhatsApp con MARC\transcripts\PTT-20260804-WA0124.tsv;PTT-20260804-WA0124.tsv;.tsv;otro;MARC;2383;2026-08-16 04:35
MARC\Chat de WhatsApp con MARC\transcripts\PTT-20260804-WA0124.txt;PTT-20260804-WA0124.txt;.txt;documento;MARC;2092;2026-08-16 04:35
MARC\Chat de WhatsApp con MARC\transcripts\PTT-20260804-WA0124.vtt;PTT-20260804-WA0124.vtt;.vtt;otro;MARC;2696;2026-08-16 04:35
MARC\Chat de WhatsApp con MARC\transcripts\PTT-20260804-WA0125.json;PTT-20260804-WA0125.json;.json;codigo;MARC;28416;2026-08-16 04:41
MARC\Chat de WhatsApp con MARC\transcripts\PTT-20260804-WA0125.srt;PTT-20260804-WA0125.srt;.srt;otro;MARC;6570;2026-08-16 04:41
MARC\Chat de WhatsApp con MARC\transcripts\PTT-20260804-WA0125.tsv;PTT-20260804-WA0125.tsv;.tsv;otro;MARC;5439;2026-08-16 04:41
MARC\Chat de WhatsApp con MARC\transcripts\PTT-20260804-WA0125.txt;PTT-20260804-WA0125.txt;.txt;documento;MARC;4766;2026-08-16 04:41
MARC\Chat de WhatsApp con MARC\transcripts\PTT-20260804-WA0125.vtt;PTT-20260804-WA0125.vtt;.vtt;otro;MARC;6099;2026-08-16 04:41
MARC\Chat de WhatsApp con MARC\transcripts\PTT-20260804-WA0126.json;PTT-20260804-WA0126.json;.json;codigo;MARC;8572;2026-08-16 04:43
MARC\Chat de WhatsApp con MARC\transcripts\PTT-20260804-WA0126.srt;PTT-20260804-WA0126.srt;.srt;otro;MARC;1995;2026-08-16 04:43
MARC\Chat de WhatsApp con MARC\transcripts\PTT-20260804-WA0126.tsv;PTT-20260804-WA0126.tsv;.tsv;otro;MARC;1617;2026-08-16 04:43
MARC\Chat de WhatsApp con MARC\transcripts\PTT-20260804-WA0126.txt;PTT-20260804-WA0126.txt;.txt;documento;MARC;1412;2026-08-16 04:43
MARC\Chat de WhatsApp con MARC\transcripts\PTT-20260804-WA0126.vtt;PTT-20260804-WA0126.vtt;.vtt;otro;MARC;1854;2026-08-16 04:43
MARC\Chat de WhatsApp con MARC\transcripts\PTT-20260804-WA0133.json;PTT-20260804-WA0133.json;.json;codigo;MARC;17060;2026-08-16 04:46
MARC\Chat de WhatsApp con MARC\transcripts\PTT-20260804-WA0133.srt;PTT-20260804-WA0133.srt;.srt;otro;MARC;3892;2026-08-16 04:46
MARC\Chat de WhatsApp con MARC\transcripts\PTT-20260804-WA0133.tsv;PTT-20260804-WA0133.tsv;.tsv;otro;MARC;3161;2026-08-16 04:46
MARC\Chat de WhatsApp con MARC\transcripts\PTT-20260804-WA0133.txt;PTT-20260804-WA0133.txt;.txt;documento;MARC;2754;2026-08-16 04:46
MARC\Chat de WhatsApp con MARC\transcripts\PTT-20260804-WA0133.vtt;PTT-20260804-WA0133.vtt;.vtt;otro;MARC;3601;2026-08-16 04:46
MARC\Chat de WhatsApp con MARC\transcripts\PTT-20260805-WA0005.json;PTT-20260805-WA0005.json;.json;codigo;MARC;7201;2026-08-16 04:48
MARC\Chat de WhatsApp con MARC\transcripts\PTT-20260805-WA0005.srt;PTT-20260805-WA0005.srt;.srt;otro;MARC;1884;2026-08-16 04:48
MARC\Chat de WhatsApp con MARC\transcripts\PTT-20260805-WA0005.tsv;PTT-20260805-WA0005.tsv;.tsv;otro;MARC;1757;2026-08-16 04:48
MARC\Chat de WhatsApp con MARC\transcripts\PTT-20260805-WA0005.txt;PTT-20260805-WA0005.txt;.txt;documento;MARC;1668;2026-08-16 04:48
MARC\Chat de WhatsApp con MARC\transcripts\PTT-20260805-WA0005.vtt;PTT-20260805-WA0005.vtt;.vtt;otro;MARC;1840;2026-08-16 04:48
MARC\Chat de WhatsApp con MARC\transcripts\PTT-20260807-WA0000.json;PTT-20260807-WA0000.json;.json;codigo;MARC;9405;2026-08-16 04:50
MARC\Chat de WhatsApp con MARC\transcripts\PTT-20260807-WA0000.srt;PTT-20260807-WA0000.srt;.srt;otro;MARC;2072;2026-08-16 04:50
MARC\Chat de WhatsApp con MARC\transcripts\PTT-20260807-WA0000.tsv;PTT-20260807-WA0000.tsv;.tsv;otro;MARC;1571;2026-08-16 04:50
MARC\Chat de WhatsApp con MARC\transcripts\PTT-20260807-WA0000.txt;PTT-20260807-WA0000.txt;.txt;documento;MARC;1304;2026-08-16 04:50
MARC\Chat de WhatsApp con MARC\transcripts\PTT-20260807-WA0000.vtt;PTT-20260807-WA0000.vtt;.vtt;otro;MARC;1881;2026-08-16 04:50
MARC\Chat de WhatsApp con MARC\transcripts\PTT-20260807-WA0004.json;PTT-20260807-WA0004.json;.json;codigo;MARC;7450;2026-08-16 04:51
MARC\Chat de WhatsApp con MARC\transcripts\PTT-20260807-WA0004.srt;PTT-20260807-WA0004.srt;.srt;otro;MARC;1689;2026-08-16 04:51
MARC\Chat de WhatsApp con MARC\transcripts\PTT-20260807-WA0004.tsv;PTT-20260807-WA0004.tsv;.tsv;otro;MARC;1384;2026-08-16 04:51
MARC\Chat de WhatsApp con MARC\transcripts\PTT-20260807-WA0004.txt;PTT-20260807-WA0004.txt;.txt;documento;MARC;1217;2026-08-16 04:51
MARC\Chat de WhatsApp con MARC\transcripts\PTT-20260807-WA0004.vtt;PTT-20260807-WA0004.vtt;.vtt;otro;MARC;1578;2026-08-16 04:51
MARC\Chat de WhatsApp con MARC\transcripts\PTT-20260807-WA0081.json;PTT-20260807-WA0081.json;.json;codigo;MARC;3468;2026-08-16 04:52
MARC\Chat de WhatsApp con MARC\transcripts\PTT-20260807-WA0081.srt;PTT-20260807-WA0081.srt;.srt;otro;MARC;787;2026-08-16 04:52
MARC\Chat de WhatsApp con MARC\transcripts\PTT-20260807-WA0081.tsv;PTT-20260807-WA0081.tsv;.tsv;otro;MARC;653;2026-08-16 04:52
MARC\Chat de WhatsApp con MARC\transcripts\PTT-20260807-WA0081.txt;PTT-20260807-WA0081.txt;.txt;documento;MARC;571;2026-08-16 04:52
MARC\Chat de WhatsApp con MARC\transcripts\PTT-20260807-WA0081.vtt;PTT-20260807-WA0081.vtt;.vtt;otro;MARC;743;2026-08-16 04:52
MARC\Chat de WhatsApp con MARC\transcripts\PTT-20260810-WA0060.json;PTT-20260810-WA0060.json;.json;codigo;MARC;1027;2026-08-16 04:52
MARC\Chat de WhatsApp con MARC\transcripts\PTT-20260810-WA0060.srt;PTT-20260810-WA0060.srt;.srt;otro;MARC;183;2026-08-16 04:52
MARC\Chat de WhatsApp con MARC\transcripts\PTT-20260810-WA0060.tsv;PTT-20260810-WA0060.tsv;.tsv;otro;MARC;118;2026-08-16 04:52
MARC\Chat de WhatsApp con MARC\transcripts\PTT-20260810-WA0060.txt;PTT-20260810-WA0060.txt;.txt;documento;MARC;75;2026-08-16 04:52
MARC\Chat de WhatsApp con MARC\transcripts\PTT-20260810-WA0060.vtt;PTT-20260810-WA0060.vtt;.vtt;otro;MARC;166;2026-08-16 04:52
MARC\Chat de WhatsApp con MARC\transcripts\PTT-20260810-WA0081.json;PTT-20260810-WA0081.json;.json;codigo;MARC;6323;2026-08-16 04:55
MARC\Chat de WhatsApp con MARC\transcripts\PTT-20260810-WA0081.srt;PTT-20260810-WA0081.srt;.srt;otro;MARC;1452;2026-08-16 04:55
MARC\Chat de WhatsApp con MARC\transcripts\PTT-20260810-WA0081.tsv;PTT-20260810-WA0081.tsv;.tsv;otro;MARC;1196;2026-08-16 04:55
MARC\Chat de WhatsApp con MARC\transcripts\PTT-20260810-WA0081.txt;PTT-20260810-WA0081.txt;.txt;documento;MARC;1054;2026-08-16 04:55
MARC\Chat de WhatsApp con MARC\transcripts\PTT-20260810-WA0081.vtt;PTT-20260810-WA0081.vtt;.vtt;otro;MARC;1361;2026-08-16 04:55
MARC\Chat de WhatsApp con MARC\transcripts\PTT-20260810-WA0082.json;PTT-20260810-WA0082.json;.json;codigo;MARC;685;2026-08-16 04:55
MARC\Chat de WhatsApp con MARC\transcripts\PTT-20260810-WA0082.srt;PTT-20260810-WA0082.srt;.srt;otro;MARC;147;2026-08-16 04:55
MARC\Chat de WhatsApp con MARC\transcripts\PTT-20260810-WA0082.tsv;PTT-20260810-WA0082.tsv;.tsv;otro;MARC;134;2026-08-16 04:55
MARC\Chat de WhatsApp con MARC\transcripts\PTT-20260810-WA0082.txt;PTT-20260810-WA0082.txt;.txt;documento;MARC;111;2026-08-16 04:55
MARC\Chat de WhatsApp con MARC\transcripts\PTT-20260810-WA0082.vtt;PTT-20260810-WA0082.vtt;.vtt;otro;MARC;148;2026-08-16 04:55
MARC\Chat de WhatsApp con MARC\transcripts\PTT-20260810-WA0083.json;PTT-20260810-WA0083.json;.json;codigo;MARC;1368;2026-08-16 04:55
MARC\Chat de WhatsApp con MARC\transcripts\PTT-20260810-WA0083.srt;PTT-20260810-WA0083.srt;.srt;otro;MARC;294;2026-08-16 04:55
MARC\Chat de WhatsApp con MARC\transcripts\PTT-20260810-WA0083.tsv;PTT-20260810-WA0083.tsv;.tsv;otro;MARC;232;2026-08-16 04:55
MARC\Chat de WhatsApp con MARC\transcripts\PTT-20260810-WA0083.txt;PTT-20260810-WA0083.txt;.txt;documento;MARC;186;2026-08-16 04:55
MARC\Chat de WhatsApp con MARC\transcripts\PTT-20260810-WA0083.vtt;PTT-20260810-WA0083.vtt;.vtt;otro;MARC;277;2026-08-16 04:55
MARC\Chat de WhatsApp con MARC\transcripts\PTT-20260814-WA0077.json;PTT-20260814-WA0077.json;.json;codigo;MARC;1609;2026-08-16 04:56
MARC\Chat de WhatsApp con MARC\transcripts\PTT-20260814-WA0077.srt;PTT-20260814-WA0077.srt;.srt;otro;MARC;359;2026-08-16 04:56
MARC\Chat de WhatsApp con MARC\transcripts\PTT-20260814-WA0077.tsv;PTT-20260814-WA0077.tsv;.tsv;otro;MARC;297;2026-08-16 04:56
MARC\Chat de WhatsApp con MARC\transcripts\PTT-20260814-WA0077.txt;PTT-20260814-WA0077.txt;.txt;documento;MARC;251;2026-08-16 04:56
MARC\Chat de WhatsApp con MARC\transcripts\PTT-20260814-WA0077.vtt;PTT-20260814-WA0077.vtt;.vtt;otro;MARC;342;2026-08-16 04:56
MARC\Chat de WhatsApp con MARC\transcripts\PTT-20260814-WA0111.json;PTT-20260814-WA0111.json;.json;codigo;MARC;2934;2026-08-16 04:56
MARC\Chat de WhatsApp con MARC\transcripts\PTT-20260814-WA0111.srt;PTT-20260814-WA0111.srt;.srt;otro;MARC;665;2026-08-16 04:56
MARC\Chat de WhatsApp con MARC\transcripts\PTT-20260814-WA0111.tsv;PTT-20260814-WA0111.tsv;.tsv;otro;MARC;557;2026-08-16 04:56
MARC\Chat de WhatsApp con MARC\transcripts\PTT-20260814-WA0111.txt;PTT-20260814-WA0111.txt;.txt;documento;MARC;485;2026-08-16 04:56
MARC\Chat de WhatsApp con MARC\transcripts\PTT-20260814-WA0111.vtt;PTT-20260814-WA0111.vtt;.vtt;otro;MARC;630;2026-08-16 04:56
MARC\Chat de WhatsApp con MARC\transcripts\PTT-20260814-WA0112.json;PTT-20260814-WA0112.json;.json;codigo;MARC;1458;2026-08-16 04:57
MARC\Chat de WhatsApp con MARC\transcripts\PTT-20260814-WA0112.srt;PTT-20260814-WA0112.srt;.srt;otro;MARC;319;2026-08-16 04:57
MARC\Chat de WhatsApp con MARC\transcripts\PTT-20260814-WA0112.tsv;PTT-20260814-WA0112.tsv;.tsv;otro;MARC;259;2026-08-16 04:57
MARC\Chat de WhatsApp con MARC\transcripts\PTT-20260814-WA0112.txt;PTT-20260814-WA0112.txt;.txt;documento;MARC;211;2026-08-16 04:57
MARC\Chat de WhatsApp con MARC\transcripts\PTT-20260814-WA0112.vtt;PTT-20260814-WA0112.vtt;.vtt;otro;MARC;302;2026-08-16 04:57
MARC\Chat de WhatsApp con MARC\transcripts\PTT-20260814-WA0114.json;PTT-20260814-WA0114.json;.json;codigo;MARC;1337;2026-08-16 04:57
MARC\Chat de WhatsApp con MARC\transcripts\PTT-20260814-WA0114.srt;PTT-20260814-WA0114.srt;.srt;otro;MARC;314;2026-08-16 04:57
MARC\Chat de WhatsApp con MARC\transcripts\PTT-20260814-WA0114.tsv;PTT-20260814-WA0114.tsv;.tsv;otro;MARC;276;2026-08-16 04:57
MARC\Chat de WhatsApp con MARC\transcripts\PTT-20260814-WA0114.txt;PTT-20260814-WA0114.txt;.txt;documento;MARC;242;2026-08-16 04:57
MARC\Chat de WhatsApp con MARC\transcripts\PTT-20260814-WA0114.vtt;PTT-20260814-WA0114.vtt;.vtt;otro;MARC;306;2026-08-16 04:57
MARC\Chat de WhatsApp con MARC\transcripts\PTT-20260814-WA0115.json;PTT-20260814-WA0115.json;.json;codigo;MARC;1062;2026-08-16 04:58
MARC\Chat de WhatsApp con MARC\transcripts\PTT-20260814-WA0115.srt;PTT-20260814-WA0115.srt;.srt;otro;MARC;228;2026-08-16 04:58
MARC\Chat de WhatsApp con MARC\transcripts\PTT-20260814-WA0115.tsv;PTT-20260814-WA0115.tsv;.tsv;otro;MARC;189;2026-08-16 04:58
MARC\Chat de WhatsApp con MARC\transcripts\PTT-20260814-WA0115.txt;PTT-20260814-WA0115.txt;.txt;documento;MARC;156;2026-08-16 04:58
MARC\Chat de WhatsApp con MARC\transcripts\PTT-20260814-WA0115.vtt;PTT-20260814-WA0115.vtt;.vtt;otro;MARC;220;2026-08-16 04:58
MARC\Chat de WhatsApp con MARC\transcripts\PTT-20260814-WA0116.json;PTT-20260814-WA0116.json;.json;codigo;MARC;2827;2026-08-16 04:58
MARC\Chat de WhatsApp con MARC\transcripts\PTT-20260814-WA0116.srt;PTT-20260814-WA0116.srt;.srt;otro;MARC;635;2026-08-16 04:58
MARC\Chat de WhatsApp con MARC\transcripts\PTT-20260814-WA0116.tsv;PTT-20260814-WA0116.tsv;.tsv;otro;MARC;499;2026-08-16 04:58
MARC\Chat de WhatsApp con MARC\transcripts\PTT-20260814-WA0116.txt;PTT-20260814-WA0116.txt;.txt;documento;MARC;419;2026-08-16 04:58
MARC\Chat de WhatsApp con MARC\transcripts\PTT-20260814-WA0116.vtt;PTT-20260814-WA0116.vtt;.vtt;otro;MARC;591;2026-08-16 04:58
MARC\Chat de WhatsApp con MARC\transcripts\PTT-20260814-WA0137.json;PTT-20260814-WA0137.json;.json;codigo;MARC;3041;2026-08-16 04:59
MARC\Chat de WhatsApp con MARC\transcripts\PTT-20260814-WA0137.srt;PTT-20260814-WA0137.srt;.srt;otro;MARC;761;2026-08-16 04:59
MARC\Chat de WhatsApp con MARC\transcripts\PTT-20260814-WA0137.tsv;PTT-20260814-WA0137.tsv;.tsv;otro;MARC;701;2026-08-16 04:59
MARC\Chat de WhatsApp con MARC\transcripts\PTT-20260814-WA0137.txt;PTT-20260814-WA0137.txt;.txt;documento;MARC;653;2026-08-16 04:59
MARC\Chat de WhatsApp con MARC\transcripts\PTT-20260814-WA0137.vtt;PTT-20260814-WA0137.vtt;.vtt;otro;MARC;744;2026-08-16 04:59
MARC\Chat de WhatsApp con MARC\transcripts\PTT-20260814-WA0170.json;PTT-20260814-WA0170.json;.json;codigo;MARC;3947;2026-08-16 05:00
MARC\Chat de WhatsApp con MARC\transcripts\PTT-20260814-WA0170.srt;PTT-20260814-WA0170.srt;.srt;otro;MARC;873;2026-08-16 05:00
MARC\Chat de WhatsApp con MARC\transcripts\PTT-20260814-WA0170.tsv;PTT-20260814-WA0170.tsv;.tsv;otro;MARC;715;2026-08-16 05:00
MARC\Chat de WhatsApp con MARC\transcripts\PTT-20260814-WA0170.txt;PTT-20260814-WA0170.txt;.txt;documento;MARC;621;2026-08-16 05:00
MARC\Chat de WhatsApp con MARC\transcripts\PTT-20260814-WA0170.vtt;PTT-20260814-WA0170.vtt;.vtt;otro;MARC;820;2026-08-16 05:00
MARC\Chat de WhatsApp con MARC\transcripts\PTT-20260814-WA0184.json;PTT-20260814-WA0184.json;.json;codigo;MARC;2624;2026-08-16 05:00
MARC\Chat de WhatsApp con MARC\transcripts\PTT-20260814-WA0184.srt;PTT-20260814-WA0184.srt;.srt;otro;MARC;531;2026-08-16 05:00
MARC\Chat de WhatsApp con MARC\transcripts\PTT-20260814-WA0184.tsv;PTT-20260814-WA0184.tsv;.tsv;otro;MARC;371;2026-08-16 05:00
MARC\Chat de WhatsApp con MARC\transcripts\PTT-20260814-WA0184.txt;PTT-20260814-WA0184.txt;.txt;documento;MARC;279;2026-08-16 05:00
MARC\Chat de WhatsApp con MARC\transcripts\PTT-20260814-WA0184.vtt;PTT-20260814-WA0184.vtt;.vtt;otro;MARC;478;2026-08-16 05:00
MARC\Chat de WhatsApp con MARC\transcripts\PTT-20260814-WA0188.json;PTT-20260814-WA0188.json;.json;codigo;MARC;352;2026-08-16 05:00
MARC\Chat de WhatsApp con MARC\transcripts\PTT-20260814-WA0188.srt;PTT-20260814-WA0188.srt;.srt;otro;MARC;57;2026-08-16 05:00
MARC\Chat de WhatsApp con MARC\transcripts\PTT-20260814-WA0188.tsv;PTT-20260814-WA0188.tsv;.tsv;otro;MARC;44;2026-08-16 05:00
MARC\Chat de WhatsApp con MARC\transcripts\PTT-20260814-WA0188.txt;PTT-20260814-WA0188.txt;.txt;documento;MARC;21;2026-08-16 05:00
MARC\Chat de WhatsApp con MARC\transcripts\PTT-20260814-WA0188.vtt;PTT-20260814-WA0188.vtt;.vtt;otro;MARC;58;2026-08-16 05:00
MARC\Chat de WhatsApp con MARC\transcripts\PTT-20260815-WA0071.json;PTT-20260815-WA0071.json;.json;codigo;MARC;1139;2026-08-16 05:01
MARC\Chat de WhatsApp con MARC\transcripts\PTT-20260815-WA0071.srt;PTT-20260815-WA0071.srt;.srt;otro;MARC;255;2026-08-16 05:01
MARC\Chat de WhatsApp con MARC\transcripts\PTT-20260815-WA0071.tsv;PTT-20260815-WA0071.tsv;.tsv;otro;MARC;217;2026-08-16 05:01
MARC\Chat de WhatsApp con MARC\transcripts\PTT-20260815-WA0071.txt;PTT-20260815-WA0071.txt;.txt;documento;MARC;183;2026-08-16 05:01
MARC\Chat de WhatsApp con MARC\transcripts\PTT-20260815-WA0071.vtt;PTT-20260815-WA0071.vtt;.vtt;otro;MARC;247;2026-08-16 05:01
MARC\Chat de WhatsApp con MARC\transcripts\PTT-20260815-WA0073.json;PTT-20260815-WA0073.json;.json;codigo;MARC;784;2026-08-16 05:01
MARC\Chat de WhatsApp con MARC\transcripts\PTT-20260815-WA0073.srt;PTT-20260815-WA0073.srt;.srt;otro;MARC;178;2026-08-16 05:01
MARC\Chat de WhatsApp con MARC\transcripts\PTT-20260815-WA0073.tsv;PTT-20260815-WA0073.tsv;.tsv;otro;MARC;166;2026-08-16 05:01
MARC\Chat de WhatsApp con MARC\transcripts\PTT-20260815-WA0073.txt;PTT-20260815-WA0073.txt;.txt;documento;MARC;142;2026-08-16 05:01
MARC\Chat de WhatsApp con MARC\transcripts\PTT-20260815-WA0073.vtt;PTT-20260815-WA0073.vtt;.vtt;otro;MARC;179;2026-08-16 05:01
MARC\Chat de WhatsApp con MARC\transcripts\PTT-20260815-WA0074.json;PTT-20260815-WA0074.json;.json;codigo;MARC;1193;2026-08-16 05:01
MARC\Chat de WhatsApp con MARC\transcripts\PTT-20260815-WA0074.srt;PTT-20260815-WA0074.srt;.srt;otro;MARC;267;2026-08-16 05:01
MARC\Chat de WhatsApp con MARC\transcripts\PTT-20260815-WA0074.tsv;PTT-20260815-WA0074.tsv;.tsv;otro;MARC;229;2026-08-16 05:01
MARC\Chat de WhatsApp con MARC\transcripts\PTT-20260815-WA0074.txt;PTT-20260815-WA0074.txt;.txt;documento;MARC;195;2026-08-16 05:01
MARC\Chat de WhatsApp con MARC\transcripts\PTT-20260815-WA0074.vtt;PTT-20260815-WA0074.vtt;.vtt;otro;MARC;259;2026-08-16 05:01
MARC\Chat de WhatsApp con MARC\transcripts\PTT-20260815-WA0077.json;PTT-20260815-WA0077.json;.json;codigo;MARC;893;2026-08-16 05:02
MARC\Chat de WhatsApp con MARC\transcripts\PTT-20260815-WA0077.srt;PTT-20260815-WA0077.srt;.srt;otro;MARC;180;2026-08-16 05:02
MARC\Chat de WhatsApp con MARC\transcripts\PTT-20260815-WA0077.tsv;PTT-20260815-WA0077.tsv;.tsv;otro;MARC;142;2026-08-16 05:02
MARC\Chat de WhatsApp con MARC\transcripts\PTT-20260815-WA0077.txt;PTT-20260815-WA0077.txt;.txt;documento;MARC;108;2026-08-16 05:02
MARC\Chat de WhatsApp con MARC\transcripts\PTT-20260815-WA0077.vtt;PTT-20260815-WA0077.vtt;.vtt;otro;MARC;172;2026-08-16 05:02
MARC\Chat de WhatsApp con MARC\wav\PTT-20260804-WA0123.wav;PTT-20260804-WA0123.wav;.wav;audio;MARC;1828990;2026-08-16 04:25
MARC\Chat de WhatsApp con MARC\wav\PTT-20260804-WA0124.wav;PTT-20260804-WA0124.wav;.wav;audio;MARC;5016830;2026-08-16 04:25
MARC\Chat de WhatsApp con MARC\wav\PTT-20260804-WA0125.wav;PTT-20260804-WA0125.wav;.wav;audio;MARC;12776190;2026-08-16 04:25
MARC\Chat de WhatsApp con MARC\wav\PTT-20260804-WA0126.wav;PTT-20260804-WA0126.wav;.wav;audio;MARC;3828350;2026-08-16 04:25
MARC\Chat de WhatsApp con MARC\wav\PTT-20260804-WA0133.wav;PTT-20260804-WA0133.wav;.wav;audio;MARC;5375870;2026-08-16 04:25
MARC\Chat de WhatsApp con MARC\wav\PTT-20260805-WA0005.wav;PTT-20260805-WA0005.wav;.wav;audio;MARC;4515710;2026-08-16 04:25
MARC\Chat de WhatsApp con MARC\wav\PTT-20260807-WA0000.wav;PTT-20260807-WA0000.wav;.wav;audio;MARC;3613950;2026-08-16 04:25
MARC\Chat de WhatsApp con MARC\wav\PTT-20260807-WA0004.wav;PTT-20260807-WA0004.wav;.wav;audio;MARC;3356670;2026-08-16 04:25
MARC\Chat de WhatsApp con MARC\wav\PTT-20260807-WA0081.wav;PTT-20260807-WA0081.wav;.wav;audio;MARC;1329150;2026-08-16 04:25
MARC\Chat de WhatsApp con MARC\wav\PTT-20260810-WA0060.wav;PTT-20260810-WA0060.wav;.wav;audio;MARC;164350;2026-08-16 04:25
MARC\Chat de WhatsApp con MARC\wav\PTT-20260810-WA0081.wav;PTT-20260810-WA0081.wav;.wav;audio;MARC;2199550;2026-08-16 04:25
MARC\Chat de WhatsApp con MARC\wav\PTT-20260810-WA0082.wav;PTT-20260810-WA0082.wav;.wav;audio;MARC;229630;2026-08-16 04:25
MARC\Chat de WhatsApp con MARC\wav\PTT-20260810-WA0083.wav;PTT-20260810-WA0083.wav;.wav;audio;MARC;399230;2026-08-16 04:25
MARC\Chat de WhatsApp con MARC\wav\PTT-20260814-WA0077.wav;PTT-20260814-WA0077.wav;.wav;audio;MARC;758270;2026-08-16 04:25
MARC\Chat de WhatsApp con MARC\wav\PTT-20260814-WA0111.wav;PTT-20260814-WA0111.wav;.wav;audio;MARC;1877630;2026-08-16 04:25
MARC\Chat de WhatsApp con MARC\wav\PTT-20260814-WA0112.wav;PTT-20260814-WA0112.wav;.wav;audio;MARC;710270;2026-08-16 04:25
MARC\Chat de WhatsApp con MARC\wav\PTT-20260814-WA0114.wav;PTT-20260814-WA0114.wav;.wav;audio;MARC;528510;2026-08-16 04:25
MARC\Chat de WhatsApp con MARC\wav\PTT-20260814-WA0115.wav;PTT-20260814-WA0115.wav;.wav;audio;MARC;270590;2026-08-16 04:25
MARC\Chat de WhatsApp con MARC\wav\PTT-20260814-WA0116.wav;PTT-20260814-WA0116.wav;.wav;audio;MARC;717310;2026-08-16 04:25
MARC\Chat de WhatsApp con MARC\wav\PTT-20260814-WA0137.wav;PTT-20260814-WA0137.wav;.wav;audio;MARC;1661310;2026-08-16 04:25
MARC\Chat de WhatsApp con MARC\wav\PTT-20260814-WA0170.wav;PTT-20260814-WA0170.wav;.wav;audio;MARC;1406590;2026-08-16 04:25
MARC\Chat de WhatsApp con MARC\wav\PTT-20260814-WA0184.wav;PTT-20260814-WA0184.wav;.wav;audio;MARC;961150;2026-08-16 04:25
MARC\Chat de WhatsApp con MARC\wav\PTT-20260814-WA0188.wav;PTT-20260814-WA0188.wav;.wav;audio;MARC;72190;2026-08-16 04:25
MARC\Chat de WhatsApp con MARC\wav\PTT-20260815-WA0071.wav;PTT-20260815-WA0071.wav;.wav;audio;MARC;529790;2026-08-16 04:25
MARC\Chat de WhatsApp con MARC\wav\PTT-20260815-WA0073.wav;PTT-20260815-WA0073.wav;.wav;audio;MARC;324350;2026-08-16 04:25
MARC\Chat de WhatsApp con MARC\wav\PTT-20260815-WA0074.wav;PTT-20260815-WA0074.wav;.wav;audio;MARC;534910;2026-08-16 04:25
MARC\Chat de WhatsApp con MARC\wav\PTT-20260815-WA0077.wav;PTT-20260815-WA0077.wav;.wav;audio;MARC;289150;2026-08-16 04:25
MARC\HISTORIAS\2026-08-31\CAPTION_aurora.txt;CAPTION_aurora.txt;.txt;documento;MARC;215;2026-08-31 16:36
MARC\HISTORIAS\2026-08-31\HISTORIA_9x16_aurora.jpg;HISTORIA_9x16_aurora.jpg;.jpg;imagen;MARC;142067;2026-08-31 16:36
MARC\KIT_PUBLICACION_10MIN.md;KIT_PUBLICACION_10MIN.md;.md;documento;MARC;4125;2026-09-01 06:38
MARC\MARC_1_MINUTO.md;MARC_1_MINUTO.md;.md;documento;MARC;675;2026-08-15 18:48
MARC\MARC_DOCUMENTO_ALINEACION.md;MARC_DOCUMENTO_ALINEACION.md;.md;documento;MARC;1783;2026-08-15 18:48
MARC\MARC_REUNION_BRIEF.md;MARC_REUNION_BRIEF.md;.md;documento;MARC;4406;2026-08-15 18:48
MARC\PENDIENTE_SEBASTIAN.md;PENDIENTE_SEBASTIAN.md;.md;documento;MARC;5589;2026-08-25 14:58
MARC\TEST-TOKENROUTER.md;TEST-TOKENROUTER.md;.md;documento;MARC;1654;2026-08-16 03:15
MARC\TOKENROUTER-VSCODE-SETUP-REPORT.md;TOKENROUTER-VSCODE-SETUP-REPORT.md;.md;documento;MARC;4065;2026-08-16 03:12
MARC\WEB_DESPIERTA.zip;WEB_DESPIERTA.zip;.zip;paquete;MARC;539726;2026-09-04 22:32
MARC\WEB_DESPIERTA\La_Loca_en_Tu_Cabeza.pdf;La_Loca_en_Tu_Cabeza.pdf;.pdf;documento;MARC;571180;2026-09-01 06:39
MARC\WEB_DESPIERTA\_verificar_deploy.py;_verificar_deploy.py;.py;codigo;MARC;2988;2026-09-01 06:49
MARC\WEB_DESPIERTA\assets\QR_MARCSOUZA7.png;QR_MARCSOUZA7.png;.png;imagen;MARC;69196;2026-08-25 15:11
MARC\WEB_DESPIERTA\index.html;index.html;.html;codigo;MARC;24866;2026-09-04 22:27
MARC\WEB_DESPIERTA\index.html.bak_20260904_v1;index.html.bak_20260904_v1;.bak_20260904_v1;backup;MARC;21650;2026-09-01 06:44
MARC_Proyecto_Entrega_2026\00_INDEX\MANIFIESTO_WORKSPACE.md;MANIFIESTO_WORKSPACE.md;.md;documento;MARC_Proyecto_Entrega_2026;1701;2026-08-18 06:23
MARC_Proyecto_Entrega_2026\01_OFICIAL\OPERACION\Doc2_Plan_Operativo_Marc.md;Doc2_Plan_Operativo_Marc.md;.md;documento;MARC_Proyecto_Entrega_2026;12195;2026-08-18 06:23
MARC_Proyecto_Entrega_2026\02_CONTEXTO\NEGOCIO\Doc3_Contexto_Escala_Marc.md;Doc3_Contexto_Escala_Marc.md;.md;documento;MARC_Proyecto_Entrega_2026;7420;2026-08-18 06:23
MARC_Proyecto_Entrega_2026\04_AUDITORIAS\Doc1_Informe_Sesion_Marc.md;Doc1_Informe_Sesion_Marc.md;.md;documento;MARC_Proyecto_Entrega_2026;8516;2026-08-18 06:23
MARC_Proyecto_Entrega_2026\06_PROMPTS\ENTREGA_MENSAJE_1.md;ENTREGA_MENSAJE_1.md;.md;documento;MARC_Proyecto_Entrega_2026;516;2026-08-18 06:23
MARC_Proyecto_Entrega_2026\06_PROMPTS\ENTREGA_MENSAJE_2.md;ENTREGA_MENSAJE_2.md;.md;documento;MARC_Proyecto_Entrega_2026;506;2026-08-18 06:23
MARC_Proyecto_Entrega_2026\06_PROMPTS\ENTREGA_MENSAJE_3.md;ENTREGA_MENSAJE_3.md;.md;documento;MARC_Proyecto_Entrega_2026;446;2026-08-18 06:23
MARC_Proyecto_Entrega_2026\09_REFERENCIA\CV_SEBASTIAN.txt;CV_SEBASTIAN.txt;.txt;documento;MARC_Proyecto_Entrega_2026;2247;2026-08-18 06:23
MASTER_ACCESS.md;MASTER_ACCESS.md;.md;documento;RAIZ;188;2026-08-29 03:20
MASTER_ASSETS.md;MASTER_ASSETS.md;.md;documento;RAIZ;3739;2026-08-28 21:43
MASTER_CHANGELOG.md;MASTER_CHANGELOG.md;.md;documento;RAIZ;28850;2026-09-05 10:30
MASTER_CONTEXT.md;MASTER_CONTEXT.md;.md;documento;RAIZ;4594;2026-08-18 15:17
MASTER_DECISIONS.md;MASTER_DECISIONS.md;.md;documento;RAIZ;3120;2026-08-18 15:25
MASTER_KPIS.md;MASTER_KPIS.md;.md;documento;RAIZ;2026;2026-08-18 15:28
MASTER_ROADMAP.md;MASTER_ROADMAP.md;.md;documento;RAIZ;2150;2026-08-18 15:29
MASTER_STATUS.md;MASTER_STATUS.md;.md;documento;RAIZ;15317;2026-09-05 15:55
MASTER_TASKS.md;MASTER_TASKS.md;.md;documento;RAIZ;4618;2026-08-31 13:32
OPENCODE_SCAN_REPORT.md;OPENCODE_SCAN_REPORT.md;.md;documento;RAIZ;6071;2026-09-05 11:16
README.md;README.md;.md;documento;RAIZ;3446;2026-08-18 15:11
TAREAS_SEBASTIAN_HOY.md;TAREAS_SEBASTIAN_HOY.md;.md;documento;RAIZ;4026;2026-08-27 06:51
opencode.json;opencode.json;.json;codigo;RAIZ;2713;2026-09-05 16:21
opencode.json.bak;opencode.json.bak;.bak;backup;RAIZ;714;2026-09-05 15:26
